Organisme,Chromosome,Sequence,Busco_id,Start,End,Strand
GCA_965208005.1,Chr 9,OZ242395.1,774at6656,11602033.0,11578296.0,-
GCA_965208005.1,Chr 10,OZ242394.1,980at6656,34172648.0,34156646.0,-
GCA_965208005.1,Chr 8,OZ242388.1,997at6656,60350673.0,60342195.0,-
GCA_965208005.1,Chr 8,OZ242388.1,1166at6656,62039050.0,62017994.0,-
GCA_965208005.1,Chr 1,OZ242386.1,1885at6656,33836729.0,33806202.0,-
GCA_965208005.1,Chr 7,OZ242392.1,1990at6656,32015745.0,32033625.0,+
GCA_965208005.1,Chr 11,OZ242390.1,2148at6656,36916521.0,36905065.0,-
GCA_965208005.1,Chr 5,OZ242391.1,2456at6656,49226744.0,49219011.0,-
GCA_965208005.1,Chr 4,OZ242389.1,2473at6656,32745638.0,32759260.0,+
GCA_965208005.1,Chr 11,OZ242390.1,3310at6656,57123383.0,57274095.0,+
GCA_965208005.1,Chr 1,OZ242386.1,3585at6656,57295525.0,57340764.0,+
GCA_965208005.1,Chr 3,OZ242385.1,3644at6656,90735575.0,90729409.0,-
GCA_965208005.1,Chr 7,OZ242392.1,4136at6656,18638076.0,18628914.0,-
GCA_965208005.1,Chr 1,OZ242386.1,4227at6656,75595449.0,75617437.0,+
GCA_965208005.1,Chr 11,OZ242390.1,4864at6656,73003745.0,72980247.0,-
GCA_965208005.1,Chr 9,OZ242395.1,5277at6656,12561544.0,12554852.0,-
GCA_965208005.1,Chr 6,OZ242393.1,5616at6656,19485633.0,19491889.0,+
GCA_965208005.1,Chr 6,OZ242393.1,6453at6656,19404819.0,19421702.0,+
GCA_965208005.1,Chr 8,OZ242388.1,6563at6656,28421927.0,28428077.0,+
GCA_965208005.1,Chr 6,OZ242393.1,6715at6656,30771798.0,30785440.0,+
GCA_965208005.1,Chr 2,OZ242387.1,6820at6656,90215719.0,90224057.0,+
GCA_965208005.1,Chr 3,OZ242385.1,7210at6656,69949934.0,69925771.0,-
GCA_965208005.1,Chr 9,OZ242395.1,8495at6656,20942669.0,20946442.0,+
GCA_965208005.1,Chr 3,OZ242385.1,8847at6656,37533949.0,37524150.0,-
GCA_965208005.1,Chr 3,OZ242385.1,8913at6656,51367780.0,51373866.0,+
GCA_965208005.1,Chr 2,OZ242387.1,9647at6656,7866626.0,7858543.0,-
GCA_965208005.1,Chr 5,OZ242391.1,9648at6656,44181951.0,44187884.0,+
GCA_965208005.1,Chr 3,OZ242385.1,10573at6656,36161055.0,36165379.0,+
GCA_965208005.1,Chr 1,OZ242386.1,11384at6656,63758510.0,63770341.0,+
GCA_965208005.1,Chr 3,OZ242385.1,12029at6656,7777541.0,7769128.0,-
GCA_965208005.1,Chr 7,OZ242392.1,12174at6656,46875722.0,46907494.0,+
GCA_965208005.1,Chr 2,OZ242387.1,12383at6656,44629074.0,44631302.0,+
GCA_965208005.1,Chr 3,OZ242385.1,12771at6656,8126818.0,8129724.0,+
GCA_965208005.1,Chr 2,OZ242387.1,12846at6656,37327105.0,37322500.0,-
GCA_965208005.1,Chr 9,OZ242395.1,13019at6656,15383125.0,15392853.0,+
GCA_965208005.1,Chr 5,OZ242391.1,13051at6656,42166629.0,42093597.0,-
GCA_965208005.1,Chr 11,OZ242390.1,13736at6656,57471532.0,57483661.0,+
GCA_965208005.1,Chr 3,OZ242385.1,13833at6656,102955945.0,102953549.0,-
GCA_965208005.1,Chr 7,OZ242392.1,13858at6656,2149584.0,2146915.0,-
GCA_965208005.1,Chr 1,OZ242386.1,13890at6656,30151342.0,30146531.0,-
GCA_965208005.1,Chr 7,OZ242392.1,13934at6656,42692802.0,42699365.0,+
GCA_965208005.1,Chr 1,OZ242386.1,14090at6656,47447062.0,47452337.0,+
GCA_965208005.1,Chr 2,OZ242387.1,14257at6656,77770583.0,77765321.0,-
GCA_965208005.1,Chr 3,OZ242385.1,14447at6656,96018502.0,96010622.0,-
GCA_965208005.1,Chr 9,OZ242395.1,14995at6656,48605061.0,48614355.0,+
GCA_965208005.1,Chr 9,OZ242395.1,15200at6656,12922586.0,12915635.0,-
GCA_965208005.1,Chr 2,OZ242387.1,15697at6656,71114098.0,71120819.0,+
GCA_965208005.1,Chr 7,OZ242392.1,15905at6656,45076997.0,45068699.0,-
GCA_965208005.1,Chr 8,OZ242388.1,16061at6656,46014010.0,46007093.0,-
GCA_965208005.1,Chr 7,OZ242392.1,16084at6656,5893927.0,5885566.0,-
GCA_965208005.1,Chr 3,OZ242385.1,16220at6656,17234360.0,17221285.0,-
GCA_965208005.1,Chr 1,OZ242386.1,16630at6656,54528418.0,54521231.0,-
GCA_965208005.1,Chr 7,OZ242392.1,16648at6656,52106904.0,52110226.0,+
GCA_965208005.1,Chr 8,OZ242388.1,17096at6656,11813084.0,11805851.0,-
GCA_965208005.1,Chr 3,OZ242385.1,17122at6656,36301431.0,36315558.0,+
GCA_965208005.1,Chr 3,OZ242385.1,17128at6656,100886389.0,100878389.0,-
GCA_965208005.1,Chr 4,OZ242389.1,17748at6656,46891623.0,46898714.0,+
GCA_965208005.1,Chr 4,OZ242389.1,18036at6656,83781192.0,83745894.0,-
GCA_965208005.1,Chr 6,OZ242393.1,18055at6656,3855215.0,3849099.0,-
GCA_965208005.1,Chr 4,OZ242389.1,18073at6656,63954075.0,63945874.0,-
GCA_965208005.1,Chr 8,OZ242388.1,18630at6656,1973734.0,1982070.0,+
GCA_965208005.1,Chr 6,OZ242393.1,18929at6656,35005003.0,35008919.0,+
GCA_965208005.1,Chr 7,OZ242392.1,19044at6656,25130106.0,25136722.0,+
GCA_965208005.1,Chr 3,OZ242385.1,19058at6656,94314408.0,94318962.0,+
GCA_965208005.1,Chr 4,OZ242389.1,19104at6656,20706192.0,20717353.0,+
GCA_965208005.1,Chr 5,OZ242391.1,19129at6656,25917515.0,25913121.0,-
GCA_965208005.1,Chr 8,OZ242388.1,19208at6656,7473392.0,7470021.0,-
GCA_965208005.1,Chr 11,OZ242390.1,19289at6656,27764575.0,27759092.0,-
GCA_965208005.1,Chr 10,OZ242394.1,19590at6656,4512491.0,4518516.0,+
GCA_965208005.1,Chr 9,OZ242395.1,19760at6656,41761739.0,41748914.0,-
GCA_965208005.1,Chr 2,OZ242387.1,20093at6656,35119404.0,35129170.0,+
GCA_965208005.1,Chr 8,OZ242388.1,20162at6656,9259006.0,9239434.0,-
GCA_965208005.1,Chr 8,OZ242388.1,20935at6656,20802403.0,20809741.0,+
GCA_965208005.1,Chr 11,OZ242390.1,20936at6656,54683367.0,54689394.0,+
GCA_965208005.1,Chr 6,OZ242393.1,21019at6656,18807805.0,18813486.0,+
GCA_965208005.1,Chr 7,OZ242392.1,21361at6656,9718902.0,9723672.0,+
GCA_965208005.1,Chr 2,OZ242387.1,21367at6656,76502149.0,76500587.0,-
GCA_965208005.1,Chr 6,OZ242393.1,22098at6656,22820446.0,22814369.0,-
GCA_965208005.1,Chr 3,OZ242385.1,22148at6656,42271065.0,42266184.0,-
GCA_965208005.1,Chr 7,OZ242392.1,22358at6656,10952454.0,10964031.0,+
GCA_965208005.1,Chr 3,OZ242385.1,22364at6656,69676529.0,69668048.0,-
GCA_965208005.1,Chr 6,OZ242393.1,22468at6656,40610278.0,40621314.0,+
GCA_965208005.1,Chr 4,OZ242389.1,22611at6656,50086147.0,50092538.0,+
GCA_965208005.1,Chr 4,OZ242389.1,22887at6656,72356238.0,72363868.0,+
GCA_965208005.1,Chr 3,OZ242385.1,23309at6656,65133548.0,65131207.0,-
GCA_965208005.1,Chr 8,OZ242388.1,23388at6656,9711318.0,9718346.0,+
GCA_965208005.1,Chr 10,OZ242394.1,23429at6656,33242418.0,33239176.0,-
GCA_965208005.1,Chr 5,OZ242391.1,23917at6656,21616620.0,21601881.0,-
GCA_965208005.1,Chr 2,OZ242387.1,24255at6656,34452071.0,34445022.0,-
GCA_965208005.1,Chr 5,OZ242391.1,24427at6656,1077091.0,1084201.0,+
GCA_965208005.1,Chr 10,OZ242394.1,24459at6656,19240760.0,19249727.0,+
GCA_965208005.1,Chr 9,OZ242395.1,24573at6656,37254279.0,37251062.0,-
GCA_965208005.1,Chr 8,OZ242388.1,25554at6656,1391830.0,1384325.0,-
GCA_965208005.1,Chr 6,OZ242393.1,25680at6656,21620725.0,21623342.0,+
GCA_965208005.1,Chr 10,OZ242394.1,26653at6656,29210289.0,29212112.0,+
GCA_965208005.1,Chr 4,OZ242389.1,26734at6656,2823205.0,2828651.0,+
GCA_965208005.1,Chr 7,OZ242392.1,27198at6656,17134347.0,17142681.0,+
GCA_965208005.1,Chr 2,OZ242387.1,27515at6656,84480293.0,84485081.0,+
GCA_965208005.1,Chr 1,OZ242386.1,27617at6656,44811973.0,44808727.0,-
GCA_965208005.1,Chr 3,OZ242385.1,27655at6656,98547455.0,98524527.0,-
GCA_965208005.1,Chr 1,OZ242386.1,28325at6656,89462653.0,89454545.0,-
GCA_965208005.1,Chr 1,OZ242386.1,28380at6656,93862333.0,93851925.0,-
GCA_965208005.1,Chr 4,OZ242389.1,28519at6656,69763368.0,69767899.0,+
GCA_965208005.1,Chr 5,OZ242391.1,28685at6656,10739270.0,10742586.0,+
GCA_965208005.1,Chr 3,OZ242385.1,28872at6656,35571748.0,35567233.0,-
GCA_965208005.1,Chr 9,OZ242395.1,29213at6656,40743723.0,40747076.0,+
GCA_965208005.1,Chr 2,OZ242387.1,29237at6656,90422036.0,90427373.0,+
GCA_965208005.1,Chr 4,OZ242389.1,29365at6656,81404542.0,81401377.0,-
GCA_965208005.1,Chr 8,OZ242388.1,29730at6656,65754200.0,65749459.0,-
GCA_965208005.1,Chr 7,OZ242392.1,29744at6656,26271336.0,26265126.0,-
GCA_965208005.1,Chr 2,OZ242387.1,30156at6656,80956718.0,80950247.0,-
GCA_965208005.1,Chr 9,OZ242395.1,30184at6656,41315900.0,41331385.0,+
GCA_965208005.1,Chr 8,OZ242388.1,30267at6656,39060447.0,39055687.0,-
GCA_965208005.1,Chr 11,OZ242390.1,30463at6656,50396534.0,50403788.0,+
GCA_965208005.1,Chr 5,OZ242391.1,30512at6656,14658113.0,14647034.0,-
GCA_965208005.1,Chr 5,OZ242391.1,30526at6656,59210603.0,59208489.0,-
GCA_965208005.1,Chr 1,OZ242386.1,30642at6656,21773534.0,21777211.0,+
GCA_965208005.1,Chr 4,OZ242389.1,30822at6656,24738481.0,24743248.0,+
GCA_965208005.1,Chr 2,OZ242387.1,30918at6656,65871542.0,65868376.0,-
GCA_965208005.1,Chr 4,OZ242389.1,31014at6656,36155276.0,36158577.0,+
GCA_965208005.1,Chr 10,OZ242394.1,31119at6656,26508250.0,26511975.0,+
GCA_965208005.1,Chr 7,OZ242392.1,31196at6656,9973935.0,9977752.0,+
GCA_965208005.1,Chr 8,OZ242388.1,31333at6656,43395518.0,43390932.0,-
GCA_965208005.1,Chr 11,OZ242390.1,31480at6656,58970780.0,58964477.0,-
GCA_965208005.1,Chr 3,OZ242385.1,31615at6656,98171829.0,98181778.0,+
GCA_965208005.1,Chr 10,OZ242394.1,31634at6656,43289785.0,43294325.0,+
GCA_965208005.1,Chr 3,OZ242385.1,31886at6656,93477170.0,93480649.0,+
GCA_965208005.1,Chr 10,OZ242394.1,31919at6656,20393735.0,20411158.0,+
GCA_965208005.1,Chr 6,OZ242393.1,32694at6656,57343402.0,57336449.0,-
GCA_965208005.1,Chr 8,OZ242388.1,32733at6656,72091069.0,72094181.0,+
GCA_965208005.1,Chr 2,OZ242387.1,32851at6656,84030951.0,84012095.0,-
GCA_965208005.1,Chr 5,OZ242391.1,33187at6656,20224605.0,20221229.0,-
GCA_965208005.1,Chr 5,OZ242391.1,33566at6656,45833601.0,45828085.0,-
GCA_965208005.1,Chr 1,OZ242386.1,33794at6656,44385357.0,44344070.0,-
GCA_965208005.1,Chr 11,OZ242390.1,34586at6656,30070301.0,30052140.0,-
GCA_965208005.1,Chr 6,OZ242393.1,34917at6656,16362619.0,16369851.0,+
GCA_965208005.1,Chr 5,OZ242391.1,35680at6656,48374193.0,48371145.0,-
GCA_965208005.1,Chr 8,OZ242388.1,35708at6656,25735382.0,25738277.0,+
GCA_965208005.1,Chr 2,OZ242387.1,35995at6656,31452146.0,31446490.0,-
GCA_965208005.1,Chr 3,OZ242385.1,36374at6656,5676769.0,5681749.0,+
GCA_965208005.1,Chr 4,OZ242389.1,36387at6656,37539773.0,37536528.0,-
GCA_965208005.1,Chr 4,OZ242389.1,36403at6656,4703300.0,4708947.0,+
GCA_965208005.1,Chr 10,OZ242394.1,36463at6656,51914233.0,51911051.0,-
GCA_965208005.1,Chr 4,OZ242389.1,37297at6656,39810502.0,39803687.0,-
GCA_965208005.1,Chr 3,OZ242385.1,37387at6656,96755370.0,96791765.0,+
GCA_965208005.1,Chr 4,OZ242389.1,37678at6656,13846635.0,13851500.0,+
GCA_965208005.1,Chr 4,OZ242389.1,38140at6656,21896563.0,21904753.0,+
GCA_965208005.1,Chr 6,OZ242393.1,38186at6656,44072613.0,44080451.0,+
GCA_965208005.1,Chr 2,OZ242387.1,38303at6656,90315152.0,90305362.0,-
GCA_965208005.1,Chr 8,OZ242388.1,38391at6656,12026283.0,12031115.0,+
GCA_965208005.1,Chr 10,OZ242394.1,38567at6656,28609893.0,28605298.0,-
GCA_965208005.1,Chr 8,OZ242388.1,38819at6656,23466241.0,23476579.0,+
GCA_965208005.1,Chr 1,OZ242386.1,38928at6656,101638391.0,101642645.0,+
GCA_965208005.1,Chr 5,OZ242391.1,39506at6656,42783628.0,42791384.0,+
GCA_965208005.1,Chr 5,OZ242391.1,39548at6656,57891999.0,57897085.0,+
GCA_965208005.1,Chr 3,OZ242385.1,39783at6656,69407634.0,69414815.0,+
GCA_965208005.1,Chr 7,OZ242392.1,39809at6656,57617921.0,57621767.0,+
GCA_965208005.1,Chr 6,OZ242393.1,39821at6656,4999807.0,5004358.0,+
GCA_965208005.1,Chr 1,OZ242386.1,40065at6656,55029428.0,55025737.0,-
GCA_965208005.1,Chr 7,OZ242392.1,40092at6656,59372365.0,59377328.0,+
GCA_965208005.1,Chr 11,OZ242390.1,40213at6656,58626924.0,58630625.0,+
GCA_965208005.1,Chr 1,OZ242386.1,40240at6656,45917229.0,45923768.0,+
GCA_965208005.1,Chr 2,OZ242387.1,40319at6656,34001228.0,33990080.0,-
GCA_965208005.1,Chr 11,OZ242390.1,40323at6656,1041101.0,1059183.0,+
GCA_965208005.1,Chr 1,OZ242386.1,40399at6656,95884915.0,95880105.0,-
GCA_965208005.1,Chr 1,OZ242386.1,40691at6656,14462772.0,14478018.0,+
GCA_965208005.1,Chr 5,OZ242391.1,40929at6656,14250039.0,14246384.0,-
GCA_965208005.1,Chr 5,OZ242391.1,41522at6656,8792819.0,8795431.0,+
GCA_965208005.1,Chr 4,OZ242389.1,42577at6656,62199695.0,62205068.0,+
GCA_965208005.1,Chr 7,OZ242392.1,42622at6656,16519779.0,16526140.0,+
GCA_965208005.1,Chr 2,OZ242387.1,42819at6656,33299096.0,33293533.0,-
GCA_965208005.1,Chr 2,OZ242387.1,42842at6656,84470753.0,84469041.0,-
GCA_965208005.1,Chr 3,OZ242385.1,42943at6656,99690770.0,99696492.0,+
GCA_965208005.1,Chr 2,OZ242387.1,42992at6656,40864831.0,40851777.0,-
GCA_965208005.1,Chr 9,OZ242395.1,43045at6656,40619315.0,40614819.0,-
GCA_965208005.1,Chr 6,OZ242393.1,43236at6656,14264071.0,14257727.0,-
GCA_965208005.1,Chr 5,OZ242391.1,43245at6656,10317844.0,10324952.0,+
GCA_965208005.1,Chr 1,OZ242386.1,43540at6656,24519129.0,24510897.0,-
GCA_965208005.1,Chr 1,OZ242386.1,43728at6656,257091.0,269999.0,+
GCA_965208005.1,Chr 4,OZ242389.1,43774at6656,34660037.0,34655057.0,-
GCA_965208005.1,Chr 5,OZ242391.1,44001at6656,37175726.0,37172829.0,-
GCA_965208005.1,Chr 2,OZ242387.1,44123at6656,35473825.0,35471559.0,-
GCA_965208005.1,Chr 4,OZ242389.1,44359at6656,28719285.0,28714876.0,-
GCA_965208005.1,Chr 7,OZ242392.1,44389at6656,12205003.0,12211168.0,+
GCA_965208005.1,Chr 5,OZ242391.1,44504at6656,11862610.0,11861072.0,-
GCA_965208005.1,Chr 1,OZ242386.1,44630at6656,87176003.0,87181958.0,+
GCA_965208005.1,Chr 5,OZ242391.1,44694at6656,32246732.0,32241663.0,-
GCA_965208005.1,Chr 5,OZ242391.1,44953at6656,22759884.0,22757507.0,-
GCA_965208005.1,Chr 6,OZ242393.1,45131at6656,35992412.0,35999256.0,+
GCA_965208005.1,Chr 4,OZ242389.1,45367at6656,35952214.0,35945413.0,-
GCA_965208005.1,Chr 7,OZ242392.1,45528at6656,41357742.0,41361806.0,+
GCA_965208005.1,Chr 5,OZ242391.1,45556at6656,10315091.0,10312931.0,-
GCA_965208005.1,Chr 1,OZ242386.1,45732at6656,28786290.0,28794306.0,+
GCA_965208005.1,Chr 11,OZ242390.1,45915at6656,31880160.0,31884957.0,+
GCA_965208005.1,Chr 8,OZ242388.1,46430at6656,10948548.0,10952792.0,+
GCA_965208005.1,Chr 6,OZ242393.1,46437at6656,39776839.0,39773123.0,-
GCA_965208005.1,Chr 3,OZ242385.1,46671at6656,100701901.0,100705003.0,+
GCA_965208005.1,Chr 1,OZ242386.1,46679at6656,80151937.0,80157873.0,+
GCA_965208005.1,Chr 8,OZ242388.1,46692at6656,16521605.0,16515567.0,-
GCA_965208005.1,Chr 8,OZ242388.1,46750at6656,69652591.0,69647543.0,-
GCA_965208005.1,Chr 3,OZ242385.1,46960at6656,35858608.0,35856411.0,-
GCA_965208005.1,Chr 5,OZ242391.1,47270at6656,48404304.0,48400832.0,-
GCA_965208005.1,Chr 3,OZ242385.1,47443at6656,65145543.0,65149841.0,+
GCA_965208005.1,Chr 7,OZ242392.1,47495at6656,20665568.0,20669906.0,+
GCA_965208005.1,Chr 3,OZ242385.1,47500at6656,35447635.0,35440021.0,-
GCA_965208005.1,Chr 1,OZ242386.1,47967at6656,12883490.0,12858852.0,-
GCA_965208005.1,Chr 6,OZ242393.1,48195at6656,29530869.0,29532829.0,+
GCA_965208005.1,Chr 6,OZ242393.1,48466at6656,33556646.0,33537960.0,-
GCA_965208005.1,Chr 2,OZ242387.1,48519at6656,69141599.0,69135413.0,-
GCA_965208005.1,Chr 1,OZ242386.1,48657at6656,85972638.0,85965875.0,-
GCA_965208005.1,Chr 2,OZ242387.1,48836at6656,6842147.0,6836301.0,-
GCA_965208005.1,Chr 2,OZ242387.1,49070at6656,33306457.0,33308569.0,+
GCA_965208005.1,Chr 3,OZ242385.1,49936at6656,87951036.0,87946169.0,-
GCA_965208005.1,Chr 9,OZ242395.1,50493at6656,15400012.0,15397877.0,-
GCA_965208005.1,Chr 6,OZ242393.1,50740at6656,53633062.0,53628780.0,-
GCA_965208005.1,Chr 8,OZ242388.1,50792at6656,65913561.0,65923797.0,+
GCA_965208005.1,Chr 4,OZ242389.1,50947at6656,15665459.0,15668597.0,+
GCA_965208005.1,Chr 3,OZ242385.1,51037at6656,42051291.0,42059056.0,+
GCA_965208005.1,Chr 5,OZ242391.1,51280at6656,2102302.0,2100092.0,-
GCA_965208005.1,Chr 1,OZ242386.1,51364at6656,103618778.0,103613878.0,-
GCA_965208005.1,Chr 8,OZ242388.1,52210at6656,17237839.0,17233558.0,-
GCA_965208005.1,Chr 6,OZ242393.1,52224at6656,54374993.0,54377675.0,+
GCA_965208005.1,Chr 3,OZ242385.1,52320at6656,108470930.0,108465116.0,-
GCA_965208005.1,Chr 8,OZ242388.1,52422at6656,25836356.0,25708792.0,-
GCA_965208005.1,Chr 8,OZ242388.1,52643at6656,74967693.0,74945964.0,-
GCA_965208005.1,Chr 5,OZ242391.1,52828at6656,4650616.0,4652714.0,+
GCA_965208005.1,Chr 4,OZ242389.1,53201at6656,5377275.0,5372433.0,-
GCA_965208005.1,Chr 3,OZ242385.1,53243at6656,60027787.0,60024554.0,-
GCA_965208005.1,Chr 5,OZ242391.1,53298at6656,48358919.0,48363364.0,+
GCA_965208005.1,Chr 6,OZ242393.1,53318at6656,19062638.0,19060328.0,-
GCA_965208005.1,Chr 4,OZ242389.1,53993at6656,7572099.0,7495778.0,-
GCA_965208005.1,Chr 2,OZ242387.1,54236at6656,23730639.0,23733174.0,+
GCA_965208005.1,Chr 9,OZ242395.1,54527at6656,12584536.0,12593180.0,+
GCA_965208005.1,Chr 4,OZ242389.1,54679at6656,11192133.0,11190196.0,-
GCA_965208005.1,Chr 5,OZ242391.1,55036at6656,39768427.0,39757020.0,-
GCA_965208005.1,Chr 11,OZ242390.1,55094at6656,42047566.0,42053144.0,+
GCA_965208005.1,Chr 2,OZ242387.1,55108at6656,36038045.0,36029860.0,-
GCA_965208005.1,Chr 6,OZ242393.1,55260at6656,32095708.0,32099249.0,+
GCA_965208005.1,Chr 5,OZ242391.1,55417at6656,9421880.0,9427777.0,+
GCA_965208005.1,Chr 6,OZ242393.1,55450at6656,23978664.0,23973988.0,-
GCA_965208005.1,Chr 3,OZ242385.1,55599at6656,4792307.0,4793881.0,+
GCA_965208005.1,Chr 2,OZ242387.1,55847at6656,77397759.0,77391770.0,-
GCA_965208005.1,Chr 9,OZ242395.1,55932at6656,20951939.0,20947789.0,-
GCA_965208005.1,Chr 5,OZ242391.1,56010at6656,18831208.0,18837100.0,+
GCA_965208005.1,Chr 4,OZ242389.1,56322at6656,84438846.0,84531328.0,+
GCA_965208005.1,Chr 4,OZ242389.1,56449at6656,50191278.0,50201604.0,+
GCA_965208005.1,Chr 2,OZ242387.1,56523at6656,44851481.0,44858475.0,+
GCA_965208005.1,Chr 3,OZ242385.1,56687at6656,100848824.0,100822471.0,-
GCA_965208005.1,Chr 2,OZ242387.1,56836at6656,90101675.0,90097355.0,-
GCA_965208005.1,Chr 8,OZ242388.1,57262at6656,1056509.0,1059773.0,+
GCA_965208005.1,Chr 3,OZ242385.1,57605at6656,6447633.0,6441570.0,-
GCA_965208005.1,Chr 7,OZ242392.1,57624at6656,2172594.0,2166625.0,-
GCA_965208005.1,Chr 4,OZ242389.1,57932at6656,47337493.0,47339211.0,+
GCA_965208005.1,Chr 1,OZ242386.1,58012at6656,47439643.0,47442717.0,+
GCA_965208005.1,Chr 8,OZ242388.1,58027at6656,64255435.0,64261334.0,+
GCA_965208005.1,Chr 2,OZ242387.1,58110at6656,72783455.0,72779846.0,-
GCA_965208005.1,Chr 11,OZ242390.1,58119at6656,24499543.0,24504222.0,+
GCA_965208005.1,Chr 5,OZ242391.1,58276at6656,36343762.0,36337221.0,-
GCA_965208005.1,Chr 6,OZ242393.1,59084at6656,3712232.0,3703863.0,-
GCA_965208005.1,Chr 9,OZ242395.1,59197at6656,38961578.0,38969518.0,+
GCA_965208005.1,Chr 3,OZ242385.1,59200at6656,19403648.0,19397898.0,-
GCA_965208005.1,Chr 2,OZ242387.1,59226at6656,60819932.0,60813441.0,-
GCA_965208005.1,Chr 7,OZ242392.1,59393at6656,18671138.0,18667740.0,-
GCA_965208005.1,Chr 3,OZ242385.1,59430at6656,24509825.0,24499818.0,-
GCA_965208005.1,Chr 7,OZ242392.1,59681at6656,32901402.0,32907115.0,+
GCA_965208005.1,Chr 3,OZ242385.1,59824at6656,35866426.0,35863839.0,-
GCA_965208005.1,Chr 9,OZ242395.1,59833at6656,45204576.0,45202885.0,-
GCA_965208005.1,Chr 2,OZ242387.1,60067at6656,6209246.0,6205172.0,-
GCA_965208005.1,Chr 1,OZ242386.1,60299at6656,103648295.0,103643657.0,-
GCA_965208005.1,Chr 6,OZ242393.1,60333at6656,30494563.0,30483400.0,-
GCA_965208005.1,Chr 4,OZ242389.1,60356at6656,72308125.0,72321178.0,+
GCA_965208005.1,Chr 6,OZ242393.1,60468at6656,56653152.0,56655361.0,+
GCA_965208005.1,Chr 10,OZ242394.1,60682at6656,43364358.0,43362479.0,-
GCA_965208005.1,Chr 1,OZ242386.1,60729at6656,31093788.0,31086468.0,-
GCA_965208005.1,Chr 11,OZ242390.1,60762at6656,58506157.0,58509880.0,+
GCA_965208005.1,Chr 7,OZ242392.1,61081at6656,16959998.0,16961085.0,+
GCA_965208005.1,Chr 6,OZ242393.1,61096at6656,43046896.0,43043252.0,-
GCA_965208005.1,Chr 7,OZ242392.1,61153at6656,34557943.0,34553179.0,-
GCA_965208005.1,Chr 3,OZ242385.1,61180at6656,59742222.0,59738121.0,-
GCA_965208005.1,Chr 2,OZ242387.1,61261at6656,43904171.0,43898772.0,-
GCA_965208005.1,Chr 6,OZ242393.1,61577at6656,21571138.0,21567485.0,-
GCA_965208005.1,Chr 4,OZ242389.1,61612at6656,25563228.0,25569158.0,+
GCA_965208005.1,Chr 7,OZ242392.1,62275at6656,20799013.0,20802585.0,+
GCA_965208005.1,Chr 7,OZ242392.1,62580at6656,51664938.0,51670622.0,+
GCA_965208005.1,Chr 1,OZ242386.1,62678at6656,798486.0,794731.0,-
GCA_965208005.1,Chr 5,OZ242391.1,62914at6656,66099594.0,66106436.0,+
GCA_965208005.1,Chr 5,OZ242391.1,62979at6656,20497188.0,20503255.0,+
GCA_965208005.1,Chr 3,OZ242385.1,63193at6656,93433065.0,93434315.0,+
GCA_965208005.1,Chr 4,OZ242389.1,63228at6656,35341583.0,35350246.0,+
GCA_965208005.1,Chr 6,OZ242393.1,63461at6656,32323944.0,32325718.0,+
GCA_965208005.1,Chr 1,OZ242386.1,63923at6656,5506548.0,5510445.0,+
GCA_965208005.1,Chr 6,OZ242393.1,63924at6656,44071017.0,44061626.0,-
GCA_965208005.1,Chr 2,OZ242387.1,64046at6656,40135501.0,40140959.0,+
GCA_965208005.1,Chr 7,OZ242392.1,64896at6656,9875093.0,9879677.0,+
GCA_965208005.1,Chr 4,OZ242389.1,65490at6656,5611255.0,5609056.0,-
GCA_965208005.1,Chr 8,OZ242388.1,65508at6656,53027164.0,53030972.0,+
GCA_965208005.1,Chr 4,OZ242389.1,65532at6656,70360269.0,70362918.0,+
GCA_965208005.1,Chr 5,OZ242391.1,65949at6656,34663291.0,34666799.0,+
GCA_965208005.1,Chr 5,OZ242391.1,66028at6656,12015597.0,12011627.0,-
GCA_965208005.1,Chr 1,OZ242386.1,66229at6656,98986574.0,98989843.0,+
GCA_965208005.1,Chr 1,OZ242386.1,66299at6656,31130190.0,31126418.0,-
GCA_965208005.1,Chr 7,OZ242392.1,66366at6656,30564853.0,30571008.0,+
GCA_965208005.1,Chr 9,OZ242395.1,66597at6656,11211182.0,11216019.0,+
GCA_965208005.1,Chr 6,OZ242393.1,66770at6656,60735874.0,60730516.0,-
GCA_965208005.1,Chr 7,OZ242392.1,67113at6656,47133949.0,47139560.0,+
GCA_965208005.1,Chr 9,OZ242395.1,67166at6656,50345147.0,50362067.0,+
GCA_965208005.1,Chr 4,OZ242389.1,67191at6656,44401800.0,44395811.0,-
GCA_965208005.1,Chr 2,OZ242387.1,67491at6656,38581751.0,38578202.0,-
GCA_965208005.1,Chr 6,OZ242393.1,67583at6656,21997359.0,21993683.0,-
GCA_965208005.1,Chr 9,OZ242395.1,67710at6656,43715116.0,43729130.0,+
GCA_965208005.1,Chr 6,OZ242393.1,68468at6656,18248798.0,18243496.0,-
GCA_965208005.1,Chr 7,OZ242392.1,68491at6656,46248298.0,46251491.0,+
GCA_965208005.1,Chr 7,OZ242392.1,68731at6656,25833946.0,25830026.0,-
GCA_965208005.1,Chr 1,OZ242386.1,68876at6656,20783656.0,20786713.0,+
GCA_965208005.1,Chr 6,OZ242393.1,68939at6656,3909259.0,3915132.0,+
GCA_965208005.1,Chr 8,OZ242388.1,68987at6656,11468687.0,11459490.0,-
GCA_965208005.1,Chr 9,OZ242395.1,69201at6656,15502277.0,15506049.0,+
GCA_965208005.1,Chr 6,OZ242393.1,69238at6656,44445971.0,44455880.0,+
GCA_965208005.1,Chr 5,OZ242391.1,69284at6656,21214330.0,21215162.0,+
GCA_965208005.1,Chr 7,OZ242392.1,69394at6656,17490728.0,17493532.0,+
GCA_965208005.1,Chr 11,OZ242390.1,69403at6656,27423395.0,27431658.0,+
GCA_965208005.1,Chr 4,OZ242389.1,69742at6656,80466239.0,80463747.0,-
GCA_965208005.1,Chr 3,OZ242385.1,69897at6656,19387804.0,19396115.0,+
GCA_965208005.1,Chr 3,OZ242385.1,70078at6656,24547220.0,24544365.0,-
GCA_965208005.1,Chr 8,OZ242388.1,70201at6656,610893.0,605199.0,-
GCA_965208005.1,Chr 3,OZ242385.1,70550at6656,101831808.0,101840201.0,+
GCA_965208005.1,Chr 2,OZ242387.1,70663at6656,41762149.0,41764989.0,+
GCA_965208005.1,Chr 1,OZ242386.1,71018at6656,93960279.0,93963328.0,+
GCA_965208005.1,Chr 6,OZ242393.1,71110at6656,527975.0,532438.0,+
GCA_965208005.1,Chr 8,OZ242388.1,71129at6656,39043285.0,39030028.0,-
GCA_965208005.1,Chr 2,OZ242387.1,71199at6656,19029844.0,19025952.0,-
GCA_965208005.1,Chr 8,OZ242388.1,71230at6656,3244175.0,3238203.0,-
GCA_965208005.1,Chr 5,OZ242391.1,71251at6656,359550.0,367809.0,+
GCA_965208005.1,Chr 6,OZ242393.1,71483at6656,38661322.0,38676063.0,+
GCA_965208005.1,Chr 8,OZ242388.1,71937at6656,64934101.0,64929585.0,-
GCA_965208005.1,Chr 7,OZ242392.1,72450at6656,57155970.0,57147064.0,-
GCA_965208005.1,Chr 1,OZ242386.1,72578at6656,38916709.0,38920385.0,+
GCA_965208005.1,Chr 7,OZ242392.1,72583at6656,30681998.0,30677928.0,-
GCA_965208005.1,Chr 8,OZ242388.1,72586at6656,68968838.0,68974204.0,+
GCA_965208005.1,Chr 3,OZ242385.1,72782at6656,41809671.0,41807575.0,-
GCA_965208005.1,Chr 11,OZ242390.1,72857at6656,54879548.0,54885034.0,+
GCA_965208005.1,Chr 6,OZ242393.1,73084at6656,5179241.0,5183620.0,+
GCA_965208005.1,Chr 4,OZ242389.1,73301at6656,6532465.0,6526660.0,-
GCA_965208005.1,Chr 1,OZ242386.1,73455at6656,38928243.0,38924545.0,-
GCA_965208005.1,Chr 6,OZ242393.1,73456at6656,48813093.0,48834792.0,+
GCA_965208005.1,Chr 10,OZ242394.1,73547at6656,51692729.0,51696987.0,+
GCA_965208005.1,Chr 6,OZ242393.1,74384at6656,5864749.0,5863087.0,-
GCA_965208005.1,Chr 1,OZ242386.1,74655at6656,82609054.0,82613278.0,+
GCA_965208005.1,Chr 7,OZ242392.1,74692at6656,43642829.0,43634670.0,-
GCA_965208005.1,Chr 4,OZ242389.1,75692at6656,29251108.0,29247240.0,-
GCA_965208005.1,Chr 1,OZ242386.1,75704at6656,100065748.0,100052343.0,-
GCA_965208005.1,Chr 5,OZ242391.1,75764at6656,18071659.0,18077124.0,+
GCA_965208005.1,Chr 10,OZ242394.1,75982at6656,6209665.0,6202621.0,-
GCA_965208005.1,Chr 3,OZ242385.1,76308at6656,31889391.0,31885389.0,-
GCA_965208005.1,Chr 1,OZ242386.1,76342at6656,40164326.0,40167122.0,+
GCA_965208005.1,Chr 7,OZ242392.1,76573at6656,17294943.0,17291165.0,-
GCA_965208005.1,Chr 8,OZ242388.1,76745at6656,15586064.0,15582117.0,-
GCA_965208005.1,Chr 5,OZ242391.1,76812at6656,29696742.0,29701121.0,+
GCA_965208005.1,Chr 1,OZ242386.1,77197at6656,60720024.0,60716058.0,-
GCA_965208005.1,Chr 6,OZ242393.1,77688at6656,30921960.0,30926135.0,+
GCA_965208005.1,Chr 2,OZ242387.1,77770at6656,7849967.0,7853839.0,+
GCA_965208005.1,Chr 4,OZ242389.1,77883at6656,83698991.0,83700937.0,+
GCA_965208005.1,Chr 2,OZ242387.1,77976at6656,52409872.0,52399628.0,-
GCA_965208005.1,Chr 1,OZ242386.1,77987at6656,36028683.0,36039106.0,+
GCA_965208005.1,Chr 1,OZ242386.1,78110at6656,6548964.0,6558454.0,+
GCA_965208005.1,Chr 2,OZ242387.1,78202at6656,28832830.0,28829906.0,-
GCA_965208005.1,Chr 10,OZ242394.1,78254at6656,1255730.0,1262111.0,+
GCA_965208005.1,Chr 8,OZ242388.1,78695at6656,1345719.0,1344298.0,-
GCA_965208005.1,Chr 4,OZ242389.1,78758at6656,39071064.0,39065855.0,-
GCA_965208005.1,Chr 1,OZ242386.1,78777at6656,10866902.0,10869629.0,+
GCA_965208005.1,Chr 4,OZ242389.1,78854at6656,24634499.0,24631387.0,-
GCA_965208005.1,Chr 9,OZ242395.1,78919at6656,37132900.0,37129624.0,-
GCA_965208005.1,Chr 11,OZ242390.1,78921at6656,24523410.0,24508305.0,-
GCA_965208005.1,Chr 9,OZ242395.1,78947at6656,14929446.0,14927966.0,-
GCA_965208005.1,Chr 7,OZ242392.1,78968at6656,19010626.0,19009430.0,-
GCA_965208005.1,Chr 5,OZ242391.1,79241at6656,29361005.0,29356533.0,-
GCA_965208005.1,Chr 6,OZ242393.1,79377at6656,38274336.0,38268010.0,-
GCA_965208005.1,Chr 2,OZ242387.1,79915at6656,57213632.0,57209990.0,-
GCA_965208005.1,Chr 3,OZ242385.1,79993at6656,43110603.0,43107354.0,-
GCA_965208005.1,Chr 3,OZ242385.1,80067at6656,7544879.0,7545673.0,+
GCA_965208005.1,Chr 3,OZ242385.1,80294at6656,9133218.0,9139209.0,+
GCA_965208005.1,Chr 7,OZ242392.1,80317at6656,25773990.0,25777280.0,+
GCA_965208005.1,Chr 4,OZ242389.1,80348at6656,52771466.0,52775164.0,+
GCA_965208005.1,Chr 1,OZ242386.1,80689at6656,98847497.0,98850575.0,+
GCA_965208005.1,Chr 2,OZ242387.1,80693at6656,11247648.0,11251362.0,+
GCA_965208005.1,Chr 8,OZ242388.1,80948at6656,6256225.0,6261564.0,+
GCA_965208005.1,Chr 7,OZ242392.1,81292at6656,10727232.0,10722794.0,-
GCA_965208005.1,Chr 2,OZ242387.1,81307at6656,44566498.0,44563297.0,-
GCA_965208005.1,Chr 8,OZ242388.1,81406at6656,49985746.0,49983496.0,-
GCA_965208005.1,Chr 8,OZ242388.1,81413at6656,63407203.0,63409722.0,+
GCA_965208005.1,Chr 8,OZ242388.1,81423at6656,70271128.0,70258664.0,-
GCA_965208005.1,Chr 3,OZ242385.1,81650at6656,24718888.0,24725328.0,+
GCA_965208005.1,Chr 4,OZ242389.1,81703at6656,26180691.0,26058358.0,-
GCA_965208005.1,Chr 1,OZ242386.1,81708at6656,74474937.0,74479686.0,+
GCA_965208005.1,Chr 2,OZ242387.1,81919at6656,73207889.0,73255664.0,+
GCA_965208005.1,Chr 7,OZ242392.1,83102at6656,43152527.0,43142204.0,-
GCA_965208005.1,Chr 6,OZ242393.1,83164at6656,32724588.0,32722238.0,-
GCA_965208005.1,Chr 7,OZ242392.1,83303at6656,31425512.0,31431353.0,+
GCA_965208005.1,Chr 4,OZ242389.1,83350at6656,81521255.0,81517339.0,-
GCA_965208005.1,Chr 1,OZ242386.1,83372at6656,29166050.0,29158035.0,-
GCA_965208005.1,Chr 6,OZ242393.1,83376at6656,15353765.0,15342925.0,-
GCA_965208005.1,Chr 1,OZ242386.1,83613at6656,38970943.0,38971770.0,+
GCA_965208005.1,Chr 6,OZ242393.1,83673at6656,38037856.0,38041244.0,+
GCA_965208005.1,Chr 4,OZ242389.1,83755at6656,47406014.0,47410240.0,+
GCA_965208005.1,Chr 4,OZ242389.1,83765at6656,65271575.0,65271763.0,+
GCA_965208005.1,Chr 10,OZ242394.1,84097at6656,20385510.0,20373918.0,-
GCA_965208005.1,Chr 3,OZ242385.1,84149at6656,72217458.0,72222278.0,+
GCA_965208005.1,Chr 5,OZ242391.1,84169at6656,41837048.0,41843487.0,+
GCA_965208005.1,Chr 6,OZ242393.1,84422at6656,10979873.0,10970814.0,-
GCA_965208005.1,Chr 8,OZ242388.1,84576at6656,30038080.0,30034487.0,-
GCA_965208005.1,Chr 8,OZ242388.1,84819at6656,23334051.0,23338563.0,+
GCA_965208005.1,Chr 11,OZ242390.1,84925at6656,27788901.0,27787885.0,-
GCA_965208005.1,Chr 11,OZ242390.1,85103at6656,54493191.0,54490179.0,-
GCA_965208005.1,Chr 1,OZ242386.1,85509at6656,71599445.0,71595845.0,-
GCA_965208005.1,Chr 9,OZ242395.1,85574at6656,15507019.0,15508828.0,+
GCA_965208005.1,Chr 6,OZ242393.1,85680at6656,16379754.0,16383206.0,+
GCA_965208005.1,Chr 10,OZ242394.1,85810at6656,44730072.0,44726810.0,-
GCA_965208005.1,Chr 4,OZ242389.1,86262at6656,50477055.0,50474412.0,-
GCA_965208005.1,Chr 9,OZ242395.1,86318at6656,38256373.0,38248197.0,-
GCA_965208005.1,Chr 5,OZ242391.1,86488at6656,52529012.0,52537684.0,+
GCA_965208005.1,Chr 7,OZ242392.1,86654at6656,47976532.0,47978070.0,+
GCA_965208005.1,Chr 8,OZ242388.1,86889at6656,272713.0,277353.0,+
GCA_965208005.1,Chr 3,OZ242385.1,87014at6656,97240432.0,97242819.0,+
GCA_965208005.1,Chr 8,OZ242388.1,87089at6656,75144003.0,75149996.0,+
GCA_965208005.1,Chr 5,OZ242391.1,87103at6656,21173923.0,21178748.0,+
GCA_965208005.1,Chr 4,OZ242389.1,87114at6656,62839050.0,62840684.0,+
GCA_965208005.1,Chr 7,OZ242392.1,87139at6656,4456449.0,4453601.0,-
GCA_965208005.1,Chr 1,OZ242386.1,87142at6656,86514472.0,86519600.0,+
GCA_965208005.1,Chr 4,OZ242389.1,87527at6656,53681492.0,53684037.0,+
GCA_965208005.1,Chr 3,OZ242385.1,87575at6656,63481214.0,63483672.0,+
GCA_965208005.1,Chr 4,OZ242389.1,87728at6656,25032103.0,25029416.0,-
GCA_965208005.1,Chr 2,OZ242387.1,87910at6656,78873874.0,78877340.0,+
GCA_965208005.1,Chr 1,OZ242386.1,87928at6656,54632414.0,54628845.0,-
GCA_965208005.1,Chr 6,OZ242393.1,87933at6656,10802776.0,10811857.0,+
GCA_965208005.1,Chr 7,OZ242392.1,88051at6656,56205941.0,56201241.0,-
GCA_965208005.1,Chr 3,OZ242385.1,88711at6656,2076873.0,2081500.0,+
GCA_965208005.1,Chr 2,OZ242387.1,89064at6656,40203946.0,40201474.0,-
GCA_965208005.1,Chr 1,OZ242386.1,89153at6656,91180697.0,91176523.0,-
GCA_965208005.1,Chr 11,OZ242390.1,89677at6656,53046214.0,53044109.0,-
GCA_965208005.1,Chr 4,OZ242389.1,89713at6656,68410733.0,68413867.0,+
GCA_965208005.1,Chr 6,OZ242393.1,89810at6656,44604444.0,44629827.0,+
GCA_965208005.1,Chr 4,OZ242389.1,89864at6656,24216271.0,24213453.0,-
GCA_965208005.1,Chr 1,OZ242386.1,90126at6656,51369851.0,51372571.0,+
GCA_965208005.1,Chr 8,OZ242388.1,90322at6656,38253558.0,38252215.0,-
GCA_965208005.1,Chr 6,OZ242393.1,90580at6656,37064562.0,37069770.0,+
GCA_965208005.1,Chr 9,OZ242395.1,90822at6656,20917924.0,20915455.0,-
GCA_965208005.1,Chr 1,OZ242386.1,90928at6656,54953721.0,54947980.0,-
GCA_965208005.1,Chr 1,OZ242386.1,90931at6656,23855972.0,23862928.0,+
GCA_965208005.1,Chr 7,OZ242392.1,91002at6656,33440902.0,33442692.0,+
GCA_965208005.1,Chr 7,OZ242392.1,91005at6656,20674585.0,20671505.0,-
GCA_965208005.1,Chr 6,OZ242393.1,91313at6656,22854067.0,22855551.0,+
GCA_965208005.1,Chr 8,OZ242388.1,91418at6656,9203621.0,9200416.0,-
GCA_965208005.1,Chr 7,OZ242392.1,91468at6656,32406304.0,32405204.0,-
GCA_965208005.1,Chr 5,OZ242391.1,91933at6656,2402734.0,2397054.0,-
GCA_965208005.1,Chr 1,OZ242386.1,91946at6656,55540363.0,55543486.0,+
GCA_965208005.1,Chr 2,OZ242387.1,92167at6656,70310553.0,70307069.0,-
GCA_965208005.1,Chr 5,OZ242391.1,92184at6656,12937287.0,12934611.0,-
GCA_965208005.1,Chr 10,OZ242394.1,92420at6656,14744208.0,14739095.0,-
GCA_965208005.1,Chr 4,OZ242389.1,92576at6656,54011896.0,54015953.0,+
GCA_965208005.1,Chr 3,OZ242385.1,92777at6656,111798936.0,111806907.0,+
GCA_965208005.1,Chr 1,OZ242386.1,92854at6656,71331430.0,71335847.0,+
GCA_965208005.1,Chr 4,OZ242389.1,93061at6656,70282245.0,70279086.0,-
GCA_965208005.1,Chr 2,OZ242387.1,93085at6656,78249387.0,78244578.0,-
GCA_965208005.1,Chr 2,OZ242387.1,93152at6656,52457980.0,52455573.0,-
GCA_965208005.1,Chr 4,OZ242389.1,93408at6656,15914568.0,15912085.0,-
GCA_965208005.1,Chr 2,OZ242387.1,93432at6656,17822159.0,17825577.0,+
GCA_965208005.1,Chr 5,OZ242391.1,93483at6656,29740327.0,29735184.0,-
GCA_965208005.1,Chr 5,OZ242391.1,93507at6656,9148683.0,9152916.0,+
GCA_965208005.1,Chr 8,OZ242388.1,94054at6656,17181027.0,17186632.0,+
GCA_965208005.1,Chr 4,OZ242389.1,94238at6656,57640500.0,57637866.0,-
GCA_965208005.1,Chr 5,OZ242391.1,94304at6656,31329914.0,31318156.0,-
GCA_965208005.1,Chr 1,OZ242386.1,94473at6656,43795521.0,43790708.0,-
GCA_965208005.1,Chr 5,OZ242391.1,94476at6656,4728670.0,4724627.0,-
GCA_965208005.1,Chr 4,OZ242389.1,94842at6656,72332330.0,72329224.0,-
GCA_965208005.1,Chr 3,OZ242385.1,94878at6656,112173732.0,112184091.0,+
GCA_965208005.1,Chr 4,OZ242389.1,95028at6656,21837561.0,21835043.0,-
GCA_965208005.1,Chr 1,OZ242386.1,95089at6656,81992439.0,81988575.0,-
GCA_965208005.1,Chr 2,OZ242387.1,95294at6656,77444912.0,77448168.0,+
GCA_965208005.1,Chr 10,OZ242394.1,95524at6656,43489536.0,43492928.0,+
GCA_965208005.1,Chr 6,OZ242393.1,96251at6656,57441831.0,57439265.0,-
GCA_965208005.1,Chr 1,OZ242386.1,96444at6656,75943470.0,75945550.0,+
GCA_965208005.1,Chr 8,OZ242388.1,96569at6656,43385869.0,43382571.0,-
GCA_965208005.1,Chr 4,OZ242389.1,96601at6656,2816138.0,2815149.0,-
GCA_965208005.1,Chr 3,OZ242385.1,96956at6656,78689105.0,78687924.0,-
GCA_965208005.1,Chr 5,OZ242391.1,96971at6656,33959712.0,33957128.0,-
GCA_965208005.1,Chr 3,OZ242385.1,97492at6656,9533993.0,9537146.0,+
GCA_965208005.1,Chr 9,OZ242395.1,97749at6656,14952430.0,14959251.0,+
GCA_965208005.1,Chr 8,OZ242388.1,97763at6656,26220901.0,26224216.0,+
GCA_965208005.1,Chr 7,OZ242392.1,97865at6656,17262851.0,17260291.0,-
GCA_965208005.1,Chr 1,OZ242386.1,98066at6656,72150150.0,72155280.0,+
GCA_965208005.1,Chr 8,OZ242388.1,98251at6656,2158063.0,2150498.0,-
GCA_965208005.1,Chr 1,OZ242386.1,98620at6656,5271638.0,5276361.0,+
GCA_965208005.1,Chr 4,OZ242389.1,98755at6656,33990640.0,33992276.0,+
GCA_965208005.1,Chr 1,OZ242386.1,98821at6656,46112424.0,46111004.0,-
GCA_965208005.1,Chr 1,OZ242386.1,98845at6656,51335109.0,51338013.0,+
GCA_965208005.1,Chr 1,OZ242386.1,98927at6656,5512707.0,5513474.0,+
GCA_965208005.1,Chr 3,OZ242385.1,98948at6656,97492208.0,97498831.0,+
GCA_965208005.1,Chr 8,OZ242388.1,99270at6656,7990288.0,7995815.0,+
GCA_965208005.1,Chr 3,OZ242385.1,99307at6656,111839288.0,111833517.0,-
GCA_965208005.1,Chr 9,OZ242395.1,99377at6656,25949999.0,25949314.0,-
GCA_965208005.1,Chr 1,OZ242386.1,99519at6656,103933829.0,103942181.0,+
GCA_965208005.1,Chr 8,OZ242388.1,99625at6656,2370282.0,2373191.0,+
GCA_965208005.1,Chr 10,OZ242394.1,99998at6656,34554604.0,34556693.0,+
GCA_965208005.1,Chr 1,OZ242386.1,100070at6656,6175969.0,6174417.0,-
GCA_965208005.1,Chr 5,OZ242391.1,100136at6656,14506355.0,14504196.0,-
GCA_965208005.1,Chr 2,OZ242387.1,100216at6656,60828489.0,60833609.0,+
GCA_965208005.1,Chr 2,OZ242387.1,100227at6656,47548272.0,47547175.0,-
GCA_965208005.1,Chr 1,OZ242386.1,100296at6656,4864948.0,4866310.0,+
GCA_965208005.1,Chr 3,OZ242385.1,100612at6656,50104530.0,50100650.0,-
GCA_965208005.1,Chr 1,OZ242386.1,100664at6656,74433737.0,74436596.0,+
GCA_965208005.1,Chr 5,OZ242391.1,100673at6656,9038567.0,9042771.0,+
GCA_965208005.1,Chr 3,OZ242385.1,100760at6656,71956129.0,71953023.0,-
GCA_965208005.1,Chr 10,OZ242394.1,101349at6656,22363018.0,22370417.0,+
GCA_965208005.1,Chr 6,OZ242393.1,101359at6656,44632963.0,44630995.0,-
GCA_965208005.1,Chr 2,OZ242387.1,101491at6656,29942668.0,29938458.0,-
GCA_965208005.1,Chr 9,OZ242395.1,101621at6656,39708984.0,39704220.0,-
GCA_965208005.1,Chr 3,OZ242385.1,101727at6656,10292069.0,10293799.0,+
GCA_965208005.1,Chr 4,OZ242389.1,101761at6656,39417302.0,39422066.0,+
GCA_965208005.1,Chr 2,OZ242387.1,101767at6656,42194382.0,42192371.0,-
GCA_965208005.1,Chr 3,OZ242385.1,101829at6656,87024935.0,87027959.0,+
GCA_965208005.1,Chr 3,OZ242385.1,101886at6656,43547616.0,43546233.0,-
GCA_965208005.1,Chr 10,OZ242394.1,102321at6656,56232980.0,56234040.0,+
GCA_965208005.1,Chr 2,OZ242387.1,102714at6656,14938733.0,14941397.0,+
GCA_965208005.1,Chr 9,OZ242395.1,102770at6656,50272163.0,50269142.0,-
GCA_965208005.1,Chr 9,OZ242395.1,103125at6656,56015024.0,56018051.0,+
GCA_965208005.1,Chr 5,OZ242391.1,103207at6656,37231489.0,37233438.0,+
GCA_965208005.1,Chr 8,OZ242388.1,103479at6656,8147633.0,8159996.0,+
GCA_965208005.1,Chr 5,OZ242391.1,103590at6656,28162131.0,28168382.0,+
GCA_965208005.1,Chr 2,OZ242387.1,103749at6656,35317605.0,35320928.0,+
GCA_965208005.1,Chr 1,OZ242386.1,103752at6656,22817533.0,22821006.0,+
GCA_965208005.1,Chr 1,OZ242386.1,103908at6656,47456646.0,47453253.0,-
GCA_965208005.1,Chr 3,OZ242385.1,103914at6656,99789651.0,99797836.0,+
GCA_965208005.1,Chr 7,OZ242392.1,104063at6656,13474014.0,13469199.0,-
GCA_965208005.1,Chr 3,OZ242385.1,104122at6656,41314379.0,41330990.0,+
GCA_965208005.1,Chr 2,OZ242387.1,104198at6656,60563662.0,60520604.0,-
GCA_965208005.1,Chr 3,OZ242385.1,104410at6656,101777783.0,101770184.0,-
GCA_965208005.1,Chr 6,OZ242393.1,104588at6656,32680207.0,32689528.0,+
GCA_965208005.1,Chr 11,OZ242390.1,104604at6656,16034224.0,16027544.0,-
GCA_965208005.1,Chr 4,OZ242389.1,104898at6656,49284741.0,49287633.0,+
GCA_965208005.1,Chr 11,OZ242390.1,105000at6656,34563208.0,34564021.0,+
GCA_965208005.1,Chr 1,OZ242386.1,105099at6656,98925571.0,98923573.0,-
GCA_965208005.1,Chr 9,OZ242395.1,105170at6656,25522708.0,25509850.0,-
GCA_965208005.1,Chr 5,OZ242391.1,105364at6656,19510190.0,19513257.0,+
GCA_965208005.1,Chr 8,OZ242388.1,105771at6656,77310677.0,77315184.0,+
GCA_965208005.1,Chr 5,OZ242391.1,106126at6656,37052079.0,37054045.0,+
GCA_965208005.1,Chr 2,OZ242387.1,106639at6656,74969847.0,74968474.0,-
GCA_965208005.1,Chr 6,OZ242393.1,106788at6656,37046205.0,37043031.0,-
GCA_965208005.1,Chr 4,OZ242389.1,106988at6656,74349334.0,74348183.0,-
GCA_965208005.1,Chr 4,OZ242389.1,107030at6656,79429253.0,79426768.0,-
GCA_965208005.1,Chr 2,OZ242387.1,107139at6656,48607580.0,48600042.0,-
GCA_965208005.1,Chr 5,OZ242391.1,107226at6656,64928640.0,64924284.0,-
GCA_965208005.1,Chr 3,OZ242385.1,107353at6656,35434416.0,35433448.0,-
GCA_965208005.1,Chr 5,OZ242391.1,107427at6656,34186510.0,34194642.0,+
GCA_965208005.1,Chr 4,OZ242389.1,107453at6656,36325288.0,36323771.0,-
GCA_965208005.1,Chr 10,OZ242394.1,107615at6656,34283089.0,34284808.0,+
GCA_965208005.1,Chr 7,OZ242392.1,107802at6656,20816362.0,20811755.0,-
GCA_965208005.1,Chr 3,OZ242385.1,107844at6656,71869286.0,71857554.0,-
GCA_965208005.1,Chr 6,OZ242393.1,108162at6656,6217900.0,6220646.0,+
GCA_965208005.1,Chr 3,OZ242385.1,108207at6656,89509955.0,89505809.0,-
GCA_965208005.1,Chr 9,OZ242395.1,108693at6656,39351873.0,39345695.0,-
GCA_965208005.1,Chr 1,OZ242386.1,108702at6656,86972602.0,86976346.0,+
GCA_965208005.1,Chr 6,OZ242393.1,108705at6656,27757425.0,27762363.0,+
GCA_965208005.1,Chr 3,OZ242385.1,108808at6656,103333775.0,103328977.0,-
GCA_965208005.1,Chr 2,OZ242387.1,109131at6656,36065203.0,36064406.0,-
GCA_965208005.1,Chr 6,OZ242393.1,109325at6656,9636789.0,9634118.0,-
GCA_965208005.1,Chr 4,OZ242389.1,109444at6656,64417431.0,64419372.0,+
GCA_965208005.1,Chr 1,OZ242386.1,109484at6656,104549361.0,104550140.0,+
GCA_965208005.1,Chr 3,OZ242385.1,109562at6656,100264345.0,100265535.0,+
GCA_965208005.1,Chr 5,OZ242391.1,109664at6656,43671779.0,43639173.0,-
GCA_965208005.1,Chr 2,OZ242387.1,109724at6656,34257327.0,34262148.0,+
GCA_965208005.1,Chr 1,OZ242386.1,109793at6656,83536683.0,83538089.0,+
GCA_965208005.1,Chr 3,OZ242385.1,109923at6656,95295503.0,95299204.0,+
GCA_965208005.1,Chr 2,OZ242387.1,110129at6656,69377631.0,69376082.0,-
GCA_965208005.1,Chr 11,OZ242390.1,110504at6656,36839321.0,36824932.0,-
GCA_965208005.1,Chr 8,OZ242388.1,110787at6656,63627162.0,63624790.0,-
GCA_965208005.1,Chr 3,OZ242385.1,110982at6656,8251710.0,8256434.0,+
GCA_965208005.1,Chr 11,OZ242390.1,111082at6656,31486326.0,31480080.0,-
GCA_965208005.1,Chr 5,OZ242391.1,111153at6656,53531131.0,53528843.0,-
GCA_965208005.1,Chr 7,OZ242392.1,111236at6656,48723131.0,48721898.0,-
GCA_965208005.1,Chr 11,OZ242390.1,111239at6656,59141587.0,59137888.0,-
GCA_965208005.1,Chr 1,OZ242386.1,111545at6656,104796607.0,104799333.0,+
GCA_965208005.1,Chr 11,OZ242390.1,111851at6656,9064127.0,9052149.0,-
GCA_965208005.1,Chr 1,OZ242386.1,112281at6656,22784307.0,22781285.0,-
GCA_965208005.1,Chr 7,OZ242392.1,112328at6656,32304942.0,32300155.0,-
GCA_965208005.1,Chr 2,OZ242387.1,112360at6656,82161027.0,82164976.0,+
GCA_965208005.1,Chr 2,OZ242387.1,112556at6656,35057483.0,35059177.0,+
GCA_965208005.1,Chr 6,OZ242393.1,112634at6656,45668340.0,45664721.0,-
GCA_965208005.1,Chr 2,OZ242387.1,112645at6656,71676544.0,71679800.0,+
GCA_965208005.1,Chr 3,OZ242385.1,112759at6656,113038592.0,113036871.0,-
GCA_965208005.1,Chr 5,OZ242391.1,113015at6656,42795150.0,42797182.0,+
GCA_965208005.1,Chr 7,OZ242392.1,113300at6656,51761562.0,51764171.0,+
GCA_965208005.1,Chr 9,OZ242395.1,113604at6656,16407409.0,16406293.0,-
GCA_965208005.1,Chr 1,OZ242386.1,113622at6656,83831678.0,83824866.0,-
GCA_965208005.1,Chr 2,OZ242387.1,113641at6656,17980799.0,17971681.0,-
GCA_965208005.1,Chr 5,OZ242391.1,113668at6656,37154412.0,37155859.0,+
GCA_965208005.1,Chr 4,OZ242389.1,113713at6656,21483849.0,21486041.0,+
GCA_965208005.1,Chr 6,OZ242393.1,113817at6656,9642510.0,9643670.0,+
GCA_965208005.1,Chr 2,OZ242387.1,113818at6656,40875471.0,40877513.0,+
GCA_965208005.1,Chr 8,OZ242388.1,113865at6656,39678040.0,39682357.0,+
GCA_965208005.1,Chr 2,OZ242387.1,113960at6656,52486599.0,52484930.0,-
GCA_965208005.1,Chr 4,OZ242389.1,114019at6656,927104.0,930330.0,+
GCA_965208005.1,Chr 1,OZ242386.1,114360at6656,82932384.0,82934623.0,+
GCA_965208005.1,Chr 2,OZ242387.1,114463at6656,7181410.0,7188879.0,+
GCA_965208005.1,Chr 1,OZ242386.1,114609at6656,64150482.0,64147622.0,-
GCA_965208005.1,Chr 1,OZ242386.1,114738at6656,99519516.0,99521848.0,+
GCA_965208005.1,Chr 11,OZ242390.1,114765at6656,57538932.0,57535449.0,-
GCA_965208005.1,Chr 10,OZ242394.1,115001at6656,44682134.0,44672533.0,-
GCA_965208005.1,Chr 10,OZ242394.1,115208at6656,21967025.0,21962931.0,-
GCA_965208005.1,Chr 5,OZ242391.1,115229at6656,21903844.0,21899874.0,-
GCA_965208005.1,Chr 3,OZ242385.1,115252at6656,101180221.0,101175226.0,-
GCA_965208005.1,Chr 4,OZ242389.1,115256at6656,70085630.0,70088062.0,+
GCA_965208005.1,Chr 6,OZ242393.1,115462at6656,42038742.0,42036598.0,-
GCA_965208005.1,Chr 5,OZ242391.1,115537at6656,28526140.0,28530257.0,+
GCA_965208005.1,Chr 1,OZ242386.1,115841at6656,80427313.0,80428913.0,+
GCA_965208005.1,Chr 2,OZ242387.1,115917at6656,74014481.0,74019443.0,+
GCA_965208005.1,Chr 2,OZ242387.1,115986at6656,15338460.0,15341072.0,+
GCA_965208005.1,Chr 2,OZ242387.1,116117at6656,24093575.0,24087599.0,-
GCA_965208005.1,Chr 1,OZ242386.1,116401at6656,83548807.0,83541884.0,-
GCA_965208005.1,Chr 9,OZ242395.1,116608at6656,43292483.0,43287469.0,-
GCA_965208005.1,Chr 7,OZ242392.1,116688at6656,31259083.0,31261564.0,+
GCA_965208005.1,Chr 1,OZ242386.1,116804at6656,63692687.0,63690386.0,-
GCA_965208005.1,Chr 6,OZ242393.1,116982at6656,6980359.0,6983340.0,+
GCA_965208005.1,Chr 10,OZ242394.1,117173at6656,25190716.0,25186487.0,-
GCA_965208005.1,Chr 7,OZ242392.1,117335at6656,4962743.0,4948709.0,-
GCA_965208005.1,Chr 9,OZ242395.1,117399at6656,39422999.0,39420943.0,-
GCA_965208005.1,Chr 8,OZ242388.1,117413at6656,52228520.0,52230914.0,+
GCA_965208005.1,Chr 4,OZ242389.1,117586at6656,79294130.0,79289815.0,-
GCA_965208005.1,Chr 6,OZ242393.1,117742at6656,52371461.0,52367462.0,-
GCA_965208005.1,Chr 10,OZ242394.1,117811at6656,28619354.0,28621204.0,+
GCA_965208005.1,Chr 3,OZ242385.1,117843at6656,5777058.0,5778876.0,+
GCA_965208005.1,Chr 1,OZ242386.1,117947at6656,57350337.0,57347966.0,-
GCA_965208005.1,Chr 4,OZ242389.1,118014at6656,43150888.0,43148647.0,-
GCA_965208005.1,Chr 1,OZ242386.1,118496at6656,91174447.0,91170959.0,-
GCA_965208005.1,Chr 1,OZ242386.1,118527at6656,71965807.0,71967752.0,+
GCA_965208005.1,Chr 6,OZ242393.1,118761at6656,3696352.0,3701008.0,+
GCA_965208005.1,Chr 3,OZ242385.1,118780at6656,87521474.0,87520388.0,-
GCA_965208005.1,Chr 5,OZ242391.1,118807at6656,20315184.0,20308737.0,-
GCA_965208005.1,Chr 3,OZ242385.1,118831at6656,45177081.0,45182282.0,+
GCA_965208005.1,Chr 6,OZ242393.1,118904at6656,38654335.0,38652062.0,-
GCA_965208005.1,Chr 9,OZ242395.1,119012at6656,48525545.0,48523046.0,-
GCA_965208005.1,Chr 3,OZ242385.1,119144at6656,100752077.0,100748613.0,-
GCA_965208005.1,Chr 3,OZ242385.1,119194at6656,32121806.0,32129107.0,+
GCA_965208005.1,Chr 9,OZ242395.1,119438at6656,25943648.0,25947067.0,+
GCA_965208005.1,Chr 8,OZ242388.1,119541at6656,21458433.0,21461081.0,+
GCA_965208005.1,Chr 8,OZ242388.1,119951at6656,38078246.0,38080379.0,+
GCA_965208005.1,Chr 3,OZ242385.1,120047at6656,32978001.0,32976251.0,-
GCA_965208005.1,Chr 5,OZ242391.1,120383at6656,22752378.0,22755864.0,+
GCA_965208005.1,Chr 1,OZ242386.1,120445at6656,80509337.0,80519500.0,+
GCA_965208005.1,Chr 6,OZ242393.1,120875at6656,52871605.0,52865437.0,-
GCA_965208005.1,Chr 5,OZ242391.1,120907at6656,19104796.0,19104285.0,-
GCA_965208005.1,Chr 2,OZ242387.1,120958at6656,68760741.0,68758448.0,-
GCA_965208005.1,Chr 4,OZ242389.1,121002at6656,7594167.0,7585999.0,-
GCA_965208005.1,Chr 3,OZ242385.1,121220at6656,100689894.0,100691042.0,+
GCA_965208005.1,Chr 7,OZ242392.1,121530at6656,59942969.0,59944079.0,+
GCA_965208005.1,Chr 1,OZ242386.1,121558at6656,30810334.0,30809030.0,-
GCA_965208005.1,Chr 5,OZ242391.1,121847at6656,28141802.0,28136444.0,-
GCA_965208005.1,Chr 5,OZ242391.1,122526at6656,29965464.0,29961043.0,-
GCA_965208005.1,Chr 6,OZ242393.1,122816at6656,42005364.0,41999872.0,-
GCA_965208005.1,Chr 4,OZ242389.1,123035at6656,62212568.0,62210322.0,-
GCA_965208005.1,Chr 9,OZ242395.1,123320at6656,33487625.0,33486113.0,-
GCA_965208005.1,Chr 2,OZ242387.1,123409at6656,61997333.0,62002818.0,+
GCA_965208005.1,Chr 2,OZ242387.1,123631at6656,77109475.0,77108960.0,-
GCA_965208005.1,Chr 4,OZ242389.1,123672at6656,32762034.0,32760450.0,-
GCA_965208005.1,Chr 8,OZ242388.1,123790at6656,29829321.0,29823639.0,-
GCA_965208005.1,Chr 6,OZ242393.1,123853at6656,1878237.0,1876532.0,-
GCA_965208005.1,Chr 6,OZ242393.1,124174at6656,44255599.0,44257154.0,+
GCA_965208005.1,Chr 2,OZ242387.1,124282at6656,82290622.0,82288766.0,-
GCA_965208005.1,Chr 5,OZ242391.1,124400at6656,43838882.0,43843867.0,+
GCA_965208005.1,Chr 3,OZ242385.1,124452at6656,105782313.0,105777264.0,-
GCA_965208005.1,Chr 1,OZ242386.1,124628at6656,12936563.0,12935739.0,-
GCA_965208005.1,Chr 9,OZ242395.1,124707at6656,4982617.0,4978249.0,-
GCA_965208005.1,Chr 4,OZ242389.1,124720at6656,74206577.0,74209808.0,+
GCA_965208005.1,Chr 1,OZ242386.1,124730at6656,85517964.0,85521238.0,+
GCA_965208005.1,Chr 3,OZ242385.1,124981at6656,19527491.0,19524749.0,-
GCA_965208005.1,Chr 3,OZ242385.1,125100at6656,106652506.0,106650809.0,-
GCA_965208005.1,Chr 1,OZ242386.1,125127at6656,6069340.0,6066043.0,-
GCA_965208005.1,Chr 6,OZ242393.1,125210at6656,56641242.0,56638330.0,-
GCA_965208005.1,Chr 1,OZ242386.1,125234at6656,6652221.0,6655180.0,+
GCA_965208005.1,Chr 4,OZ242389.1,125238at6656,59812042.0,59810739.0,-
GCA_965208005.1,Chr 2,OZ242387.1,125414at6656,61296454.0,61303560.0,+
GCA_965208005.1,Chr 1,OZ242386.1,125446at6656,63147844.0,63142592.0,-
GCA_965208005.1,Chr 10,OZ242394.1,125452at6656,28459584.0,28455533.0,-
GCA_965208005.1,Chr 1,OZ242386.1,126074at6656,18655607.0,18653345.0,-
GCA_965208005.1,Chr 6,OZ242393.1,126442at6656,31280188.0,31281407.0,+
GCA_965208005.1,Chr 2,OZ242387.1,126483at6656,77436761.0,77435853.0,-
GCA_965208005.1,Chr 1,OZ242386.1,126733at6656,75947160.0,75949114.0,+
GCA_965208005.1,Chr 2,OZ242387.1,127349at6656,72839614.0,72835113.0,-
GCA_965208005.1,Chr 2,OZ242387.1,127511at6656,17281893.0,17280854.0,-
GCA_965208005.1,Chr 2,OZ242387.1,127602at6656,74280897.0,74280095.0,-
GCA_965208005.1,Chr 1,OZ242386.1,127649at6656,72666465.0,72664541.0,-
GCA_965208005.1,Chr 2,OZ242387.1,127661at6656,40080283.0,40081569.0,+
GCA_965208005.1,Chr 6,OZ242393.1,127775at6656,31343904.0,31346767.0,+
GCA_965208005.1,Chr 4,OZ242389.1,127998at6656,22577111.0,22575632.0,-
GCA_965208005.1,Chr 10,OZ242394.1,128030at6656,52213113.0,52210862.0,-
GCA_965208005.1,Chr 1,OZ242386.1,128188at6656,76108803.0,76103919.0,-
GCA_965208005.1,Chr 3,OZ242385.1,128216at6656,95326585.0,95323288.0,-
GCA_965208005.1,Chr 8,OZ242388.1,128331at6656,37347360.0,37343152.0,-
GCA_965208005.1,Chr 3,OZ242385.1,128464at6656,49339987.0,49344424.0,+
GCA_965208005.1,Chr 10,OZ242394.1,128916at6656,33500591.0,33484735.0,-
GCA_965208005.1,Chr 8,OZ242388.1,129077at6656,64236455.0,64330742.0,+
GCA_965208005.1,Chr 1,OZ242386.1,129131at6656,107270195.0,107268240.0,-
GCA_965208005.1,Chr 7,OZ242392.1,129200at6656,59860805.0,59865076.0,+
GCA_965208005.1,Chr 4,OZ242389.1,129593at6656,57920009.0,57923495.0,+
GCA_965208005.1,Chr 2,OZ242387.1,129618at6656,61030709.0,61034346.0,+
GCA_965208005.1,Chr 8,OZ242388.1,129675at6656,21330581.0,21332583.0,+
GCA_965208005.1,Chr 7,OZ242392.1,129886at6656,51114835.0,51115934.0,+
GCA_965208005.1,Chr 7,OZ242392.1,129902at6656,46175578.0,46182247.0,+
GCA_965208005.1,Chr 8,OZ242388.1,129989at6656,63398220.0,63395113.0,-
GCA_965208005.1,Chr 2,OZ242387.1,130105at6656,29982637.0,29978685.0,-
GCA_965208005.1,Chr 4,OZ242389.1,130126at6656,76847599.0,76848261.0,+
GCA_965208005.1,Chr 4,OZ242389.1,130176at6656,24757986.0,24755026.0,-
GCA_965208005.1,Chr 4,OZ242389.1,130363at6656,45248575.0,45243907.0,-
GCA_965208005.1,Chr 1,OZ242386.1,130514at6656,21502646.0,21518975.0,+
GCA_965208005.1,Chr 1,OZ242386.1,130563at6656,20863040.0,20869393.0,+
GCA_965208005.1,Chr 4,OZ242389.1,130663at6656,5059419.0,5060465.0,+
GCA_965208005.1,Chr 8,OZ242388.1,130825at6656,32978819.0,32977924.0,-
GCA_965208005.1,Chr 9,OZ242395.1,130923at6656,51752018.0,51748844.0,-
GCA_965208005.1,Chr 4,OZ242389.1,131276at6656,65163395.0,65164474.0,+
GCA_965208005.1,Chr 9,OZ242395.1,131516at6656,25285329.0,25282392.0,-
GCA_965208005.1,Chr 10,OZ242394.1,131588at6656,44085890.0,44083369.0,-
GCA_965208005.1,Chr 9,OZ242395.1,131668at6656,2737802.0,2735923.0,-
GCA_965208005.1,Chr 11,OZ242390.1,131720at6656,63890608.0,63834803.0,-
GCA_965208005.1,Chr 4,OZ242389.1,131751at6656,72298835.0,72296482.0,-
GCA_965208005.1,Chr 3,OZ242385.1,132329at6656,20010441.0,20018073.0,+
GCA_965208005.1,Chr 2,OZ242387.1,132340at6656,71021455.0,71015070.0,-
GCA_965208005.1,Chr 5,OZ242391.1,132441at6656,37876140.0,37882358.0,+
GCA_965208005.1,Chr 5,OZ242391.1,132760at6656,19609931.0,19607568.0,-
GCA_965208005.1,Chr 4,OZ242389.1,132857at6656,49912782.0,49913501.0,+
GCA_965208005.1,Chr 5,OZ242391.1,133015at6656,11859310.0,11857916.0,-
GCA_965208005.1,Chr 7,OZ242392.1,133329at6656,46913197.0,46912739.0,-
GCA_965208005.1,Chr 7,OZ242392.1,133362at6656,32648677.0,32651481.0,+
GCA_965208005.1,Chr 1,OZ242386.1,133422at6656,102057544.0,102055422.0,-
GCA_965208005.1,Chr 2,OZ242387.1,133603at6656,59803100.0,59801132.0,-
GCA_965208005.1,Chr 8,OZ242388.1,133735at6656,38583054.0,38593202.0,+
GCA_965208005.1,Chr 7,OZ242392.1,133949at6656,60576853.0,60574745.0,-
GCA_965208005.1,Chr 8,OZ242388.1,134073at6656,40582755.0,40585475.0,+
GCA_965208005.1,Chr 4,OZ242389.1,134209at6656,63589091.0,63587509.0,-
GCA_965208005.1,Chr 3,OZ242385.1,134216at6656,97351302.0,97356855.0,+
GCA_965208005.1,Chr 5,OZ242391.1,134673at6656,27925812.0,27927415.0,+
GCA_965208005.1,Chr 3,OZ242385.1,134708at6656,3251092.0,3247982.0,-
GCA_965208005.1,Chr 10,OZ242394.1,134776at6656,39770634.0,39779498.0,+
GCA_965208005.1,Chr 8,OZ242388.1,134853at6656,30122261.0,30123416.0,+
GCA_965208005.1,Chr 5,OZ242391.1,134865at6656,1002541.0,999185.0,-
GCA_965208005.1,Chr 10,OZ242394.1,134885at6656,28269374.0,28278838.0,+
GCA_965208005.1,Chr 3,OZ242385.1,135065at6656,102456174.0,102411669.0,-
GCA_965208005.1,Chr 1,OZ242386.1,135075at6656,5029309.0,5030415.0,+
GCA_965208005.1,Chr 10,OZ242394.1,135107at6656,22402782.0,22390357.0,-
GCA_965208005.1,Chr 2,OZ242387.1,135123at6656,86648400.0,86650510.0,+
GCA_965208005.1,Chr 3,OZ242385.1,135204at6656,5105923.0,5101813.0,-
GCA_965208005.1,Chr 1,OZ242386.1,135215at6656,12956070.0,12959217.0,+
GCA_965208005.1,Chr 10,OZ242394.1,135357at6656,32531617.0,32524506.0,-
GCA_965208005.1,Chr 2,OZ242387.1,135373at6656,70645721.0,70649044.0,+
GCA_965208005.1,Chr 8,OZ242388.1,135391at6656,70453981.0,70457488.0,+
GCA_965208005.1,Chr 6,OZ242393.1,135526at6656,32778001.0,32780915.0,+
GCA_965208005.1,Chr 2,OZ242387.1,135676at6656,41087100.0,41085472.0,-
GCA_965208005.1,Chr 3,OZ242385.1,135690at6656,23149962.0,23146986.0,-
GCA_965208005.1,Chr 3,OZ242385.1,135702at6656,7493790.0,7492512.0,-
GCA_965208005.1,Chr 8,OZ242388.1,135764at6656,76939471.0,76942309.0,+
GCA_965208005.1,Chr 2,OZ242387.1,135828at6656,75501311.0,75499816.0,-
GCA_965208005.1,Chr 11,OZ242390.1,135834at6656,36939301.0,36942028.0,+
GCA_965208005.1,Chr 8,OZ242388.1,135859at6656,67180537.0,67179573.0,-
GCA_965208005.1,Chr 9,OZ242395.1,135975at6656,25504209.0,25505759.0,+
GCA_965208005.1,Chr 5,OZ242391.1,135994at6656,37042915.0,37043238.0,+
GCA_965208005.1,Chr 1,OZ242386.1,136055at6656,57275515.0,57281029.0,+
GCA_965208005.1,Chr 1,OZ242386.1,136119at6656,96487921.0,96491676.0,+
GCA_965208005.1,Chr 4,OZ242389.1,136224at6656,22448169.0,22444194.0,-
GCA_965208005.1,Chr 7,OZ242392.1,136559at6656,52938330.0,52937689.0,-
GCA_965208005.1,Chr 7,OZ242392.1,136888at6656,43308712.0,43309391.0,+
GCA_965208005.1,Chr 5,OZ242391.1,137050at6656,29618781.0,29619507.0,+
GCA_965208005.1,Chr 4,OZ242389.1,137197at6656,25220952.0,25218175.0,-
GCA_965208005.1,Chr 1,OZ242386.1,137202at6656,33663738.0,33668580.0,+
GCA_965208005.1,Chr 2,OZ242387.1,137334at6656,14157182.0,14155366.0,-
GCA_965208005.1,Chr 5,OZ242391.1,137338at6656,39170146.0,39180638.0,+
GCA_965208005.1,Chr 9,OZ242395.1,137609at6656,43844844.0,43845806.0,+
GCA_965208005.1,Chr 8,OZ242388.1,137688at6656,70489196.0,70487665.0,-
GCA_965208005.1,Chr 10,OZ242394.1,137709at6656,34796532.0,34797728.0,+
GCA_965208005.1,Chr 4,OZ242389.1,138243at6656,1062927.0,1059884.0,-
GCA_965208005.1,Chr 2,OZ242387.1,138271at6656,34183398.0,34185233.0,+
GCA_965208005.1,Chr 7,OZ242392.1,138401at6656,53667872.0,53663051.0,-
GCA_965208005.1,Chr 2,OZ242387.1,138502at6656,46062098.0,46061250.0,-
GCA_965208005.1,Chr 3,OZ242385.1,138553at6656,111812430.0,111809321.0,-
GCA_965208005.1,Chr 4,OZ242389.1,138659at6656,65337307.0,65342243.0,+
GCA_965208005.1,Chr 4,OZ242389.1,138684at6656,15716912.0,15706126.0,-
GCA_965208005.1,Chr 2,OZ242387.1,138937at6656,35931478.0,35931004.0,-
GCA_965208005.1,Chr 9,OZ242395.1,139217at6656,43868027.0,43867626.0,-
GCA_965208005.1,Chr 5,OZ242391.1,139553at6656,42314237.0,42312021.0,-
GCA_965208005.1,Chr 6,OZ242393.1,139638at6656,15272307.0,15267294.0,-
GCA_965208005.1,Chr 6,OZ242393.1,139744at6656,60498681.0,60500919.0,+
GCA_965208005.1,Chr 5,OZ242391.1,139834at6656,19340516.0,19336590.0,-
GCA_965208005.1,Chr 11,OZ242390.1,140076at6656,30251128.0,30252215.0,+
GCA_965208005.1,Chr 1,OZ242386.1,140197at6656,75567065.0,75562783.0,-
GCA_965208005.1,Chr 7,OZ242392.1,140198at6656,33245795.0,33244746.0,-
GCA_965208005.1,Chr 1,OZ242386.1,140403at6656,18304508.0,18300621.0,-
GCA_965208005.1,Chr 2,OZ242387.1,140461at6656,37318003.0,37321603.0,+
GCA_965208005.1,Chr 4,OZ242389.1,140693at6656,68325637.0,68327713.0,+
GCA_965208005.1,Chr 4,OZ242389.1,140874at6656,81143811.0,81143187.0,-
GCA_965208005.1,Chr 3,OZ242385.1,140903at6656,100380562.0,100384714.0,+
GCA_965208005.1,Chr 1,OZ242386.1,141031at6656,86930386.0,86933067.0,+
GCA_965208005.1,Chr 7,OZ242392.1,141163at6656,2317460.0,2318715.0,+
GCA_965208005.1,Chr 3,OZ242385.1,141166at6656,44917151.0,44923821.0,+
GCA_965208005.1,Chr 1,OZ242386.1,141298at6656,14900492.0,14896667.0,-
GCA_965208005.1,Chr 4,OZ242389.1,141804at6656,65426703.0,65429180.0,+
GCA_965208005.1,Chr 5,OZ242391.1,141859at6656,39134542.0,39133365.0,-
GCA_965208005.1,Chr 5,OZ242391.1,142388at6656,15596815.0,15594628.0,-
GCA_965208005.1,Chr 3,OZ242385.1,142415at6656,51235243.0,51237404.0,+
GCA_965208005.1,Chr 3,OZ242385.1,142522at6656,96239064.0,96238062.0,-
GCA_965208005.1,Chr 4,OZ242389.1,142613at6656,36754580.0,36751884.0,-
GCA_965208005.1,Chr 2,OZ242387.1,142833at6656,50277304.0,50276514.0,-
GCA_965208005.1,Chr 1,OZ242386.1,143154at6656,56921493.0,56920781.0,-
GCA_965208005.1,Chr 1,OZ242386.1,143279at6656,91391844.0,91389406.0,-
GCA_965208005.1,Chr 7,OZ242392.1,143459at6656,57548043.0,57550270.0,+
GCA_965208005.1,Chr 7,OZ242392.1,143489at6656,4783108.0,4781286.0,-
GCA_965208005.1,Chr 1,OZ242386.1,143626at6656,97111508.0,97109749.0,-
GCA_965208005.1,Chr 7,OZ242392.1,143709at6656,33249163.0,33248525.0,-
GCA_965208005.1,Chr 4,OZ242389.1,143930at6656,24719997.0,24722398.0,+
GCA_965208005.1,Chr 2,OZ242387.1,144337at6656,15089770.0,15091910.0,+
GCA_965208005.1,Chr 7,OZ242392.1,144652at6656,27093084.0,27090912.0,-
GCA_965208005.1,Chr 11,OZ242390.1,144836at6656,36383085.0,36384980.0,+
GCA_965208005.1,Chr 9,OZ242395.1,144851at6656,37383407.0,37388266.0,+
GCA_965208005.1,Chr 8,OZ242388.1,144853at6656,35686373.0,35610729.0,-
GCA_965208005.1,Chr 2,OZ242387.1,145033at6656,45558624.0,45550464.0,-
GCA_965208005.1,Chr 8,OZ242388.1,145102at6656,63874239.0,63874847.0,+
GCA_965208005.1,Chr 5,OZ242391.1,145443at6656,2028679.0,2030479.0,+
GCA_965208005.1,Chr 2,OZ242387.1,145610at6656,68560585.0,68557925.0,-
GCA_965208005.1,Chr 4,OZ242389.1,145811at6656,11095437.0,11092262.0,-
GCA_965208005.1,Chr 11,OZ242390.1,145996at6656,47013613.0,47010739.0,-
GCA_965208005.1,Chr 8,OZ242388.1,146007at6656,20868239.0,20866966.0,-
GCA_965208005.1,Chr 4,OZ242389.1,146036at6656,2814608.0,2813982.0,-
GCA_965208005.1,Chr 6,OZ242393.1,146087at6656,54532825.0,54541330.0,+
GCA_965208005.1,Chr 4,OZ242389.1,146102at6656,64007133.0,64008146.0,+
GCA_965208005.1,Chr 5,OZ242391.1,146103at6656,45428574.0,45429756.0,+
GCA_965208005.1,Chr 1,OZ242386.1,146383at6656,10798504.0,10797772.0,-
GCA_965208005.1,Chr 5,OZ242391.1,146600at6656,17836679.0,17837404.0,+
GCA_965208005.1,Chr 9,OZ242395.1,146920at6656,40913703.0,40914447.0,+
GCA_965208005.1,Chr 1,OZ242386.1,147002at6656,54958335.0,54960584.0,+
GCA_965208005.1,Chr 10,OZ242394.1,147025at6656,9273515.0,9270026.0,-
GCA_965208005.1,Chr 8,OZ242388.1,147322at6656,18360885.0,18363620.0,+
GCA_965208005.1,Chr 7,OZ242392.1,147657at6656,9476595.0,9474683.0,-
GCA_965208005.1,Chr 5,OZ242391.1,147723at6656,50021204.0,50022126.0,+
GCA_965208005.1,Chr 7,OZ242392.1,147852at6656,19941957.0,19940195.0,-
GCA_965208005.1,Chr 6,OZ242393.1,147891at6656,56713610.0,56714913.0,+
GCA_965208005.1,Chr 8,OZ242388.1,147980at6656,33200468.0,33203774.0,+
GCA_965208005.1,Chr 11,OZ242390.1,148134at6656,57116100.0,57112965.0,-
GCA_965208005.1,Chr 9,OZ242395.1,148619at6656,25976122.0,25978113.0,+
GCA_965208005.1,Chr 4,OZ242389.1,148713at6656,17504872.0,17504123.0,-
GCA_965208005.1,Chr 6,OZ242393.1,148851at6656,59095687.0,59097932.0,+
GCA_965208005.1,Chr 6,OZ242393.1,149101at6656,5885666.0,5884219.0,-
GCA_965208005.1,Chr 2,OZ242387.1,149126at6656,78963945.0,78960730.0,-
GCA_965208005.1,Chr 2,OZ242387.1,149251at6656,91636191.0,91638583.0,+
GCA_965208005.1,Chr 5,OZ242391.1,149405at6656,63524235.0,63529376.0,+
GCA_965208005.1,Chr 11,OZ242390.1,149680at6656,53796760.0,53786035.0,-
GCA_965208005.1,Chr 2,OZ242387.1,149753at6656,18623532.0,18627471.0,+
GCA_965208005.1,Chr 3,OZ242385.1,149796at6656,96243139.0,96245818.0,+
GCA_965208005.1,Chr 5,OZ242391.1,149819at6656,52384953.0,52383263.0,-
GCA_965208005.1,Chr 2,OZ242387.1,149973at6656,61105022.0,61106857.0,+
GCA_965208005.1,Chr 11,OZ242390.1,149977at6656,71272953.0,71265050.0,-
GCA_965208005.1,Chr 3,OZ242385.1,150005at6656,19814996.0,19812750.0,-
GCA_965208005.1,Chr 7,OZ242392.1,150049at6656,47907249.0,47905466.0,-
GCA_965208005.1,Chr 8,OZ242388.1,150137at6656,24233254.0,24234975.0,+
GCA_965208005.1,Chr 6,OZ242393.1,150182at6656,23390726.0,23390220.0,-
GCA_965208005.1,Chr 7,OZ242392.1,150251at6656,55485109.0,55477566.0,-
GCA_965208005.1,Chr 6,OZ242393.1,150327at6656,2373033.0,2364382.0,-
GCA_965208005.1,Chr 4,OZ242389.1,150479at6656,61148501.0,61149288.0,+
GCA_965208005.1,Chr 2,OZ242387.1,150583at6656,62040586.0,62036773.0,-
GCA_965208005.1,Chr 6,OZ242393.1,150585at6656,38350194.0,38349393.0,-
GCA_965208005.1,Chr 5,OZ242391.1,150667at6656,33927635.0,33922815.0,-
GCA_965208005.1,Chr 4,OZ242389.1,150765at6656,72466890.0,72465876.0,-
GCA_965208005.1,Chr 5,OZ242391.1,151102at6656,59338045.0,59339809.0,+
GCA_965208005.1,Chr 3,OZ242385.1,151111at6656,29905613.0,29906077.0,+
GCA_965208005.1,Chr 9,OZ242395.1,151114at6656,9370930.0,9370002.0,-
GCA_965208005.1,Chr 7,OZ242392.1,151393at6656,43076496.0,43077818.0,+
GCA_965208005.1,Chr 2,OZ242387.1,151436at6656,68323085.0,68315324.0,-
GCA_965208005.1,Chr 8,OZ242388.1,151642at6656,17742087.0,17738011.0,-
GCA_965208005.1,Chr 3,OZ242385.1,152109at6656,91231177.0,91231502.0,+
GCA_965208005.1,Chr 6,OZ242393.1,152534at6656,9875916.0,9873373.0,-
GCA_965208005.1,Chr 1,OZ242386.1,152871at6656,55996974.0,55995464.0,-
GCA_965208005.1,Chr 6,OZ242393.1,153155at6656,30089602.0,30087251.0,-
GCA_965208005.1,Chr 3,OZ242385.1,153232at6656,43921129.0,43924583.0,+
GCA_965208005.1,Chr 7,OZ242392.1,153312at6656,27032306.0,27033936.0,+
GCA_965208005.1,Chr 10,OZ242394.1,153534at6656,34493614.0,34498838.0,+
GCA_965208005.1,Chr 1,OZ242386.1,153693at6656,72667813.0,72667336.0,-
GCA_965208005.1,Chr 5,OZ242391.1,154133at6656,45416885.0,45421065.0,+
GCA_965208005.1,Chr 2,OZ242387.1,154415at6656,22676934.0,22687735.0,+
GCA_965208005.1,Chr 7,OZ242392.1,154507at6656,33009458.0,33007685.0,-
GCA_965208005.1,Chr 2,OZ242387.1,155285at6656,74960923.0,74961887.0,+
GCA_965208005.1,Chr 6,OZ242393.1,156057at6656,23615583.0,23614166.0,-
GCA_965208005.1,Chr 7,OZ242392.1,156081at6656,27129633.0,27130188.0,+
GCA_965208005.1,Chr 3,OZ242385.1,156111at6656,110128811.0,110127788.0,-
GCA_965208005.1,Chr 1,OZ242386.1,156305at6656,70619797.0,70618701.0,-
GCA_965208005.1,Chr 7,OZ242392.1,156395at6656,19351913.0,19349313.0,-
GCA_965208005.1,Chr 5,OZ242391.1,156728at6656,37071488.0,37057232.0,-
GCA_965208005.1,Chr 2,OZ242387.1,156882at6656,44336451.0,44335758.0,-
GCA_965208005.1,Chr 1,OZ242386.1,156975at6656,75849672.0,75848725.0,-
GCA_965208005.1,Chr 1,OZ242386.1,157486at6656,6141441.0,6137840.0,-
GCA_965208005.1,Chr 2,OZ242387.1,157579at6656,70327192.0,70325203.0,-
GCA_965208005.1,Chr 6,OZ242393.1,157851at6656,33981489.0,33982440.0,+
GCA_965208005.1,Chr 11,OZ242390.1,157879at6656,23140982.0,23140388.0,-
GCA_965208005.1,Chr 3,OZ242385.1,158194at6656,92517206.0,92518181.0,+
GCA_965208005.1,Chr 6,OZ242393.1,158760at6656,59134942.0,59137710.0,+
GCA_965208005.1,Chr 3,OZ242385.1,159231at6656,109998339.0,109997724.0,-
GCA_965208005.1,Chr 6,OZ242393.1,159420at6656,41365473.0,41360971.0,-
GCA_965208005.1,Chr 4,OZ242389.1,159542at6656,62085371.0,62085834.0,+
GCA_965208005.1,Chr 4,OZ242389.1,160675at6656,38210988.0,38211980.0,+
GCA_965208005.1,Chr 5,OZ242391.1,160705at6656,32989563.0,32977054.0,-
GCA_965208005.1,Chr 9,OZ242395.1,161435at6656,9145070.0,9145519.0,+
GCA_965208005.1,Chr 1,OZ242386.1,162059at6656,6944077.0,6942987.0,-
GCA_965208005.1,Chr 3,OZ242385.1,162147at6656,47691871.0,47692557.0,+
GCA_965208005.1,Chr 3,OZ242385.1,162594at6656,7918743.0,7916369.0,-
GCA_965208005.1,Chr 11,OZ242390.1,162628at6656,46191139.0,46192628.0,+
GCA_965208005.1,Chr 7,OZ242392.1,163670at6656,46872352.0,46870646.0,-
GCA_965208005.1,Chr 10,OZ242394.1,163896at6656,1780983.0,1784505.0,+
GCA_965208005.1,Chr 2,OZ242387.1,164354at6656,75492820.0,75494403.0,+
GCA_965208005.1,Chr 9,OZ242395.1,165207at6656,55822903.0,55823614.0,+
GCA_965208005.1,Chr 10,OZ242394.1,165493at6656,33575886.0,33574972.0,-
GCA_965208005.1,Chr 10,OZ242394.1,166476at6656,22519270.0,22520392.0,+
GCA_965208005.1,Chr 2,OZ242387.1,166479at6656,40812000.0,40809981.0,-
GCA_965208005.1,Chr 6,OZ242393.1,166485at6656,18867463.0,18867142.0,-
GCF_017591435.1,Chr 1,NC_059256.1,774at6656,4146319.0,4207625.0,+
GCF_017591435.1,Chr 12,NC_059279.1,980at6656,1784989.0,1879294.0,+
GCF_017591435.1,Chr 3,NC_059295.1,997at6656,17246298.0,17256641.0,+
GCF_017591435.1,Chr 41,NC_059289.1,1166at6656,17463282.0,17508571.0,+
GCF_017591435.1,Chr 41,NC_059289.1,1990at6656,15850694.0,15823645.0,-
GCF_017591435.1,Chr 21,NC_059264.1,2148at6656,2142980.0,2133766.0,-
GCF_017591435.1,Chr 11,NC_059299.1,2456at6656,6537798.0,6527690.0,-
GCF_017591435.1,Chr 18,NC_059278.1,2473at6656,19124084.0,19112257.0,-
GCF_017591435.1,Chr 11,NC_059299.1,3310at6656,9051310.0,9037368.0,-
GCF_017591435.1,Chr 31,NC_059284.1,3585at6656,9817920.0,9993965.0,+
GCF_017591435.1,Chr 1,NC_059256.1,3644at6656,2084221.0,2070280.0,-
GCF_017591435.1,Chr 20,NC_059268.1,4136at6656,3956753.0,3756881.0,-
GCF_017591435.1,Chr 5,NC_059291.1,4227at6656,16512802.0,16694359.0,+
GCF_017591435.1,Chr 6,NC_059300.1,4864at6656,25029727.0,25088533.0,+
GCF_017591435.1,Chr 9,NC_059293.1,5277at6656,15570183.0,15563685.0,-
GCF_017591435.1,Chr 35,NC_059255.1,5616at6656,5792729.0,5801909.0,+
GCF_017591435.1,Chr 8,NC_059281.1,6453at6656,14447194.0,14459607.0,+
GCF_017591435.1,Chr 6,NC_059300.1,6563at6656,8805577.0,8796155.0,-
GCF_017591435.1,Chr 26,NC_059258.1,6715at6656,4883153.0,4864827.0,-
GCF_017591435.1,Chr 43,NC_059283.1,6820at6656,189249.0,165592.0,-
GCF_017591435.1,Chr 49,NC_059280.1,7210at6656,2905292.0,2868297.0,-
GCF_017591435.1,Chr 27,NC_059302.1,8145at6656,4732414.0,4746879.0,+
GCF_017591435.1,Chr 1,NC_059256.1,8495at6656,11082002.0,11078113.0,-
GCF_017591435.1,Chr 19,NC_059303.1,8913at6656,20265492.0,20249007.0,-
GCF_017591435.1,Chr 15,NC_059304.1,9647at6656,17276930.0,17272006.0,-
GCF_017591435.1,Chr 20,NC_059268.1,9648at6656,14121995.0,14130889.0,+
GCF_017591435.1,Chr 44,NC_059267.1,10240at6656,6103970.0,6072757.0,-
GCF_017591435.1,Chr 2,NC_059301.1,10573at6656,28774358.0,28613070.0,-
GCF_017591435.1,Chr 32,NC_059262.1,11384at6656,6568428.0,6588584.0,+
GCF_017591435.1,Chr 12,NC_059279.1,12029at6656,9534545.0,9378464.0,-
GCF_017591435.1,Chr 25,NC_059290.1,12174at6656,5806249.0,5745749.0,-
GCF_017591435.1,Chr 28,NC_059271.1,12383at6656,24560776.0,24565240.0,+
GCF_017591435.1,Chr 15,NC_059304.1,12771at6656,21027674.0,21024759.0,-
GCF_017591435.1,Chr 38,NC_059276.1,12846at6656,5037836.0,5051509.0,+
GCF_017591435.1,Chr 9,NC_059293.1,13019at6656,21962624.0,21953239.0,-
GCF_017591435.1,Chr 2,NC_059301.1,13051at6656,8598737.0,8508018.0,-
GCF_017591435.1,Chr 11,NC_059299.1,13736at6656,6577203.0,6567127.0,-
GCF_017591435.1,Chr 14,NC_059285.1,13833at6656,372767.0,370356.0,-
GCF_017591435.1,Chr 18,NC_059278.1,13858at6656,3482518.0,3479850.0,-
GCF_017591435.1,Chr 18,NC_059278.1,13890at6656,8343747.0,8304711.0,-
GCF_017591435.1,Chr 20,NC_059268.1,13934at6656,14774725.0,14768128.0,-
GCF_017591435.1,Chr 7,NC_059263.1,14090at6656,2888904.0,2897924.0,+
GCF_017591435.1,Chr 37,NC_059260.1,14257at6656,4799855.0,4784107.0,-
GCF_017591435.1,Chr 27,NC_059302.1,14447at6656,15995249.0,15942873.0,-
GCF_017591435.1,Chr 38,NC_059276.1,14995at6656,6697735.0,6690239.0,-
GCF_017591435.1,Chr 17,NC_059275.1,15200at6656,17132831.0,17140160.0,+
GCF_017591435.1,Chr 47,NC_059261.1,15697at6656,7530511.0,7543352.0,+
GCF_017591435.1,Chr 7,NC_059263.1,15905at6656,7346095.0,7354625.0,+
GCF_017591435.1,Chr 16,NC_059296.1,16061at6656,2415393.0,2408082.0,-
GCF_017591435.1,Chr 13,NC_059298.1,16084at6656,4823499.0,4845563.0,+
GCF_017591435.1,Chr 12,NC_059279.1,16220at6656,2382020.0,2387974.0,+
GCF_017591435.1,Chr 16,NC_059296.1,16630at6656,2670757.0,2655450.0,-
GCF_017591435.1,Chr 42,NC_059277.1,16648at6656,5258115.0,5263826.0,+
GCF_017591435.1,Chr 7,NC_059263.1,17096at6656,2381031.0,2389796.0,+
GCF_017591435.1,Chr 8,NC_059281.1,17122at6656,12398529.0,12388405.0,-
GCF_017591435.1,Chr 28,NC_059271.1,17128at6656,27833458.0,27805478.0,-
GCF_017591435.1,Chr 51,NW_025541370.1,17748at6656,705700.0,664870.0,-
GCF_017591435.1,Chr 26,NC_059258.1,18036at6656,1493782.0,1611164.0,+
GCF_017591435.1,Chr 2,NC_059301.1,18055at6656,20026729.0,20058945.0,+
GCF_017591435.1,Chr 50,NC_059265.1,18073at6656,3189659.0,3171132.0,-
GCF_017591435.1,Chr 18,NC_059278.1,18630at6656,11541901.0,11572575.0,+
GCF_017591435.1,Chr 16,NC_059296.1,18929at6656,17495900.0,17488814.0,-
GCF_017591435.1,Chr 17,NC_059275.1,19044at6656,3868031.0,3852972.0,-
GCF_017591435.1,Chr 14,NC_059285.1,19058at6656,1793417.0,1789147.0,-
GCF_017591435.1,Chr 24,NC_059269.1,19104at6656,9727370.0,9724113.0,-
GCF_017591435.1,Chr 15,NC_059304.1,19129at6656,27479173.0,27546801.0,+
GCF_017591435.1,Chr 31,NC_059284.1,19208at6656,6930528.0,6935209.0,+
GCF_017591435.1,Chr 6,NC_059300.1,19289at6656,24167073.0,24131781.0,-
GCF_017591435.1,Chr 3,NC_059295.1,19590at6656,6058100.0,6362302.0,+
GCF_017591435.1,Chr 30,NC_059294.1,19760at6656,1810174.0,1855445.0,+
GCF_017591435.1,Chr 2,NC_059301.1,20093at6656,17744425.0,17730692.0,-
GCF_017591435.1,Chr 11,NC_059299.1,20162at6656,7894725.0,7835269.0,-
GCF_017591435.1,Chr 25,NC_059290.1,20267at6656,11291147.0,11280039.0,-
GCF_017591435.1,Chr 44,NC_059267.1,20935at6656,3936127.0,3941449.0,+
GCF_017591435.1,Chr 36,NC_059287.1,20936at6656,9500823.0,9522083.0,+
GCF_017591435.1,Chr 39,NC_059286.1,21019at6656,13249660.0,13266099.0,+
GCF_017591435.1,Chr 1,NC_059256.1,21361at6656,5047147.0,5034054.0,-
GCF_017591435.1,Chr 5,NC_059291.1,21367at6656,14325112.0,14334224.0,+
GCF_017591435.1,Chr 30,NC_059294.1,22098at6656,14104372.0,14118921.0,+
GCF_017591435.1,Chr 13,NC_059298.1,22148at6656,1488289.0,1461912.0,-
GCF_017591435.1,Chr 12,NC_059279.1,22358at6656,17957425.0,17980504.0,+
GCF_017591435.1,Chr 13,NC_059298.1,22364at6656,14259097.0,14287481.0,+
GCF_017591435.1,Chr 16,NC_059296.1,22468at6656,31686983.0,31661849.0,-
GCF_017591435.1,Chr 25,NC_059290.1,22611at6656,5973292.0,5965329.0,-
GCF_017591435.1,Chr 8,NC_059281.1,22887at6656,3957722.0,3917674.0,-
GCF_017591435.1,Chr 1,NC_059256.1,23309at6656,5508080.0,5521681.0,+
GCF_017591435.1,Chr 31,NC_059284.1,23388at6656,2598045.0,2634433.0,+
GCF_017591435.1,Chr 28,NC_059271.1,23429at6656,7886244.0,7898546.0,+
GCF_017591435.1,Chr 14,NC_059285.1,23917at6656,16159984.0,16170975.0,+
GCF_017591435.1,Chr 4,NC_059292.1,24255at6656,22615474.0,22594382.0,-
GCF_017591435.1,Chr 46,NC_059270.1,24427at6656,2166861.0,2179715.0,+
GCF_017591435.1,Chr 21,NC_059264.1,24459at6656,3532463.0,3524968.0,-
GCF_017591435.1,Chr 14,NC_059285.1,24573at6656,26139916.0,26369739.0,+
GCF_017591435.1,Chr 42,NC_059277.1,25554at6656,6512121.0,6517507.0,+
GCF_017591435.1,Chr 24,NC_059269.1,25680at6656,18196062.0,18193841.0,-
GCF_017591435.1,Chr 10,NC_059272.1,26078at6656,3640682.0,3647221.0,+
GCF_017591435.1,Chr 9,NC_059293.1,26653at6656,10852626.0,10850785.0,-
GCF_017591435.1,Chr 3,NC_059295.1,26734at6656,13883565.0,13872593.0,-
GCF_017591435.1,Chr 25,NC_059290.1,27198at6656,8587501.0,8598808.0,+
GCF_017591435.1,Chr 17,NC_059275.1,27515at6656,3588280.0,3573806.0,-
GCF_017591435.1,Chr 21,NC_059264.1,27617at6656,2612535.0,2604089.0,-
GCF_017591435.1,Chr 4,NC_059292.1,27655at6656,6115611.0,6053393.0,-
GCF_017591435.1,Chr 6,NC_059300.1,28325at6656,3228699.0,3185449.0,-
GCF_017591435.1,Chr 6,NC_059300.1,28380at6656,2731864.0,2788396.0,+
GCF_017591435.1,Chr 43,NC_059283.1,28519at6656,5744379.0,5739619.0,-
GCF_017591435.1,Chr 42,NC_059277.1,28685at6656,1141183.0,1148397.0,+
GCF_017591435.1,Chr 1,NC_059256.1,28872at6656,12555609.0,12578831.0,+
GCF_017591435.1,Chr 27,NC_059302.1,29213at6656,4108474.0,4088949.0,-
GCF_017591435.1,Chr 11,NC_059299.1,29237at6656,2676011.0,2685459.0,+
GCF_017591435.1,Chr 8,NC_059281.1,29365at6656,16319846.0,16324471.0,+
GCF_017591435.1,Chr 36,NC_059287.1,29730at6656,14924490.0,14926947.0,+
GCF_017591435.1,Chr 1,NC_059256.1,29744at6656,3337401.0,3328112.0,-
GCF_017591435.1,Chr 37,NC_059260.1,30156at6656,5844302.0,5824772.0,-
GCF_017591435.1,Chr 25,NC_059290.1,30184at6656,3601392.0,3588601.0,-
GCF_017591435.1,Chr 26,NC_059258.1,30267at6656,6972523.0,6946202.0,-
GCF_017591435.1,Chr 17,NC_059275.1,30463at6656,2916205.0,2897145.0,-
GCF_017591435.1,Chr 9,NC_059293.1,30512at6656,15114486.0,15120443.0,+
GCF_017591435.1,Chr 24,NC_059269.1,30526at6656,16110988.0,16115847.0,+
GCF_017591435.1,Chr 12,NC_059279.1,30642at6656,14191070.0,14202725.0,+
GCF_017591435.1,Chr 25,NC_059290.1,30822at6656,7417746.0,7412256.0,-
GCF_017591435.1,Chr 33,NC_059288.1,30918at6656,6458792.0,6471637.0,+
GCF_017591435.1,Chr 2,NC_059301.1,30962at6656,36309493.0,36247787.0,-
GCF_017591435.1,Chr 25,NC_059290.1,31014at6656,6600656.0,6596925.0,-
GCF_017591435.1,Chr 29,NC_059274.1,31196at6656,2771592.0,2741449.0,-
GCF_017591435.1,Chr 1,NC_059256.1,31333at6656,9464374.0,9457138.0,-
GCF_017591435.1,Chr 22,NC_059297.1,31480at6656,23841201.0,23869265.0,+
GCF_017591435.1,Chr 10,NC_059272.1,31615at6656,22670983.0,22655372.0,-
GCF_017591435.1,Chr 9,NC_059293.1,31634at6656,9811416.0,9806894.0,-
GCF_017591435.1,Chr 42,NC_059277.1,31820at6656,7168264.0,7164715.0,-
GCF_017591435.1,Chr 6,NC_059300.1,31886at6656,1551910.0,1544752.0,-
GCF_017591435.1,Chr 14,NC_059285.1,31919at6656,19250235.0,19223221.0,-
GCF_017591435.1,Chr 5,NC_059291.1,32694at6656,5904648.0,5914250.0,+
GCF_017591435.1,Chr 50,NC_059265.1,32733at6656,5224969.0,5221720.0,-
GCF_017591435.1,Chr 13,NC_059298.1,32851at6656,8760858.0,8744541.0,-
GCF_017591435.1,Chr 20,NC_059268.1,33187at6656,12951258.0,12942403.0,-
GCF_017591435.1,Chr 36,NC_059287.1,33566at6656,2735707.0,2749036.0,+
GCF_017591435.1,Chr 17,NC_059275.1,33794at6656,15856226.0,15866709.0,+
GCF_017591435.1,Chr 6,NC_059300.1,34586at6656,17457313.0,17508691.0,+
GCF_017591435.1,Chr 9,NC_059293.1,34917at6656,10731232.0,10737246.0,+
GCF_017591435.1,Chr 24,NC_059269.1,35035at6656,18911171.0,18897532.0,-
GCF_017591435.1,Chr 15,NC_059304.1,35548at6656,24975945.0,24992586.0,+
GCF_017591435.1,Chr 20,NC_059268.1,35680at6656,14647721.0,14643906.0,-
GCF_017591435.1,Chr 17,NC_059275.1,35708at6656,12703820.0,12773828.0,+
GCF_017591435.1,Chr 3,NC_059295.1,35995at6656,21308222.0,21319845.0,+
GCF_017591435.1,Chr 5,NC_059291.1,36374at6656,781963.0,777817.0,-
GCF_017591435.1,Chr 9,NC_059293.1,36387at6656,17261757.0,17266278.0,+
GCF_017591435.1,Chr 10,NC_059272.1,36403at6656,922182.0,906940.0,-
GCF_017591435.1,Chr 30,NC_059294.1,36463at6656,20320412.0,20289559.0,-
GCF_017591435.1,Chr 13,NC_059298.1,37297at6656,29564059.0,29575338.0,+
GCF_017591435.1,Chr 30,NC_059294.1,37387at6656,9301368.0,9259281.0,-
GCF_017591435.1,Chr 48,NC_059282.1,37678at6656,12593067.0,12586809.0,-
GCF_017591435.1,Chr 44,NC_059267.1,38140at6656,11798327.0,11822347.0,+
GCF_017591435.1,Chr 36,NC_059287.1,38186at6656,7579239.0,7463263.0,-
GCF_017591435.1,Chr 22,NC_059297.1,38303at6656,6149301.0,6141150.0,-
GCF_017591435.1,Chr 46,NC_059270.1,38391at6656,3093386.0,3100828.0,+
GCF_017591435.1,Chr 16,NC_059296.1,38567at6656,180248.0,173275.0,-
GCF_017591435.1,Chr 31,NC_059284.1,38819at6656,11825942.0,11831243.0,+
GCF_017591435.1,Chr 26,NC_059258.1,38928at6656,4464880.0,4452925.0,-
GCF_017591435.1,Chr 8,NC_059281.1,39506at6656,17577303.0,17585946.0,+
GCF_017591435.1,Chr 10,NC_059272.1,39548at6656,4237285.0,4215472.0,-
GCF_017591435.1,Chr 16,NC_059296.1,39783at6656,754945.0,742406.0,-
GCF_017591435.1,Chr 3,NC_059295.1,39809at6656,23471152.0,23477856.0,+
GCF_017591435.1,Chr 39,NC_059286.1,39821at6656,11720006.0,11741839.0,+
GCF_017591435.1,Chr 2,NC_059301.1,40092at6656,15065546.0,15071706.0,+
GCF_017591435.1,Chr 7,NC_059263.1,40240at6656,2823225.0,2815430.0,-
GCF_017591435.1,Chr 24,NC_059269.1,40319at6656,12972425.0,12939732.0,-
GCF_017591435.1,Chr 18,NC_059278.1,40323at6656,19088411.0,19095273.0,+
GCF_017591435.1,Chr 31,NC_059284.1,40399at6656,1091244.0,1129571.0,+
GCF_017591435.1,Chr 48,NC_059282.1,40691at6656,4356351.0,4347402.0,-
GCF_017591435.1,Chr 23,NC_059266.1,40929at6656,5253962.0,5262837.0,+
GCF_017591435.1,Chr 7,NC_059263.1,41522at6656,6118015.0,6112783.0,-
GCF_017591435.1,Chr 37,NC_059260.1,41990at6656,5832403.0,5857951.0,+
GCF_017591435.1,Chr 9,NC_059293.1,42577at6656,21243681.0,21233156.0,-
GCF_017591435.1,Chr 34,NC_059273.1,42622at6656,18490133.0,18513536.0,+
GCF_017591435.1,Chr 9,NC_059293.1,42819at6656,15126884.0,15137200.0,+
GCF_017591435.1,Chr 4,NC_059292.1,42842at6656,35474888.0,35476614.0,+
GCF_017591435.1,Chr 4,NC_059292.1,42943at6656,34200012.0,34207480.0,+
GCF_017591435.1,Chr 8,NC_059281.1,42992at6656,15906701.0,15900830.0,-
GCF_017591435.1,Chr 14,NC_059285.1,43045at6656,1276676.0,1285622.0,+
GCF_017591435.1,Chr 2,NC_059301.1,43236at6656,32376419.0,32421738.0,+
GCF_017591435.1,Chr 15,NC_059304.1,43245at6656,15949196.0,15927690.0,-
GCF_017591435.1,Chr 34,NC_059273.1,43540at6656,18766564.0,18763183.0,-
GCF_017591435.1,Chr 35,NC_059255.1,43728at6656,5723188.0,5714255.0,-
GCF_017591435.1,Chr 12,NC_059279.1,43774at6656,10505732.0,10596362.0,+
GCF_017591435.1,Chr 8,NC_059281.1,44001at6656,13375943.0,13373056.0,-
GCF_017591435.1,Chr 39,NC_059286.1,44123at6656,8986269.0,8981706.0,-
GCF_017591435.1,Chr 23,NC_059266.1,44359at6656,970061.0,976910.0,+
GCF_017591435.1,Chr 18,NC_059278.1,44389at6656,19185846.0,19197090.0,+
GCF_017591435.1,Chr 11,NC_059299.1,44504at6656,9754648.0,9759245.0,+
GCF_017591435.1,Chr 6,NC_059300.1,44630at6656,11501507.0,11491958.0,-
GCF_017591435.1,Chr 3,NC_059295.1,44694at6656,41253896.0,41259217.0,+
GCF_017591435.1,Chr 12,NC_059279.1,44953at6656,6981531.0,6992875.0,+
GCF_017591435.1,Chr 4,NC_059292.1,45131at6656,3013847.0,3027817.0,+
GCF_017591435.1,Chr 16,NC_059296.1,45367at6656,13638452.0,13644864.0,+
GCF_017591435.1,Chr 9,NC_059293.1,45528at6656,21505404.0,21514053.0,+
GCF_017591435.1,Chr 41,NC_059289.1,45556at6656,7926524.0,7924924.0,-
GCF_017591435.1,Chr 28,NC_059271.1,45732at6656,27193433.0,27217367.0,+
GCF_017591435.1,Chr 32,NC_059262.1,45915at6656,5243091.0,5239837.0,-
GCF_017591435.1,Chr 34,NC_059273.1,46430at6656,10742122.0,10737263.0,-
GCF_017591435.1,Chr 22,NC_059297.1,46437at6656,21027354.0,21012558.0,-
GCF_017591435.1,Chr 4,NC_059292.1,46671at6656,22720984.0,22714755.0,-
GCF_017591435.1,Chr 17,NC_059275.1,46679at6656,14618635.0,14626567.0,+
GCF_017591435.1,Chr 7,NC_059263.1,46692at6656,6228673.0,6234726.0,+
GCF_017591435.1,Chr 3,NC_059295.1,46750at6656,15895905.0,15887754.0,-
GCF_017591435.1,Chr 20,NC_059268.1,46960at6656,17225303.0,17229021.0,+
GCF_017591435.1,Chr 41,NC_059289.1,47270at6656,3137485.0,3140492.0,+
GCF_017591435.1,Chr 12,NC_059279.1,47495at6656,16591572.0,16587063.0,-
GCF_017591435.1,Chr 7,NC_059263.1,47500at6656,8433494.0,8449033.0,+
GCF_017591435.1,Chr 33,NC_059288.1,47967at6656,5465598.0,5484394.0,+
GCF_017591435.1,Chr 2,NC_059301.1,48195at6656,21392735.0,21408814.0,+
GCF_017591435.1,Chr 1,NC_059256.1,48466at6656,6811448.0,6795190.0,-
GCF_017591435.1,Chr 3,NC_059295.1,48519at6656,32054093.0,32046147.0,-
GCF_017591435.1,Chr 12,NC_059279.1,48657at6656,1718308.0,1711736.0,-
GCF_017591435.1,Chr 2,NC_059301.1,48836at6656,5978742.0,5982499.0,+
GCF_017591435.1,Chr 46,NC_059270.1,49070at6656,5999538.0,6007184.0,+
GCF_017591435.1,Chr 49,NC_059280.1,49936at6656,3531936.0,3521237.0,-
GCF_017591435.1,Chr 42,NC_059277.1,50191at6656,6168255.0,6174666.0,+
GCF_017591435.1,Chr 9,NC_059293.1,50493at6656,21945175.0,21947285.0,+
GCF_017591435.1,Chr 15,NC_059304.1,50740at6656,6535259.0,6530368.0,-
GCF_017591435.1,Chr 3,NC_059295.1,50792at6656,11435418.0,11386318.0,-
GCF_017591435.1,Chr 24,NC_059269.1,50947at6656,20616305.0,20614101.0,-
GCF_017591435.1,Chr 44,NC_059267.1,51037at6656,10508420.0,10494831.0,-
GCF_017591435.1,Chr 12,NC_059279.1,51280at6656,7596556.0,7594589.0,-
GCF_017591435.1,Chr 12,NC_059279.1,51364at6656,9329184.0,9166236.0,-
GCF_017591435.1,Chr 13,NC_059298.1,51757at6656,29517517.0,29513100.0,-
GCF_017591435.1,Chr 27,NC_059302.1,52210at6656,20324554.0,20318984.0,-
GCF_017591435.1,Chr 12,NC_059279.1,52224at6656,3852346.0,3860497.0,+
GCF_017591435.1,Chr 36,NC_059287.1,52320at6656,10355149.0,10359709.0,+
GCF_017591435.1,Chr 49,NC_059280.1,52422at6656,1806893.0,1804279.0,-
GCF_017591435.1,Chr 25,NC_059290.1,52643at6656,11199260.0,11180321.0,-
GCF_017591435.1,Chr 6,NC_059300.1,52828at6656,27044206.0,27048212.0,+
GCF_017591435.1,Chr 10,NC_059272.1,53243at6656,21806455.0,21800316.0,-
GCF_017591435.1,Chr 1,NC_059256.1,53298at6656,1503285.0,1487046.0,-
GCF_017591435.1,Chr 21,NC_059264.1,53318at6656,4039116.0,4043070.0,+
GCF_017591435.1,Chr 3,NC_059295.1,53993at6656,19932305.0,19933420.0,+
GCF_017591435.1,Chr 22,NC_059297.1,54236at6656,25872475.0,25885338.0,+
GCF_017591435.1,Chr 33,NC_059288.1,54527at6656,5317116.0,5309724.0,-
GCF_017591435.1,Chr 3,NC_059295.1,54679at6656,15861734.0,15853741.0,-
GCF_017591435.1,Chr 36,NC_059287.1,55036at6656,10787139.0,10764630.0,-
GCF_017591435.1,Chr 6,NC_059300.1,55094at6656,24783401.0,24735275.0,-
GCF_017591435.1,Chr 17,NC_059275.1,55108at6656,827639.0,588474.0,-
GCF_017591435.1,Chr 36,NC_059287.1,55260at6656,12501918.0,12510886.0,+
GCF_017591435.1,Chr 4,NC_059292.1,55417at6656,25435630.0,25473607.0,+
GCF_017591435.1,Chr 10,NC_059272.1,55450at6656,8532578.0,8543181.0,+
GCF_017591435.1,Chr 28,NC_059271.1,55599at6656,31847675.0,31871878.0,+
GCF_017591435.1,Chr 13,NC_059298.1,55847at6656,2296395.0,2275685.0,-
GCF_017591435.1,Chr 1,NC_059256.1,55932at6656,8611376.0,8604163.0,-
GCF_017591435.1,Chr 7,NC_059263.1,55953at6656,500312.0,522890.0,+
GCF_017591435.1,Chr 12,NC_059279.1,56010at6656,6327359.0,6310024.0,-
GCF_017591435.1,Chr 26,NC_059258.1,56322at6656,3339684.0,3331542.0,-
GCF_017591435.1,Chr 1,NC_059256.1,56449at6656,3223390.0,3203748.0,-
GCF_017591435.1,Chr 48,NC_059282.1,56523at6656,8850715.0,8846656.0,-
GCF_017591435.1,Chr 2,NC_059301.1,56687at6656,4913853.0,5020499.0,+
GCF_017591435.1,Chr 15,NC_059304.1,56836at6656,16303016.0,16299573.0,-
GCF_017591435.1,Chr 3,NC_059295.1,57262at6656,32142199.0,32135114.0,-
GCF_017591435.1,Chr 5,NC_059291.1,57605at6656,4216577.0,4209806.0,-
GCF_017591435.1,Chr 18,NC_059278.1,57624at6656,5398027.0,5380333.0,-
GCF_017591435.1,Chr 10,NC_059272.1,57932at6656,10882469.0,10880757.0,-
GCF_017591435.1,Chr 7,NC_059263.1,58012at6656,10063289.0,10071013.0,+
GCF_017591435.1,Chr 29,NC_059274.1,58027at6656,13612552.0,13631596.0,+
GCF_017591435.1,Chr 4,NC_059292.1,58110at6656,24076691.0,24091258.0,+
GCF_017591435.1,Chr 38,NC_059276.1,58119at6656,9827545.0,9835133.0,+
GCF_017591435.1,Chr 3,NC_059295.1,58276at6656,34124678.0,34128710.0,+
GCF_017591435.1,Chr 16,NC_059296.1,59084at6656,14482279.0,14463218.0,-
GCF_017591435.1,Chr 5,NC_059291.1,59193at6656,583297.0,579628.0,-
GCF_017591435.1,Chr 15,NC_059304.1,59197at6656,17604935.0,17626805.0,+
GCF_017591435.1,Chr 21,NC_059264.1,59200at6656,3913676.0,3903782.0,-
GCF_017591435.1,Chr 23,NC_059266.1,59226at6656,469849.0,477476.0,+
GCF_017591435.1,Chr 1,NC_059256.1,59393at6656,2485236.0,2477992.0,-
GCF_017591435.1,Chr 10,NC_059272.1,59430at6656,20422161.0,20412781.0,-
GCF_017591435.1,Chr 9,NC_059293.1,59681at6656,8169176.0,8181271.0,+
GCF_017591435.1,Chr 14,NC_059285.1,59824at6656,11473998.0,11465894.0,-
GCF_017591435.1,Chr 8,NC_059281.1,59833at6656,15955057.0,15951888.0,-
GCF_017591435.1,Chr 42,NC_059277.1,60067at6656,11501716.0,11489020.0,-
GCF_017591435.1,Chr 23,NC_059266.1,60299at6656,4129688.0,4122532.0,-
GCF_017591435.1,Chr 31,NC_059284.1,60333at6656,8921999.0,8925741.0,+
GCF_017591435.1,Chr 4,NC_059292.1,60356at6656,2280766.0,2287558.0,+
GCF_017591435.1,Chr 20,NC_059268.1,60468at6656,11330402.0,11321964.0,-
GCF_017591435.1,Chr 6,NC_059300.1,60682at6656,12005855.0,12030672.0,+
GCF_017591435.1,Chr 8,NC_059281.1,60729at6656,8089241.0,8083131.0,-
GCF_017591435.1,Chr 25,NC_059290.1,60750at6656,5332661.0,5304999.0,-
GCF_017591435.1,Chr 30,NC_059294.1,60762at6656,25320555.0,25331788.0,+
GCF_017591435.1,Chr 18,NC_059278.1,61081at6656,18855419.0,18857218.0,+
GCF_017591435.1,Chr 44,NC_059267.1,61096at6656,9286009.0,9302491.0,+
GCF_017591435.1,Chr 43,NC_059283.1,61153at6656,10730313.0,10725839.0,-
GCF_017591435.1,Chr 15,NC_059304.1,61180at6656,9182026.0,9199244.0,+
GCF_017591435.1,Chr 17,NC_059275.1,61261at6656,17928971.0,17932972.0,+
GCF_017591435.1,Chr 15,NC_059304.1,61577at6656,11613287.0,11619758.0,+
GCF_017591435.1,Chr 15,NC_059304.1,61612at6656,543078.0,518477.0,-
GCF_017591435.1,Chr 1,NC_059256.1,62275at6656,4939560.0,4947271.0,+
GCF_017591435.1,Chr 2,NC_059301.1,62580at6656,23544134.0,23547844.0,+
GCF_017591435.1,Chr 39,NC_059286.1,62678at6656,8319132.0,8322992.0,+
GCF_017591435.1,Chr 2,NC_059301.1,62914at6656,3651799.0,3628007.0,-
GCF_017591435.1,Chr 11,NC_059299.1,62979at6656,14946024.0,14961454.0,+
GCF_017591435.1,Chr 14,NC_059285.1,63193at6656,2230424.0,2231701.0,+
GCF_017591435.1,Chr 19,NC_059303.1,63228at6656,4929177.0,4915589.0,-
GCF_017591435.1,Chr 17,NC_059275.1,63461at6656,2598333.0,2594868.0,-
GCF_017591435.1,Chr 22,NC_059297.1,63923at6656,19643980.0,19721390.0,+
GCF_017591435.1,Chr 6,NC_059300.1,63924at6656,11958368.0,11966565.0,+
GCF_017591435.1,Chr 12,NC_059279.1,64046at6656,11657164.0,11690951.0,+
GCF_017591435.1,Chr 33,NC_059288.1,64896at6656,8612788.0,8627084.0,+
GCF_017591435.1,Chr 32,NC_059262.1,65490at6656,5302980.0,5299629.0,-
GCF_017591435.1,Chr 29,NC_059274.1,65508at6656,9122188.0,9156753.0,+
GCF_017591435.1,Chr 5,NC_059291.1,65532at6656,2190387.0,2198988.0,+
GCF_017591435.1,Chr 13,NC_059298.1,65949at6656,28530455.0,28540985.0,+
GCF_017591435.1,Chr 32,NC_059262.1,66028at6656,2555401.0,2566131.0,+
GCF_017591435.1,Chr 36,NC_059287.1,66229at6656,10167794.0,10159420.0,-
GCF_017591435.1,Chr 2,NC_059301.1,66299at6656,14089838.0,14094164.0,+
GCF_017591435.1,Chr 1,NC_059256.1,66366at6656,9881162.0,9890708.0,+
GCF_017591435.1,Chr 19,NC_059303.1,66597at6656,63423.0,224068.0,+
GCF_017591435.1,Chr 6,NC_059300.1,66770at6656,26372782.0,26357900.0,-
GCF_017591435.1,Chr 34,NC_059273.1,67113at6656,18043508.0,18059681.0,+
GCF_017591435.1,Chr 48,NC_059282.1,67166at6656,5499111.0,5509070.0,+
GCF_017591435.1,Chr 9,NC_059293.1,67191at6656,10115999.0,10121283.0,+
GCF_017591435.1,Chr 14,NC_059285.1,67491at6656,15281602.0,15285813.0,+
GCF_017591435.1,Chr 11,NC_059299.1,67583at6656,8764641.0,8760140.0,-
GCF_017591435.1,Chr 32,NC_059262.1,67710at6656,4261410.0,4265192.0,+
GCF_017591435.1,Chr 2,NC_059301.1,68468at6656,14020992.0,14012593.0,-
GCF_017591435.1,Chr 2,NC_059301.1,68491at6656,7474117.0,7486779.0,+
GCF_017591435.1,Chr 12,NC_059279.1,68731at6656,17437131.0,17427521.0,-
GCF_017591435.1,Chr 1,NC_059256.1,68876at6656,6868617.0,6860355.0,-
GCF_017591435.1,Chr 2,NC_059301.1,68939at6656,12135917.0,12124321.0,-
GCF_017591435.1,Chr 41,NC_059289.1,68961at6656,1763952.0,1766495.0,+
GCF_017591435.1,Chr 22,NC_059297.1,68981at6656,12722200.0,12718950.0,-
GCF_017591435.1,Chr 23,NC_059266.1,68987at6656,7096896.0,7111318.0,+
GCF_017591435.1,Chr 9,NC_059293.1,69201at6656,6607912.0,6864224.0,+
GCF_017591435.1,Chr 23,NC_059266.1,69238at6656,8159723.0,8156913.0,-
GCF_017591435.1,Chr 10,NC_059272.1,69284at6656,20438352.0,20436108.0,-
GCF_017591435.1,Chr 7,NC_059263.1,69394at6656,8538250.0,8541467.0,+
GCF_017591435.1,Chr 47,NC_059261.1,69403at6656,6910850.0,6917212.0,+
GCF_017591435.1,Chr 1,NC_059256.1,69742at6656,9405239.0,9410873.0,+
GCF_017591435.1,Chr 3,NC_059295.1,69897at6656,21464907.0,21457521.0,-
GCF_017591435.1,Chr 8,NC_059281.1,70078at6656,14498041.0,14495615.0,-
GCF_017591435.1,Chr 26,NC_059258.1,70201at6656,7009425.0,6987479.0,-
GCF_017591435.1,Chr 14,NC_059285.1,70550at6656,22294541.0,22468740.0,+
GCF_017591435.1,Chr 15,NC_059304.1,70663at6656,24194537.0,24186931.0,-
GCF_017591435.1,Chr 19,NC_059303.1,71018at6656,6667695.0,6665537.0,-
GCF_017591435.1,Chr 8,NC_059281.1,71110at6656,14140686.0,14147030.0,+
GCF_017591435.1,Chr 26,NC_059258.1,71129at6656,3860449.0,3882523.0,+
GCF_017591435.1,Chr 26,NC_059258.1,71199at6656,5642034.0,5647195.0,+
GCF_017591435.1,Chr 43,NC_059283.1,71230at6656,6557429.0,6553528.0,-
GCF_017591435.1,Chr 35,NC_059255.1,71251at6656,4398949.0,4402003.0,+
GCF_017591435.1,Chr 2,NC_059301.1,71483at6656,21814984.0,21809740.0,-
GCF_017591435.1,Chr 29,NC_059274.1,71937at6656,5462151.0,5434716.0,-
GCF_017591435.1,Chr 14,NC_059285.1,72450at6656,15472412.0,15460594.0,-
GCF_017591435.1,Chr 46,NC_059270.1,72578at6656,5200430.0,5205410.0,+
GCF_017591435.1,Chr 9,NC_059293.1,72583at6656,12853473.0,12850073.0,-
GCF_017591435.1,Chr 2,NC_059301.1,72586at6656,32270246.0,32292152.0,+
GCF_017591435.1,Chr 1,NC_059256.1,72782at6656,3349290.0,3353883.0,+
GCF_017591435.1,Chr 2,NC_059301.1,72857at6656,2155982.0,2159375.0,+
GCF_017591435.1,Chr 40,NC_059259.1,73301at6656,10125532.0,10132338.0,+
GCF_017591435.1,Chr 23,NC_059266.1,73455at6656,275598.0,267755.0,-
GCF_017591435.1,Chr 24,NC_059269.1,73456at6656,9953271.0,9914385.0,-
GCF_017591435.1,Chr 18,NC_059278.1,74030at6656,15962417.0,15956675.0,-
GCF_017591435.1,Chr 8,NC_059281.1,74384at6656,4881135.0,4879666.0,-
GCF_017591435.1,Chr 7,NC_059263.1,74655at6656,3379470.0,3383931.0,+
GCF_017591435.1,Chr 27,NC_059302.1,74692at6656,4122338.0,4116409.0,-
GCF_017591435.1,Chr 11,NC_059299.1,74836at6656,2696841.0,2700281.0,+
GCF_017591435.1,Chr 21,NC_059264.1,75692at6656,4332739.0,4339874.0,+
GCF_017591435.1,Chr 2,NC_059301.1,75704at6656,25370103.0,25407884.0,+
GCF_017591435.1,Chr 39,NC_059286.1,75764at6656,12507899.0,12476101.0,-
GCF_017591435.1,Chr 8,NC_059281.1,75982at6656,15964212.0,15970376.0,+
GCF_017591435.1,Chr 25,NC_059290.1,76308at6656,8244356.0,8240812.0,-
GCF_017591435.1,Chr 23,NC_059266.1,76342at6656,5238813.0,5247040.0,+
GCF_017591435.1,Chr 7,NC_059263.1,76573at6656,1729917.0,1725455.0,-
GCF_017591435.1,Chr 10,NC_059272.1,76745at6656,7390543.0,7408026.0,+
GCF_017591435.1,Chr 1,NC_059256.1,76812at6656,10853211.0,10848305.0,-
GCF_017591435.1,Chr 31,NC_059284.1,77197at6656,9677990.0,9673871.0,-
GCF_017591435.1,Chr 2,NC_059301.1,77688at6656,9016077.0,9020548.0,+
GCF_017591435.1,Chr 24,NC_059269.1,77770at6656,20624090.0,20626780.0,+
GCF_017591435.1,Chr 34,NC_059273.1,77883at6656,6042150.0,6046418.0,+
GCF_017591435.1,Chr 14,NC_059285.1,77976at6656,862684.0,871602.0,+
GCF_017591435.1,Chr 41,NC_059289.1,77987at6656,17879519.0,17874768.0,-
GCF_017591435.1,Chr 1,NC_059256.1,78110at6656,5144718.0,5138520.0,-
GCF_017591435.1,Chr 16,NC_059296.1,78202at6656,6846379.0,6828347.0,-
GCF_017591435.1,Chr 35,NC_059255.1,78254at6656,5772811.0,5778503.0,+
GCF_017591435.1,Chr 27,NC_059302.1,78695at6656,8764877.0,8747159.0,-
GCF_017591435.1,Chr 29,NC_059274.1,78758at6656,8426688.0,8445846.0,+
GCF_017591435.1,Chr 40,NC_059259.1,78777at6656,276108.0,310036.0,+
GCF_017591435.1,Chr 4,NC_059292.1,78854at6656,21545661.0,21574593.0,+
GCF_017591435.1,Chr 38,NC_059276.1,78919at6656,6743027.0,6744809.0,+
GCF_017591435.1,Chr 38,NC_059276.1,78921at6656,9837874.0,9843944.0,+
GCF_017591435.1,Chr 20,NC_059268.1,78947at6656,6680230.0,6686238.0,+
GCF_017591435.1,Chr 12,NC_059279.1,78968at6656,7491419.0,7490181.0,-
GCF_017591435.1,Chr 22,NC_059297.1,79241at6656,20426690.0,20440911.0,+
GCF_017591435.1,Chr 10,NC_059272.1,79377at6656,20613100.0,20596539.0,-
GCF_017591435.1,Chr 9,NC_059293.1,79915at6656,12241154.0,12230836.0,-
GCF_017591435.1,Chr 21,NC_059264.1,79993at6656,4391709.0,4384809.0,-
GCF_017591435.1,Chr 8,NC_059281.1,80067at6656,16337679.0,16334038.0,-
GCF_017591435.1,Chr 25,NC_059290.1,80294at6656,6706733.0,6708685.0,+
GCF_017591435.1,Chr 26,NC_059258.1,80317at6656,5635742.0,5629505.0,-
GCF_017591435.1,Chr 11,NC_059299.1,80348at6656,9524563.0,9519543.0,-
GCF_017591435.1,Chr 21,NC_059264.1,80689at6656,12730264.0,12717101.0,-
GCF_017591435.1,Chr 18,NC_059278.1,80693at6656,808819.0,798490.0,-
GCF_017591435.1,Chr 25,NC_059290.1,80948at6656,11924314.0,11919659.0,-
GCF_017591435.1,Chr 41,NC_059289.1,81292at6656,13856990.0,13858758.0,+
GCF_017591435.1,Chr 42,NC_059277.1,81307at6656,12205957.0,12220696.0,+
GCF_017591435.1,Chr 29,NC_059274.1,81406at6656,4851177.0,4857066.0,+
GCF_017591435.1,Chr 6,NC_059300.1,81413at6656,7098189.0,7101465.0,+
GCF_017591435.1,Chr 29,NC_059274.1,81423at6656,5535351.0,5512162.0,-
GCF_017591435.1,Chr 29,NC_059274.1,81650at6656,13053069.0,13047256.0,-
GCF_017591435.1,Chr 16,NC_059296.1,81703at6656,2150214.0,2155834.0,+
GCF_017591435.1,Chr 19,NC_059303.1,81708at6656,15839829.0,15846416.0,+
GCF_017591435.1,Chr 49,NC_059280.1,81919at6656,1608743.0,1614678.0,+
GCF_017591435.1,Chr 19,NC_059303.1,81950at6656,16983904.0,16981219.0,-
GCF_017591435.1,Chr 12,NC_059279.1,83102at6656,18642794.0,18637055.0,-
GCF_017591435.1,Chr 2,NC_059301.1,83164at6656,11939490.0,11948266.0,+
GCF_017591435.1,Chr 31,NC_059284.1,83303at6656,11371564.0,11376358.0,+
GCF_017591435.1,Chr 2,NC_059301.1,83350at6656,4394313.0,4409766.0,+
GCF_017591435.1,Chr 2,NC_059301.1,83372at6656,4440047.0,4415137.0,-
GCF_017591435.1,Chr 35,NC_059255.1,83376at6656,4724736.0,4715505.0,-
GCF_017591435.1,Chr 9,NC_059293.1,83613at6656,21203268.0,21204170.0,+
GCF_017591435.1,Chr 22,NC_059297.1,83673at6656,4802114.0,4810686.0,+
GCF_017591435.1,Chr 44,NC_059267.1,83755at6656,7273161.0,7266859.0,-
GCF_017591435.1,Chr 41,NC_059289.1,83765at6656,6329096.0,6325774.0,-
GCF_017591435.1,Chr 41,NC_059289.1,84028at6656,9118016.0,9120733.0,+
GCF_017591435.1,Chr 8,NC_059281.1,84097at6656,17657052.0,17652580.0,-
GCF_017591435.1,Chr 37,NC_059260.1,84149at6656,671593.0,668392.0,-
GCF_017591435.1,Chr 11,NC_059299.1,84169at6656,6546589.0,6548756.0,+
GCF_017591435.1,Chr 17,NC_059275.1,84422at6656,11541919.0,11535968.0,-
GCF_017591435.1,Chr 30,NC_059294.1,84576at6656,7647695.0,7654231.0,+
GCF_017591435.1,Chr 6,NC_059300.1,84925at6656,33040211.0,33041245.0,+
GCF_017591435.1,Chr 1,NC_059256.1,85103at6656,3691388.0,3684742.0,-
GCF_017591435.1,Chr 13,NC_059298.1,85509at6656,15064037.0,15060261.0,-
GCF_017591435.1,Chr 9,NC_059293.1,85574at6656,11219398.0,11215038.0,-
GCF_017591435.1,Chr 18,NC_059278.1,85680at6656,14065529.0,14083336.0,+
GCF_017591435.1,Chr 2,NC_059301.1,85810at6656,8024047.0,8020095.0,-
GCF_017591435.1,Chr 43,NC_059283.1,86262at6656,10500001.0,10503583.0,+
GCF_017591435.1,Chr 8,NC_059281.1,86318at6656,14707575.0,14705153.0,-
GCF_017591435.1,Chr 11,NC_059299.1,86488at6656,4111526.0,4087786.0,-
GCF_017591435.1,Chr 19,NC_059303.1,86654at6656,19206175.0,19204583.0,-
GCF_017591435.1,Chr 9,NC_059293.1,86889at6656,21495386.0,21492596.0,-
GCF_017591435.1,Chr 5,NC_059291.1,86930at6656,9574707.0,9593197.0,+
GCF_017591435.1,Chr 10,NC_059272.1,87014at6656,6767586.0,6686970.0,-
GCF_017591435.1,Chr 30,NC_059294.1,87089at6656,24983182.0,25000336.0,+
GCF_017591435.1,Chr 30,NC_059294.1,87103at6656,10370291.0,10362317.0,-
GCF_017591435.1,Chr 35,NC_059255.1,87114at6656,6509690.0,6511316.0,+
GCF_017591435.1,Chr 13,NC_059298.1,87139at6656,13394861.0,13401301.0,+
GCF_017591435.1,Chr 18,NC_059278.1,87142at6656,11997613.0,12012076.0,+
GCF_017591435.1,Chr 45,NC_059257.1,87527at6656,10086466.0,10078975.0,-
GCF_017591435.1,Chr 10,NC_059272.1,87575at6656,13101803.0,13080769.0,-
GCF_017591435.1,Chr 3,NC_059295.1,87728at6656,27592468.0,27604320.0,+
GCF_017591435.1,Chr 42,NC_059277.1,87910at6656,10165580.0,10159649.0,-
GCF_017591435.1,Chr 34,NC_059273.1,87928at6656,6911518.0,6907031.0,-
GCF_017591435.1,Chr 8,NC_059281.1,87933at6656,11243638.0,11245888.0,+
GCF_017591435.1,Chr 42,NC_059277.1,88051at6656,7140389.0,7147357.0,+
GCF_017591435.1,Chr 18,NC_059278.1,89064at6656,19232279.0,19235204.0,+
GCF_017591435.1,Chr 37,NC_059260.1,89153at6656,5914186.0,5921430.0,+
GCF_017591435.1,Chr 24,NC_059269.1,89677at6656,7637416.0,7634196.0,-
GCF_017591435.1,Chr 27,NC_059302.1,89713at6656,12167869.0,12158244.0,-
GCF_017591435.1,Chr 24,NC_059269.1,89810at6656,12852241.0,12845130.0,-
GCF_017591435.1,Chr 5,NC_059291.1,89840at6656,19196405.0,19138015.0,-
GCF_017591435.1,Chr 14,NC_059285.1,89864at6656,1799430.0,1805778.0,+
GCF_017591435.1,Chr 33,NC_059288.1,90126at6656,4630544.0,4624075.0,-
GCF_017591435.1,Chr 27,NC_059302.1,90322at6656,21090693.0,21092063.0,+
GCF_017591435.1,Chr 45,NC_059257.1,90580at6656,4764126.0,4769209.0,+
GCF_017591435.1,Chr 16,NC_059296.1,90600at6656,2269548.0,2267470.0,-
GCF_017591435.1,Chr 28,NC_059271.1,90822at6656,27277945.0,27273764.0,-
GCF_017591435.1,Chr 40,NC_059259.1,90931at6656,9414588.0,9406341.0,-
GCF_017591435.1,Chr 9,NC_059293.1,91002at6656,6957582.0,6978736.0,+
GCF_017591435.1,Chr 12,NC_059279.1,91005at6656,16579620.0,16584241.0,+
GCF_017591435.1,Chr 7,NC_059263.1,91313at6656,8461225.0,8462870.0,+
GCF_017591435.1,Chr 50,NC_059265.1,91418at6656,5127479.0,5100105.0,-
GCF_017591435.1,Chr 33,NC_059288.1,91468at6656,3481080.0,3490730.0,+
GCF_017591435.1,Chr 48,NC_059282.1,91933at6656,10726723.0,10731615.0,+
GCF_017591435.1,Chr 46,NC_059270.1,91946at6656,238031.0,274534.0,+
GCF_017591435.1,Chr 37,NC_059260.1,92167at6656,657369.0,662074.0,+
GCF_017591435.1,Chr 28,NC_059271.1,92184at6656,4666844.0,4642789.0,-
GCF_017591435.1,Chr 19,NC_059303.1,92420at6656,17824191.0,17819854.0,-
GCF_017591435.1,Chr 29,NC_059274.1,92576at6656,6151477.0,6146540.0,-
GCF_017591435.1,Chr 4,NC_059292.1,92777at6656,7283280.0,7287447.0,+
GCF_017591435.1,Chr 26,NC_059258.1,92854at6656,438516.0,429000.0,-
GCF_017591435.1,Chr 5,NC_059291.1,93061at6656,11006076.0,11003643.0,-
GCF_017591435.1,Chr 37,NC_059260.1,93085at6656,398763.0,401661.0,+
GCF_017591435.1,Chr 4,NC_059292.1,93152at6656,4500764.0,4497538.0,-
GCF_017591435.1,Chr 14,NC_059285.1,93408at6656,663384.0,660045.0,-
GCF_017591435.1,Chr 30,NC_059294.1,93432at6656,18435583.0,18445162.0,+
GCF_017591435.1,Chr 1,NC_059256.1,93483at6656,7898203.0,7939553.0,+
GCF_017591435.1,Chr 12,NC_059279.1,93507at6656,7650317.0,7654172.0,+
GCF_017591435.1,Chr 10,NC_059272.1,93535at6656,15470167.0,15461530.0,-
GCF_017591435.1,Chr 3,NC_059295.1,93797at6656,39728104.0,39736233.0,+
GCF_017591435.1,Chr 27,NC_059302.1,94054at6656,3176661.0,3174446.0,-
GCF_017591435.1,Chr 23,NC_059266.1,94238at6656,1228974.0,1233882.0,+
GCF_017591435.1,Chr 32,NC_059262.1,94263at6656,5610117.0,5613288.0,+
GCF_017591435.1,Chr 47,NC_059261.1,94304at6656,3669014.0,3661358.0,-
GCF_017591435.1,Chr 33,NC_059288.1,94473at6656,10756007.0,10741368.0,-
GCF_017591435.1,Chr 28,NC_059271.1,94476at6656,26636068.0,26646556.0,+
GCF_017591435.1,Chr 21,NC_059264.1,94842at6656,4525202.0,4532547.0,+
GCF_017591435.1,Chr 1,NC_059256.1,94878at6656,4089079.0,4091133.0,+
GCF_017591435.1,Chr 34,NC_059273.1,95028at6656,2681570.0,2686200.0,+
GCF_017591435.1,Chr 5,NC_059291.1,95089at6656,26324527.0,26318231.0,-
GCF_017591435.1,Chr 1,NC_059256.1,95294at6656,7801541.0,7816941.0,+
GCF_017591435.1,Chr 8,NC_059281.1,95524at6656,13444251.0,13430328.0,-
GCF_017591435.1,Chr 20,NC_059268.1,96251at6656,6933258.0,6939678.0,+
GCF_017591435.1,Chr 20,NC_059268.1,96444at6656,16784857.0,16787250.0,+
GCF_017591435.1,Chr 40,NC_059259.1,96569at6656,10003268.0,9998564.0,-
GCF_017591435.1,Chr 23,NC_059266.1,96592at6656,7486983.0,7483762.0,-
GCF_017591435.1,Chr 14,NC_059285.1,96601at6656,2139324.0,2146131.0,+
GCF_017591435.1,Chr 5,NC_059291.1,96956at6656,23839176.0,23871464.0,+
GCF_017591435.1,Chr 35,NC_059255.1,96971at6656,4186479.0,4190957.0,+
GCF_017591435.1,Chr 6,NC_059300.1,97492at6656,8600514.0,8592948.0,-
GCF_017591435.1,Chr 36,NC_059287.1,97749at6656,7716111.0,7635773.0,-
GCF_017591435.1,Chr 35,NC_059255.1,97763at6656,4771089.0,4776794.0,+
GCF_017591435.1,Chr 15,NC_059304.1,98066at6656,9336194.0,9328575.0,-
GCF_017591435.1,Chr 18,NC_059278.1,98251at6656,309807.0,316691.0,+
GCF_017591435.1,Chr 1,NC_059256.1,98620at6656,3956694.0,3963705.0,+
GCF_017591435.1,Chr 3,NC_059295.1,98755at6656,23304188.0,23300581.0,-
GCF_017591435.1,Chr 2,NC_059301.1,98821at6656,14101778.0,14095495.0,-
GCF_017591435.1,Chr 4,NC_059292.1,98845at6656,24469487.0,24486770.0,+
GCF_017591435.1,Chr 1,NC_059256.1,98927at6656,6476189.0,6476923.0,+
GCF_017591435.1,Chr 11,NC_059299.1,98948at6656,3275008.0,3272875.0,-
GCF_017591435.1,Chr 43,NC_059283.1,99204at6656,8275075.0,8276470.0,+
GCF_017591435.1,Chr 27,NC_059302.1,99270at6656,3216189.0,3212691.0,-
GCF_017591435.1,Chr 47,NC_059261.1,99307at6656,5281467.0,5278469.0,-
GCF_017591435.1,Chr 10,NC_059272.1,99377at6656,11081571.0,11075070.0,-
GCF_017591435.1,Chr 28,NC_059271.1,99519at6656,17410502.0,17402155.0,-
GCF_017591435.1,Chr 10,NC_059272.1,99625at6656,17816733.0,17814047.0,-
GCF_017591435.1,Chr 6,NC_059300.1,99998at6656,11389005.0,11393400.0,+
GCF_017591435.1,Chr 1,NC_059256.1,100070at6656,5129406.0,5133215.0,+
GCF_017591435.1,Chr 11,NC_059299.1,100136at6656,12800655.0,12798366.0,-
GCF_017591435.1,Chr 15,NC_059304.1,100216at6656,14491112.0,14594755.0,+
GCF_017591435.1,Chr 3,NC_059295.1,100296at6656,2185485.0,2373316.0,+
GCF_017591435.1,Chr 14,NC_059285.1,100612at6656,1426008.0,1417995.0,-
GCF_017591435.1,Chr 27,NC_059302.1,100664at6656,11137481.0,11132836.0,-
GCF_017591435.1,Chr 48,NC_059282.1,100673at6656,1702219.0,1706593.0,+
GCF_017591435.1,Chr 4,NC_059292.1,100760at6656,23897467.0,23906765.0,+
GCF_017591435.1,Chr 45,NC_059257.1,101349at6656,6367469.0,6361114.0,-
GCF_017591435.1,Chr 17,NC_059275.1,101359at6656,17103271.0,17099888.0,-
GCF_017591435.1,Chr 15,NC_059304.1,101491at6656,11448287.0,11443363.0,-
GCF_017591435.1,Chr 21,NC_059264.1,101531at6656,4581273.0,4573121.0,-
GCF_017591435.1,Chr 32,NC_059262.1,101621at6656,4217823.0,4210399.0,-
GCF_017591435.1,Chr 11,NC_059299.1,101727at6656,1219715.0,1217271.0,-
GCF_017591435.1,Chr 4,NC_059292.1,101761at6656,4150152.0,4153439.0,+
GCF_017591435.1,Chr 34,NC_059273.1,101767at6656,4088441.0,4081267.0,-
GCF_017591435.1,Chr 29,NC_059274.1,101829at6656,1242656.0,1257941.0,+
GCF_017591435.1,Chr 1,NC_059256.1,101886at6656,4586314.0,4580965.0,-
GCF_017591435.1,Chr 2,NC_059301.1,102321at6656,25778512.0,25781477.0,+
GCF_017591435.1,Chr 2,NC_059301.1,102714at6656,7089817.0,7098553.0,+
GCF_017591435.1,Chr 15,NC_059304.1,102770at6656,16722040.0,16719515.0,-
GCF_017591435.1,Chr 2,NC_059301.1,103125at6656,31158376.0,31161407.0,+
GCF_017591435.1,Chr 11,NC_059299.1,103207at6656,1143083.0,1145112.0,+
GCF_017591435.1,Chr 35,NC_059255.1,103479at6656,4656951.0,4665503.0,+
GCF_017591435.1,Chr 23,NC_059266.1,103590at6656,7415543.0,7418744.0,+
GCF_017591435.1,Chr 15,NC_059304.1,103747at6656,16193570.0,16209340.0,+
GCF_017591435.1,Chr 2,NC_059301.1,103749at6656,14981908.0,14985244.0,+
GCF_017591435.1,Chr 40,NC_059259.1,103752at6656,9533876.0,9542358.0,+
GCF_017591435.1,Chr 7,NC_059263.1,103908at6656,2904856.0,2900620.0,-
GCF_017591435.1,Chr 14,NC_059285.1,103914at6656,9344316.0,9350459.0,+
GCF_017591435.1,Chr 18,NC_059278.1,104063at6656,8425559.0,8420772.0,-
GCF_017591435.1,Chr 30,NC_059294.1,104122at6656,9457465.0,9478052.0,+
GCF_017591435.1,Chr 1,NC_059256.1,104198at6656,9901184.0,9927326.0,+
GCF_017591435.1,Chr 14,NC_059285.1,104410at6656,452236.0,460148.0,+
GCF_017591435.1,Chr 9,NC_059293.1,104588at6656,18291866.0,18286457.0,-
GCF_017591435.1,Chr 47,NC_059261.1,104604at6656,6928722.0,6934924.0,+
GCF_017591435.1,Chr 4,NC_059292.1,105000at6656,38135079.0,38132744.0,-
GCF_017591435.1,Chr 7,NC_059263.1,105099at6656,4899878.0,4892102.0,-
GCF_017591435.1,Chr 3,NC_059295.1,105170at6656,30186864.0,30215145.0,+
GCF_017591435.1,Chr 7,NC_059263.1,105364at6656,9484901.0,9478481.0,-
GCF_017591435.1,Chr 25,NC_059290.1,105771at6656,9336562.0,9329152.0,-
GCF_017591435.1,Chr 34,NC_059273.1,106116at6656,6349155.0,6359754.0,+
GCF_017591435.1,Chr 11,NC_059299.1,106126at6656,10501832.0,10482195.0,-
GCF_017591435.1,Chr 10,NC_059272.1,106466at6656,26163192.0,26158615.0,-
GCF_017591435.1,Chr 3,NC_059295.1,106470at6656,34030245.0,34103358.0,+
GCF_017591435.1,Chr 22,NC_059297.1,106634at6656,25818660.0,25814446.0,-
GCF_017591435.1,Chr 15,NC_059304.1,106639at6656,21810331.0,21816583.0,+
GCF_017591435.1,Chr 26,NC_059258.1,106788at6656,335733.0,338925.0,+
GCF_017591435.1,Chr 17,NC_059275.1,106988at6656,17368908.0,17370047.0,+
GCF_017591435.1,Chr 5,NC_059291.1,107030at6656,20277781.0,20211743.0,-
GCF_017591435.1,Chr 1,NC_059256.1,107139at6656,6128818.0,6124131.0,-
GCF_017591435.1,Chr 5,NC_059291.1,107226at6656,6902629.0,6916241.0,+
GCF_017591435.1,Chr 3,NC_059295.1,107353at6656,18158839.0,18157799.0,-
GCF_017591435.1,Chr 3,NC_059295.1,107427at6656,17294691.0,17291431.0,-
GCF_017591435.1,Chr 23,NC_059266.1,107453at6656,1314306.0,1318722.0,+
GCF_017591435.1,Chr 22,NC_059297.1,107615at6656,14761143.0,14757488.0,-
GCF_017591435.1,Chr 33,NC_059288.1,107802at6656,7146884.0,7156379.0,+
GCF_017591435.1,Chr 40,NC_059259.1,107806at6656,10006942.0,10012283.0,+
GCF_017591435.1,Chr 4,NC_059292.1,107844at6656,6123633.0,6130676.0,+
GCF_017591435.1,Chr 2,NC_059301.1,108162at6656,7473102.0,7467637.0,-
GCF_017591435.1,Chr 23,NC_059266.1,108207at6656,8166324.0,8164519.0,-
GCF_017591435.1,Chr 40,NC_059259.1,108240at6656,1562626.0,1541116.0,-
GCF_017591435.1,Chr 13,NC_059298.1,108693at6656,15490724.0,15498272.0,+
GCF_017591435.1,Chr 37,NC_059260.1,108702at6656,1128486.0,1126674.0,-
GCF_017591435.1,Chr 28,NC_059271.1,108705at6656,15821441.0,15878527.0,+
GCF_017591435.1,Chr 4,NC_059292.1,108808at6656,20756577.0,20742242.0,-
GCF_017591435.1,Chr 19,NC_059303.1,109174at6656,6688823.0,6679143.0,-
GCF_017591435.1,Chr 36,NC_059287.1,109325at6656,5875197.0,5727730.0,-
GCF_017591435.1,Chr 13,NC_059298.1,109444at6656,22426382.0,22356781.0,-
GCF_017591435.1,Chr 37,NC_059260.1,109484at6656,9834035.0,9833256.0,-
GCF_017591435.1,Chr 6,NC_059300.1,109562at6656,31096018.0,31097205.0,+
GCF_017591435.1,Chr 5,NC_059291.1,109664at6656,4573376.0,4706209.0,+
GCF_017591435.1,Chr 27,NC_059302.1,109724at6656,28149134.0,28154521.0,+
GCF_017591435.1,Chr 46,NC_059270.1,109793at6656,11039303.0,11046467.0,+
GCF_017591435.1,Chr 19,NC_059303.1,109923at6656,12912504.0,12909247.0,-
GCF_017591435.1,Chr 49,NC_059280.1,110129at6656,1935021.0,1930706.0,-
GCF_017591435.1,Chr 6,NC_059300.1,110504at6656,10401786.0,10430969.0,+
GCF_017591435.1,Chr 34,NC_059273.1,110787at6656,16676186.0,16671441.0,-
GCF_017591435.1,Chr 17,NC_059275.1,110982at6656,5689642.0,5699305.0,+
GCF_017591435.1,Chr 32,NC_059262.1,111082at6656,7321200.0,7323509.0,+
GCF_017591435.1,Chr 21,NC_059264.1,111153at6656,1762423.0,1765546.0,+
GCF_017591435.1,Chr 39,NC_059286.1,111236at6656,3623171.0,3627641.0,+
GCF_017591435.1,Chr 18,NC_059278.1,111239at6656,3063142.0,3059742.0,-
GCF_017591435.1,Chr 13,NC_059298.1,111545at6656,3206916.0,3221393.0,+
GCF_017591435.1,Chr 36,NC_059287.1,112281at6656,12448284.0,12445046.0,-
GCF_017591435.1,Chr 45,NC_059257.1,112328at6656,6225326.0,6222994.0,-
GCF_017591435.1,Chr 1,NC_059256.1,112360at6656,9211708.0,9205709.0,-
GCF_017591435.1,Chr 4,NC_059292.1,112556at6656,4084607.0,4090159.0,+
GCF_017591435.1,Chr 16,NC_059296.1,112634at6656,5652454.0,5650663.0,-
GCF_017591435.1,Chr 38,NC_059276.1,112645at6656,9729684.0,9738470.0,+
GCF_017591435.1,Chr 24,NC_059269.1,112759at6656,20643964.0,20641783.0,-
GCF_017591435.1,Chr 19,NC_059303.1,113015at6656,14235674.0,14231252.0,-
GCF_017591435.1,Chr 3,NC_059295.1,113300at6656,18449271.0,18452792.0,+
GCF_017591435.1,Chr 17,NC_059275.1,113604at6656,9547705.0,9543819.0,-
GCF_017591435.1,Chr 52,NW_025541621.1,113622at6656,30924.0,41273.0,+
GCF_017591435.1,Chr 30,NC_059294.1,113641at6656,22930925.0,22925867.0,-
GCF_017591435.1,Chr 8,NC_059281.1,113668at6656,16343366.0,16346604.0,+
GCF_017591435.1,Chr 23,NC_059266.1,113713at6656,884781.0,879795.0,-
GCF_017591435.1,Chr 7,NC_059263.1,113817at6656,2927236.0,2925307.0,-
GCF_017591435.1,Chr 27,NC_059302.1,113818at6656,12221927.0,12217048.0,-
GCF_017591435.1,Chr 33,NC_059288.1,113865at6656,9872549.0,9868513.0,-
GCF_017591435.1,Chr 14,NC_059285.1,113960at6656,6613389.0,6618849.0,+
GCF_017591435.1,Chr 11,NC_059299.1,114019at6656,1127838.0,1129969.0,+
GCF_017591435.1,Chr 38,NC_059276.1,114360at6656,9574051.0,9577831.0,+
GCF_017591435.1,Chr 22,NC_059297.1,114463at6656,3440440.0,3448659.0,+
GCF_017591435.1,Chr 32,NC_059262.1,114609at6656,5994357.0,5990626.0,-
GCF_017591435.1,Chr 22,NC_059297.1,114738at6656,25296943.0,25288040.0,-
GCF_017591435.1,Chr 11,NC_059299.1,114765at6656,4850484.0,4853309.0,+
GCF_017591435.1,Chr 36,NC_059287.1,115001at6656,5017491.0,5035024.0,+
GCF_017591435.1,Chr 4,NC_059292.1,115208at6656,11993893.0,12040385.0,+
GCF_017591435.1,Chr 13,NC_059298.1,115229at6656,29219813.0,29214898.0,-
GCF_017591435.1,Chr 14,NC_059285.1,115252at6656,1528387.0,1520977.0,-
GCF_017591435.1,Chr 5,NC_059291.1,115256at6656,25629799.0,25631175.0,+
GCF_017591435.1,Chr 16,NC_059296.1,115462at6656,5655429.0,5662498.0,+
GCF_017591435.1,Chr 7,NC_059263.1,115537at6656,9489090.0,9502289.0,+
GCF_017591435.1,Chr 34,NC_059273.1,115841at6656,5985145.0,5987692.0,+
GCF_017591435.1,Chr 14,NC_059285.1,115917at6656,10684741.0,10687216.0,+
GCF_017591435.1,Chr 8,NC_059281.1,115986at6656,12049549.0,12048270.0,-
GCF_017591435.1,Chr 16,NC_059296.1,116117at6656,2021155.0,2028663.0,+
GCF_017591435.1,Chr 1,NC_059256.1,116401at6656,7221496.0,7238138.0,+
GCF_017591435.1,Chr 10,NC_059272.1,116608at6656,20487342.0,20493198.0,+
GCF_017591435.1,Chr 39,NC_059286.1,116688at6656,7101228.0,7102889.0,+
GCF_017591435.1,Chr 26,NC_059258.1,116804at6656,6672226.0,6675786.0,+
GCF_017591435.1,Chr 46,NC_059270.1,116982at6656,5767640.0,5778400.0,+
GCF_017591435.1,Chr 10,NC_059272.1,117173at6656,898863.0,904070.0,+
GCF_017591435.1,Chr 18,NC_059278.1,117335at6656,15099231.0,15059943.0,-
GCF_017591435.1,Chr 6,NC_059300.1,117399at6656,11931887.0,11934691.0,+
GCF_017591435.1,Chr 29,NC_059274.1,117413at6656,9013766.0,9008119.0,-
GCF_017591435.1,Chr 20,NC_059268.1,117586at6656,9768881.0,9751469.0,-
GCF_017591435.1,Chr 36,NC_059287.1,117742at6656,6195152.0,6213147.0,+
GCF_017591435.1,Chr 16,NC_059296.1,117811at6656,17580311.0,17582820.0,+
GCF_017591435.1,Chr 5,NC_059291.1,117843at6656,572883.0,569086.0,-
GCF_017591435.1,Chr 26,NC_059258.1,117947at6656,5749630.0,5756999.0,+
GCF_017591435.1,Chr 27,NC_059302.1,118014at6656,12806559.0,12810962.0,+
GCF_017591435.1,Chr 19,NC_059303.1,118037at6656,12563173.0,12569238.0,+
GCF_017591435.1,Chr 7,NC_059263.1,118496at6656,852109.0,857612.0,+
GCF_017591435.1,Chr 13,NC_059298.1,118527at6656,1280981.0,1278649.0,-
GCF_017591435.1,Chr 16,NC_059296.1,118761at6656,26482703.0,26485957.0,+
GCF_017591435.1,Chr 53,NW_025541371.1,118780at6656,170343.0,203375.0,+
GCF_017591435.1,Chr 17,NC_059275.1,118807at6656,12633666.0,12638156.0,+
GCF_017591435.1,Chr 42,NC_059277.1,118831at6656,1998375.0,2007479.0,+
GCF_017591435.1,Chr 17,NC_059275.1,118904at6656,5348878.0,5350459.0,+
GCF_017591435.1,Chr 47,NC_059261.1,119012at6656,3467641.0,3458024.0,-
GCF_017591435.1,Chr 6,NC_059300.1,119144at6656,24436382.0,24381321.0,-
GCF_017591435.1,Chr 32,NC_059262.1,119188at6656,6667742.0,6663427.0,-
GCF_017591435.1,Chr 13,NC_059298.1,119194at6656,13635281.0,13643664.0,+
GCF_017591435.1,Chr 27,NC_059302.1,119438at6656,27388576.0,27398543.0,+
GCF_017591435.1,Chr 31,NC_059284.1,119541at6656,12027189.0,12028816.0,+
GCF_017591435.1,Chr 15,NC_059304.1,120047at6656,14212826.0,14209323.0,-
GCF_017591435.1,Chr 29,NC_059274.1,120383at6656,17286027.0,17282774.0,-
GCF_017591435.1,Chr 4,NC_059292.1,120445at6656,25015279.0,24995242.0,-
GCF_017591435.1,Chr 41,NC_059289.1,120875at6656,15738859.0,15748488.0,+
GCF_017591435.1,Chr 47,NC_059261.1,120958at6656,7523899.0,7521485.0,-
GCF_017591435.1,Chr 3,NC_059295.1,121002at6656,34605388.0,34597269.0,-
GCF_017591435.1,Chr 46,NC_059270.1,121530at6656,963085.0,967794.0,+
GCF_017591435.1,Chr 7,NC_059263.1,121558at6656,6090991.0,6092103.0,+
GCF_017591435.1,Chr 6,NC_059300.1,121847at6656,6454102.0,6456962.0,+
GCF_017591435.1,Chr 4,NC_059292.1,121894at6656,20449726.0,20441762.0,-
GCF_017591435.1,Chr 4,NC_059292.1,122665at6656,1784615.0,1791320.0,+
GCF_017591435.1,Chr 37,NC_059260.1,122816at6656,1979139.0,1975635.0,-
GCF_017591435.1,Chr 3,NC_059295.1,123035at6656,37272032.0,37261727.0,-
GCF_017591435.1,Chr 8,NC_059281.1,123320at6656,16357700.0,16356141.0,-
GCF_017591435.1,Chr 16,NC_059296.1,123409at6656,2630601.0,2632380.0,+
GCF_017591435.1,Chr 45,NC_059257.1,123790at6656,8856686.0,8862126.0,+
GCF_017591435.1,Chr 17,NC_059275.1,123853at6656,3618087.0,3619830.0,+
GCF_017591435.1,Chr 43,NC_059283.1,124174at6656,1092838.0,1095525.0,+
GCF_017591435.1,Chr 5,NC_059291.1,124400at6656,12569582.0,12567415.0,-
GCF_017591435.1,Chr 27,NC_059302.1,124452at6656,12652063.0,12689014.0,+
GCF_017591435.1,Chr 3,NC_059295.1,124628at6656,1842495.0,1843331.0,+
GCF_017591435.1,Chr 20,NC_059268.1,124707at6656,12879006.0,12874090.0,-
GCF_017591435.1,Chr 5,NC_059291.1,124720at6656,10272887.0,10265191.0,-
GCF_017591435.1,Chr 11,NC_059299.1,124730at6656,7777832.0,7774319.0,-
GCF_017591435.1,Chr 40,NC_059259.1,124981at6656,9245526.0,9241402.0,-
GCF_017591435.1,Chr 44,NC_059267.1,125100at6656,2574408.0,2569607.0,-
GCF_017591435.1,Chr 1,NC_059256.1,125127at6656,5980291.0,5983779.0,+
GCF_017591435.1,Chr 15,NC_059304.1,125210at6656,11146744.0,11249978.0,+
GCF_017591435.1,Chr 7,NC_059263.1,125238at6656,487799.0,483907.0,-
GCF_017591435.1,Chr 16,NC_059296.1,125452at6656,2673253.0,2674294.0,+
GCF_017591435.1,Chr 37,NC_059260.1,125716at6656,3187411.0,3189569.0,+
GCF_017591435.1,Chr 33,NC_059288.1,126074at6656,177938.0,168713.0,-
GCF_017591435.1,Chr 12,NC_059279.1,126225at6656,7374184.0,7373723.0,-
GCF_017591435.1,Chr 34,NC_059273.1,126442at6656,3529458.0,3531829.0,+
GCF_017591435.1,Chr 3,NC_059295.1,126483at6656,19901614.0,19904004.0,+
GCF_017591435.1,Chr 4,NC_059292.1,126733at6656,17761323.0,17619746.0,-
GCF_017591435.1,Chr 4,NC_059292.1,127349at6656,21743712.0,21789664.0,+
GCF_017591435.1,Chr 44,NC_059267.1,127511at6656,4321857.0,4320907.0,-
GCF_017591435.1,Chr 1,NC_059256.1,127602at6656,10018884.0,10020869.0,+
GCF_017591435.1,Chr 17,NC_059275.1,127649at6656,17144965.0,17146653.0,+
GCF_017591435.1,Chr 31,NC_059284.1,127661at6656,4317417.0,4314654.0,-
GCF_017591435.1,Chr 9,NC_059293.1,127775at6656,10883820.0,10883001.0,-
GCF_017591435.1,Chr 8,NC_059281.1,127998at6656,5582790.0,5580597.0,-
GCF_017591435.1,Chr 7,NC_059263.1,128030at6656,4444876.0,4441907.0,-
GCF_017591435.1,Chr 19,NC_059303.1,128188at6656,12886761.0,12892268.0,+
GCF_017591435.1,Chr 43,NC_059283.1,128216at6656,3334016.0,3335588.0,+
GCF_017591435.1,Chr 8,NC_059281.1,128331at6656,4423929.0,4427022.0,+
GCF_017591435.1,Chr 13,NC_059298.1,128464at6656,22266223.0,22256587.0,-
GCF_017591435.1,Chr 5,NC_059291.1,128916at6656,29447672.0,29445643.0,-
GCF_017591435.1,Chr 29,NC_059274.1,129077at6656,13083815.0,13114992.0,+
GCF_017591435.1,Chr 4,NC_059292.1,129131at6656,37840589.0,37833320.0,-
GCF_017591435.1,Chr 7,NC_059263.1,129200at6656,3422189.0,3416632.0,-
GCF_017591435.1,Chr 3,NC_059295.1,129593at6656,14729908.0,14736329.0,+
GCF_017591435.1,Chr 15,NC_059304.1,129618at6656,11949805.0,11946057.0,-
GCF_017591435.1,Chr 26,NC_059258.1,129675at6656,99313.0,101721.0,+
GCF_017591435.1,Chr 13,NC_059298.1,129886at6656,28678958.0,28680690.0,+
GCF_017591435.1,Chr 16,NC_059296.1,129902at6656,17394368.0,17411584.0,+
GCF_017591435.1,Chr 29,NC_059274.1,129989at6656,8259276.0,8261713.0,+
GCF_017591435.1,Chr 2,NC_059301.1,130105at6656,1863496.0,1889814.0,+
GCF_017591435.1,Chr 5,NC_059291.1,130126at6656,12325666.0,12324938.0,-
GCF_017591435.1,Chr 34,NC_059273.1,130176at6656,5968281.0,5970509.0,+
GCF_017591435.1,Chr 39,NC_059286.1,130514at6656,11635578.0,11633120.0,-
GCF_017591435.1,Chr 39,NC_059286.1,130563at6656,7309346.0,7305377.0,-
GCF_017591435.1,Chr 38,NC_059276.1,130663at6656,6882861.0,6880186.0,-
GCF_017591435.1,Chr 33,NC_059288.1,130825at6656,8558140.0,8573454.0,+
GCF_017591435.1,Chr 1,NC_059256.1,130923at6656,8580469.0,8577089.0,-
GCF_017591435.1,Chr 28,NC_059271.1,131276at6656,32939175.0,32938003.0,-
GCF_017591435.1,Chr 4,NC_059292.1,131495at6656,7249408.0,7242677.0,-
GCF_017591435.1,Chr 6,NC_059300.1,131516at6656,31009065.0,31000234.0,-
GCF_017591435.1,Chr 20,NC_059268.1,131588at6656,6655668.0,6659706.0,+
GCF_017591435.1,Chr 31,NC_059284.1,131642at6656,171469.0,238852.0,+
GCF_017591435.1,Chr 28,NC_059271.1,131668at6656,2480412.0,2471065.0,-
GCF_017591435.1,Chr 43,NC_059283.1,131720at6656,12310174.0,12309524.0,-
GCF_017591435.1,Chr 4,NC_059292.1,131751at6656,2331302.0,2333785.0,+
GCF_017591435.1,Chr 14,NC_059285.1,131921at6656,1230735.0,1227892.0,-
GCF_017591435.1,Chr 24,NC_059269.1,132329at6656,7623228.0,7625619.0,+
GCF_017591435.1,Chr 40,NC_059259.1,132340at6656,9677806.0,9685733.0,+
GCF_017591435.1,Chr 24,NC_059269.1,132441at6656,8640217.0,8635141.0,-
GCF_017591435.1,Chr 2,NC_059301.1,132495at6656,21439886.0,21436267.0,-
GCF_017591435.1,Chr 13,NC_059298.1,132760at6656,10327347.0,10324953.0,-
GCF_017591435.1,Chr 3,NC_059295.1,132857at6656,30281937.0,30288419.0,+
GCF_017591435.1,Chr 45,NC_059257.1,133015at6656,4752248.0,4749040.0,-
GCF_017591435.1,Chr 37,NC_059260.1,133329at6656,6280403.0,6280882.0,+
GCF_017591435.1,Chr 39,NC_059286.1,133362at6656,7921003.0,7924798.0,+
GCF_017591435.1,Chr 45,NC_059257.1,133422at6656,7948550.0,7956081.0,+
GCF_017591435.1,Chr 7,NC_059263.1,133603at6656,3426967.0,3429286.0,+
GCF_017591435.1,Chr 5,NC_059291.1,133735at6656,23315590.0,23309674.0,-
GCF_017591435.1,Chr 18,NC_059278.1,133949at6656,20324593.0,20316450.0,-
GCF_017591435.1,Chr 9,NC_059293.1,134073at6656,2952527.0,2945933.0,-
GCF_017591435.1,Chr 4,NC_059292.1,134209at6656,17505133.0,17577468.0,+
GCF_017591435.1,Chr 7,NC_059263.1,134673at6656,5639798.0,5643259.0,+
GCF_017591435.1,Chr 10,NC_059272.1,134708at6656,14622750.0,14616265.0,-
GCF_017591435.1,Chr 17,NC_059275.1,134776at6656,10210192.0,10211281.0,+
GCF_017591435.1,Chr 32,NC_059262.1,134835at6656,4124610.0,4121871.0,-
GCF_017591435.1,Chr 19,NC_059303.1,134853at6656,18937379.0,18934847.0,-
GCF_017591435.1,Chr 32,NC_059262.1,134865at6656,3715466.0,3719287.0,+
GCF_017591435.1,Chr 14,NC_059285.1,135065at6656,23400630.0,23461855.0,+
GCF_017591435.1,Chr 6,NC_059300.1,135075at6656,8638044.0,8633730.0,-
GCF_017591435.1,Chr 11,NC_059299.1,135123at6656,2393018.0,2391873.0,-
GCF_017591435.1,Chr 23,NC_059266.1,135203at6656,8104460.0,8102118.0,-
GCF_017591435.1,Chr 13,NC_059298.1,135204at6656,13887713.0,13890740.0,+
GCF_017591435.1,Chr 12,NC_059279.1,135215at6656,77427.0,75860.0,-
GCF_017591435.1,Chr 35,NC_059255.1,135357at6656,6653709.0,6655952.0,+
GCF_017591435.1,Chr 4,NC_059292.1,135373at6656,8164747.0,8154101.0,-
GCF_017591435.1,Chr 9,NC_059293.1,135391at6656,16067269.0,16065108.0,-
GCF_017591435.1,Chr 31,NC_059284.1,135526at6656,9220076.0,9222101.0,+
GCF_017591435.1,Chr 48,NC_059282.1,135676at6656,1852836.0,1857338.0,+
GCF_017591435.1,Chr 8,NC_059281.1,135690at6656,14441047.0,14439068.0,-
GCF_017591435.1,Chr 13,NC_059298.1,135702at6656,1494319.0,1492971.0,-
GCF_017591435.1,Chr 43,NC_059283.1,135764at6656,26913.0,23530.0,-
GCF_017591435.1,Chr 1,NC_059256.1,135828at6656,9515048.0,9512689.0,-
GCF_017591435.1,Chr 29,NC_059274.1,135834at6656,188744.0,180373.0,-
GCF_017591435.1,Chr 2,NC_059301.1,135859at6656,33097784.0,33089658.0,-
GCF_017591435.1,Chr 3,NC_059295.1,135975at6656,31202567.0,31212527.0,+
GCF_017591435.1,Chr 30,NC_059294.1,135994at6656,1973977.0,1971847.0,-
GCF_017591435.1,Chr 26,NC_059258.1,136055at6656,5764263.0,5762259.0,-
GCF_017591435.1,Chr 11,NC_059299.1,136119at6656,13383546.0,13406653.0,+
GCF_017591435.1,Chr 10,NC_059272.1,136224at6656,17473314.0,17471964.0,-
GCF_017591435.1,Chr 16,NC_059296.1,136365at6656,7354836.0,7352941.0,-
GCF_017591435.1,Chr 17,NC_059275.1,136559at6656,2140342.0,2139588.0,-
GCF_017591435.1,Chr 40,NC_059259.1,136888at6656,9324624.0,9325768.0,+
GCF_017591435.1,Chr 28,NC_059271.1,137050at6656,5638975.0,5636872.0,-
GCF_017591435.1,Chr 3,NC_059295.1,137197at6656,38446347.0,38482312.0,+
GCF_017591435.1,Chr 22,NC_059297.1,137202at6656,23966391.0,23959465.0,-
GCF_017591435.1,Chr 21,NC_059264.1,137334at6656,6930415.0,6931949.0,+
GCF_017591435.1,Chr 51,NW_025541370.1,137338at6656,890376.0,905237.0,+
GCF_017591435.1,Chr 30,NC_059294.1,137422at6656,25310706.0,25292254.0,-
GCF_017591435.1,Chr 39,NC_059286.1,137609at6656,3246835.0,3245819.0,-
GCF_017591435.1,Chr 22,NC_059297.1,137688at6656,8286131.0,8300610.0,+
GCF_017591435.1,Chr 6,NC_059300.1,137709at6656,6537097.0,6535862.0,-
GCF_017591435.1,Chr 19,NC_059303.1,137711at6656,7633216.0,7631815.0,-
GCF_017591435.1,Chr 19,NC_059303.1,138243at6656,18523802.0,18525127.0,+
GCF_017591435.1,Chr 21,NC_059264.1,138271at6656,2493329.0,2496793.0,+
GCF_017591435.1,Chr 43,NC_059283.1,138379at6656,10041497.0,10043502.0,+
GCF_017591435.1,Chr 21,NC_059264.1,138401at6656,245660.0,250734.0,+
GCF_017591435.1,Chr 30,NC_059294.1,138502at6656,25516162.0,25516941.0,+
GCF_017591435.1,Chr 4,NC_059292.1,138553at6656,7295216.0,7292540.0,-
GCF_017591435.1,Chr 17,NC_059275.1,138659at6656,3627345.0,3624038.0,-
GCF_017591435.1,Chr 14,NC_059285.1,138684at6656,2150133.0,2148540.0,-
GCF_017591435.1,Chr 10,NC_059272.1,138937at6656,25978013.0,25970430.0,-
GCF_017591435.1,Chr 29,NC_059274.1,139217at6656,1797291.0,1797935.0,+
GCF_017591435.1,Chr 2,NC_059301.1,139553at6656,9172727.0,9175949.0,+
GCF_017591435.1,Chr 7,NC_059263.1,139638at6656,3386832.0,3388224.0,+
GCF_017591435.1,Chr 6,NC_059300.1,139744at6656,31129420.0,31132086.0,+
GCF_017591435.1,Chr 13,NC_059298.1,139834at6656,13557690.0,13560720.0,+
GCF_017591435.1,Chr 4,NC_059292.1,140076at6656,7430834.0,7421047.0,-
GCF_017591435.1,Chr 4,NC_059292.1,140197at6656,3007692.0,3002952.0,-
GCF_017591435.1,Chr 44,NC_059267.1,140198at6656,985572.0,983600.0,-
GCF_017591435.1,Chr 24,NC_059269.1,140403at6656,15674305.0,15685315.0,+
GCF_017591435.1,Chr 38,NC_059276.1,140461at6656,5059185.0,5057200.0,-
GCF_017591435.1,Chr 8,NC_059281.1,140693at6656,4101022.0,4106424.0,+
GCF_017591435.1,Chr 5,NC_059291.1,140874at6656,20162162.0,20200455.0,+
GCF_017591435.1,Chr 47,NC_059261.1,140903at6656,5659443.0,5657520.0,-
GCF_017591435.1,Chr 1,NC_059256.1,141031at6656,2971505.0,2944023.0,-
GCF_017591435.1,Chr 44,NC_059267.1,141163at6656,6560090.0,6562234.0,+
GCF_017591435.1,Chr 46,NC_059270.1,141166at6656,3072590.0,3047940.0,-
GCF_017591435.1,Chr 41,NC_059289.1,141175at6656,18879372.0,18873164.0,-
GCF_017591435.1,Chr 1,NC_059256.1,141298at6656,5850423.0,5847872.0,-
GCF_017591435.1,Chr 4,NC_059292.1,141804at6656,8788517.0,8793048.0,+
GCF_017591435.1,Chr 5,NC_059291.1,141859at6656,13426233.0,13431441.0,+
GCF_017591435.1,Chr 33,NC_059288.1,141916at6656,3934145.0,3930507.0,-
GCF_017591435.1,Chr 12,NC_059279.1,142388at6656,10501899.0,10467369.0,-
GCF_017591435.1,Chr 11,NC_059299.1,142415at6656,7764834.0,7763350.0,-
GCF_017591435.1,Chr 10,NC_059272.1,142522at6656,2220558.0,2217319.0,-
GCF_017591435.1,Chr 8,NC_059281.1,142613at6656,8101452.0,8099403.0,-
GCF_017591435.1,Chr 34,NC_059273.1,142833at6656,18672005.0,18671378.0,-
GCF_017591435.1,Chr 6,NC_059300.1,143154at6656,33448712.0,33453773.0,+
GCF_017591435.1,Chr 33,NC_059288.1,143279at6656,216379.0,213617.0,-
GCF_017591435.1,Chr 3,NC_059295.1,143459at6656,20888379.0,20833586.0,-
GCF_017591435.1,Chr 13,NC_059298.1,143489at6656,15120000.0,15117090.0,-
GCF_017591435.1,Chr 39,NC_059286.1,143626at6656,3718449.0,3722934.0,+
GCF_017591435.1,Chr 9,NC_059293.1,143709at6656,15903555.0,15905436.0,+
GCF_017591435.1,Chr 23,NC_059266.1,143930at6656,13065505.0,13087608.0,+
GCF_017591435.1,Chr 11,NC_059299.1,144337at6656,2707098.0,2708772.0,+
GCF_017591435.1,Chr 5,NC_059291.1,144652at6656,13174460.0,13176319.0,+
GCF_017591435.1,Chr 38,NC_059276.1,144836at6656,10134487.0,10135446.0,+
GCF_017591435.1,Chr 42,NC_059277.1,144851at6656,6981005.0,6982091.0,+
GCF_017591435.1,Chr 15,NC_059304.1,144853at6656,3066202.0,3073085.0,+
GCF_017591435.1,Chr 44,NC_059267.1,145033at6656,4989325.0,4985360.0,-
GCF_017591435.1,Chr 8,NC_059281.1,145102at6656,12871560.0,12872721.0,+
GCF_017591435.1,Chr 30,NC_059294.1,145443at6656,24048844.0,24051882.0,+
GCF_017591435.1,Chr 38,NC_059276.1,145610at6656,5341671.0,5334485.0,-
GCF_017591435.1,Chr 3,NC_059295.1,145811at6656,14960573.0,14956726.0,-
GCF_017591435.1,Chr 9,NC_059293.1,145996at6656,21472012.0,21473441.0,+
GCF_017591435.1,Chr 18,NC_059278.1,146007at6656,13035082.0,13033786.0,-
GCF_017591435.1,Chr 3,NC_059295.1,146036at6656,32661077.0,32661514.0,+
GCF_017591435.1,Chr 16,NC_059296.1,146087at6656,28634065.0,28629502.0,-
GCF_017591435.1,Chr 10,NC_059272.1,146102at6656,26167030.0,26171411.0,+
GCF_017591435.1,Chr 15,NC_059304.1,146103at6656,3009647.0,3021373.0,+
GCF_017591435.1,Chr 22,NC_059297.1,146383at6656,14770901.0,14770208.0,-
GCF_017591435.1,Chr 12,NC_059279.1,146600at6656,7598430.0,7600613.0,+
GCF_017591435.1,Chr 38,NC_059276.1,146920at6656,6746670.0,6746212.0,-
GCF_017591435.1,Chr 1,NC_059256.1,147002at6656,7391146.0,7383689.0,-
GCF_017591435.1,Chr 40,NC_059259.1,147025at6656,9754465.0,9748050.0,-
GCF_017591435.1,Chr 4,NC_059292.1,147322at6656,21905756.0,21899818.0,-
GCF_017591435.1,Chr 45,NC_059257.1,147657at6656,1277291.0,1281145.0,+
GCF_017591435.1,Chr 7,NC_059263.1,147723at6656,4449977.0,4451641.0,+
GCF_017591435.1,Chr 1,NC_059256.1,147852at6656,12930241.0,12935559.0,+
GCF_017591435.1,Chr 3,NC_059295.1,147980at6656,33155260.0,33157449.0,+
GCF_017591435.1,Chr 46,NC_059270.1,148134at6656,1736361.0,1614613.0,-
GCF_017591435.1,Chr 22,NC_059297.1,148619at6656,6175530.0,6172026.0,-
GCF_017591435.1,Chr 25,NC_059290.1,148713at6656,11310869.0,11311213.0,+
GCF_017591435.1,Chr 31,NC_059284.1,148851at6656,9202935.0,9200550.0,-
GCF_017591435.1,Chr 45,NC_059257.1,148890at6656,3904963.0,3899934.0,-
GCF_017591435.1,Chr 31,NC_059284.1,149101at6656,11354953.0,11352434.0,-
GCF_017591435.1,Chr 20,NC_059268.1,149126at6656,12936447.0,12933476.0,-
GCF_017591435.1,Chr 32,NC_059262.1,149251at6656,4519812.0,4515336.0,-
GCF_017591435.1,Chr 19,NC_059303.1,149405at6656,8236101.0,8237714.0,+
GCF_017591435.1,Chr 31,NC_059284.1,149753at6656,10023283.0,10022071.0,-
GCF_017591435.1,Chr 16,NC_059296.1,149796at6656,3110360.0,3111875.0,+
GCF_017591435.1,Chr 20,NC_059268.1,149819at6656,4912041.0,4914297.0,+
GCF_017591435.1,Chr 10,NC_059272.1,149973at6656,15551646.0,15552987.0,+
GCF_017591435.1,Chr 41,NC_059289.1,149977at6656,8098306.0,8103149.0,+
GCF_017591435.1,Chr 7,NC_059263.1,150005at6656,8457250.0,8455726.0,-
GCF_017591435.1,Chr 37,NC_059260.1,150049at6656,666102.0,664209.0,-
GCF_017591435.1,Chr 35,NC_059255.1,150137at6656,3829651.0,3824624.0,-
GCF_017591435.1,Chr 30,NC_059294.1,150182at6656,29217831.0,29221488.0,+
GCF_017591435.1,Chr 3,NC_059295.1,150251at6656,14206109.0,14155537.0,-
GCF_017591435.1,Chr 2,NC_059301.1,150327at6656,7457504.0,7453954.0,-
GCF_017591435.1,Chr 32,NC_059262.1,150479at6656,4810602.0,4811684.0,+
GCF_017591435.1,Chr 26,NC_059258.1,150583at6656,3174764.0,3171514.0,-
GCF_017591435.1,Chr 28,NC_059271.1,150585at6656,21584750.0,21579393.0,-
GCF_017591435.1,Chr 23,NC_059266.1,150667at6656,8999195.0,8997082.0,-
GCF_017591435.1,Chr 5,NC_059291.1,150765at6656,793312.0,797209.0,+
GCF_017591435.1,Chr 11,NC_059299.1,151102at6656,943299.0,942120.0,-
GCF_017591435.1,Chr 42,NC_059277.1,151111at6656,11855777.0,11855286.0,-
GCF_017591435.1,Chr 20,NC_059268.1,151114at6656,12251313.0,12252979.0,+
GCF_017591435.1,Chr 19,NC_059303.1,151393at6656,20156750.0,20158423.0,+
GCF_017591435.1,Chr 28,NC_059271.1,151436at6656,21537949.0,21526603.0,-
GCF_017591435.1,Chr 32,NC_059262.1,151642at6656,5355019.0,5353529.0,-
GCF_017591435.1,Chr 2,NC_059301.1,152032at6656,22867476.0,22869447.0,+
GCF_017591435.1,Chr 45,NC_059257.1,152109at6656,1591809.0,1607642.0,+
GCF_017591435.1,Chr 19,NC_059303.1,152402at6656,8447761.0,8454464.0,+
GCF_017591435.1,Chr 21,NC_059264.1,152534at6656,1837036.0,1838156.0,+
GCF_017591435.1,Chr 38,NC_059276.1,152871at6656,6887530.0,6888556.0,+
GCF_017591435.1,Chr 16,NC_059296.1,153155at6656,19457704.0,19467922.0,+
GCF_017591435.1,Chr 24,NC_059269.1,153232at6656,9901859.0,9899820.0,-
GCF_017591435.1,Chr 21,NC_059264.1,153312at6656,6972253.0,6979185.0,+
GCF_017591435.1,Chr 25,NC_059290.1,153534at6656,8105289.0,8116740.0,+
GCF_017591435.1,Chr 27,NC_059302.1,153693at6656,11080045.0,11084777.0,+
GCF_017591435.1,Chr 21,NC_059264.1,153873at6656,2024180.0,2028577.0,+
GCF_017591435.1,Chr 5,NC_059291.1,154133at6656,33166737.0,33168983.0,+
GCF_017591435.1,Chr 2,NC_059301.1,154415at6656,19884107.0,19887062.0,+
GCF_017591435.1,Chr 9,NC_059293.1,154507at6656,3364755.0,3371095.0,+
GCF_017591435.1,Chr 15,NC_059304.1,155285at6656,26153345.0,26158023.0,+
GCF_017591435.1,Chr 12,NC_059279.1,156057at6656,17442133.0,17443297.0,+
GCF_017591435.1,Chr 5,NC_059291.1,156081at6656,24321848.0,24320994.0,-
GCF_017591435.1,Chr 13,NC_059298.1,156111at6656,22245861.0,22238798.0,-
GCF_017591435.1,Chr 26,NC_059258.1,156305at6656,3982007.0,3979910.0,-
GCF_017591435.1,Chr 12,NC_059279.1,156395at6656,4570313.0,4568994.0,-
GCF_017591435.1,Chr 24,NC_059269.1,156728at6656,1086041.0,1142263.0,+
GCF_017591435.1,Chr 49,NC_059280.1,156824at6656,742280.0,746311.0,+
GCF_017591435.1,Chr 35,NC_059255.1,156882at6656,5851618.0,5853033.0,+
GCF_017591435.1,Chr 5,NC_059291.1,156975at6656,13144851.0,13145432.0,+
GCF_017591435.1,Chr 1,NC_059256.1,157486at6656,5527022.0,5524873.0,-
GCF_017591435.1,Chr 49,NC_059280.1,157579at6656,1676795.0,1675656.0,-
GCF_017591435.1,Chr 22,NC_059297.1,157851at6656,3086764.0,3087708.0,+
GCF_017591435.1,Chr 2,NC_059301.1,157879at6656,32324774.0,32300358.0,-
GCF_017591435.1,Chr 4,NC_059292.1,158194at6656,7308030.0,7308893.0,+
GCF_017591435.1,Chr 24,NC_059269.1,158760at6656,16802523.0,16798391.0,-
GCF_017591435.1,Chr 48,NC_059282.1,159231at6656,3475278.0,3474129.0,-
GCF_017591435.1,Chr 20,NC_059268.1,159542at6656,13175247.0,13176702.0,+
GCF_017591435.1,Chr 10,NC_059272.1,160675at6656,17552684.0,17548700.0,-
GCF_017591435.1,Chr 40,NC_059259.1,162147at6656,10357312.0,10356596.0,-
GCF_017591435.1,Chr 17,NC_059275.1,162594at6656,2008398.0,2007550.0,-
GCF_017591435.1,Chr 33,NC_059288.1,162628at6656,10903416.0,10897785.0,-
GCF_017591435.1,Chr 20,NC_059268.1,162841at6656,12771806.0,12773951.0,+
GCF_017591435.1,Chr 25,NC_059290.1,163670at6656,5807515.0,5813566.0,+
GCF_017591435.1,Chr 28,NC_059271.1,163896at6656,7736871.0,7736171.0,-
GCF_017591435.1,Chr 49,NC_059280.1,164354at6656,3352637.0,3349038.0,-
GCF_017591435.1,Chr 25,NC_059290.1,164512at6656,3234714.0,3236233.0,+
GCF_017591435.1,Chr 47,NC_059261.1,165207at6656,6291861.0,6292773.0,+
GCF_017591435.1,Chr 6,NC_059300.1,165493at6656,27168298.0,27172536.0,+
GCF_017591435.1,Chr 35,NC_059255.1,166476at6656,3660852.0,3658227.0,-
GCF_017591435.1,Chr 48,NC_059282.1,166479at6656,2076201.0,2075094.0,-
GCF_017591435.1,Chr 8,NC_059281.1,166485at6656,15879467.0,15879925.0,+
GCF_017591435.1,Chr 13,NC_059298.1,169220at6656,13566765.0,13565437.0,-
GCF_019202785.1,Chr 21,NC_061853.1,774at6656,18242569.0,18190585.0,-
GCF_019202785.1,Chr 17,NC_061847.1,980at6656,1842488.0,1869835.0,+
GCF_019202785.1,Chr 6,NC_061827.1,997at6656,13934258.0,13925058.0,-
GCF_019202785.1,Chr 40,NC_061836.1,1166at6656,14415512.0,14447388.0,+
GCF_019202785.1,Chr 3,NC_061845.1,1885at6656,17035620.0,16961067.0,-
GCF_019202785.1,Chr 40,NC_061836.1,1990at6656,13453157.0,13391674.0,-
GCF_019202785.1,Chr 28,NC_061832.1,2148at6656,13443112.0,13452370.0,+
GCF_019202785.1,Chr 33,NC_061860.1,2473at6656,164128.0,200495.0,+
GCF_019202785.1,Chr 34,NC_061842.1,3310at6656,23173476.0,23220323.0,+
GCF_019202785.1,Chr 10,NC_061830.1,3585at6656,40337890.0,40256999.0,-
GCF_019202785.1,Chr 20,NC_061837.1,3644at6656,13556722.0,13546994.0,-
GCF_019202785.1,Chr 20,NC_061837.1,4136at6656,4066559.0,4106274.0,+
GCF_019202785.1,Chr 8,NC_061854.1,4227at6656,27511665.0,27579313.0,+
GCF_019202785.1,Chr 7,NC_061849.1,4864at6656,12867173.0,12894867.0,+
GCF_019202785.1,Chr 15,NC_061852.1,5277at6656,31681945.0,31664954.0,-
GCF_019202785.1,Chr 19,NC_061819.1,5616at6656,31587427.0,31606060.0,+
GCF_019202785.1,Chr 25,NC_061857.1,6453at6656,18796893.0,18763931.0,-
GCF_019202785.1,Chr 7,NC_061849.1,6563at6656,8945205.0,8936576.0,-
GCF_019202785.1,Chr 10,NC_061830.1,6715at6656,29317217.0,29294477.0,-
GCF_019202785.1,Chr 24,NC_061850.1,6820at6656,16792859.0,16751108.0,-
GCF_019202785.1,Chr 38,NC_061840.1,7210at6656,19674837.0,19696158.0,+
GCF_019202785.1,Chr 29,NC_061834.1,8145at6656,20581075.0,20575500.0,-
GCF_019202785.1,Chr 15,NC_061852.1,8495at6656,30326136.0,30322354.0,-
GCF_019202785.1,Chr 24,NC_061850.1,8847at6656,28485163.0,28471961.0,-
GCF_019202785.1,Chr 34,NC_061842.1,8913at6656,25868341.0,25913500.0,+
GCF_019202785.1,Chr 26,NC_061844.1,9647at6656,12542644.0,12549251.0,+
GCF_019202785.1,Chr 35,NC_061861.1,9648at6656,2920427.0,2959390.0,+
GCF_019202785.1,Chr 37,NC_061846.1,10240at6656,2276319.0,2261974.0,-
GCF_019202785.1,Chr 2,NC_061855.1,10573at6656,4248562.0,4294152.0,+
GCF_019202785.1,Chr 36,NC_061835.1,11384at6656,16472950.0,16428584.0,-
GCF_019202785.1,Chr 17,NC_061847.1,12029at6656,32390009.0,32374769.0,-
GCF_019202785.1,Chr 5,NC_061839.1,12174at6656,18520891.0,18456745.0,-
GCF_019202785.1,Chr 2,NC_061855.1,12383at6656,21783003.0,21785548.0,+
GCF_019202785.1,Chr 26,NC_061844.1,12771at6656,17729316.0,17732222.0,+
GCF_019202785.1,Chr 11,NC_061820.1,12846at6656,44654487.0,44660245.0,+
GCF_019202785.1,Chr 15,NC_061852.1,13019at6656,11628643.0,11632449.0,+
GCF_019202785.1,Chr 34,NC_061842.1,13736at6656,13550760.0,13566666.0,+
GCF_019202785.1,Chr 4,NC_061829.1,13833at6656,863912.0,866344.0,+
GCF_019202785.1,Chr 40,NC_061836.1,13858at6656,33313789.0,33311204.0,-
GCF_019202785.1,Chr 9,NC_061825.1,13890at6656,18040274.0,18029183.0,-
GCF_019202785.1,Chr 24,NC_061850.1,13934at6656,2933027.0,2940524.0,+
GCF_019202785.1,Chr 9,NC_061825.1,14090at6656,38604004.0,38609481.0,+
GCF_019202785.1,Chr 23,NC_061838.1,14257at6656,10706988.0,10690815.0,-
GCF_019202785.1,Chr 30,NC_061831.1,14447at6656,25878684.0,25896298.0,+
GCF_019202785.1,Chr 11,NC_061820.1,14995at6656,1956043.0,1963699.0,+
GCF_019202785.1,Chr 32,NC_061856.1,15200at6656,15855400.0,15832522.0,-
GCF_019202785.1,Chr 11,NC_061820.1,15697at6656,21575303.0,21605413.0,+
GCF_019202785.1,Chr 21,NC_061853.1,15905at6656,9529359.0,9539653.0,+
GCF_019202785.1,Chr 16,NC_061826.1,16061at6656,39059971.0,39070015.0,+
GCF_019202785.1,Chr 13,NC_061822.1,16084at6656,32113492.0,32127989.0,+
GCF_019202785.1,Chr 17,NC_061847.1,16220at6656,31861447.0,31856377.0,-
GCF_019202785.1,Chr 16,NC_061826.1,16630at6656,40606382.0,40613365.0,+
GCF_019202785.1,Chr 13,NC_061822.1,16648at6656,6723832.0,6734397.0,+
GCF_019202785.1,Chr 9,NC_061825.1,17096at6656,37510308.0,37517417.0,+
GCF_019202785.1,Chr 24,NC_061850.1,17122at6656,17365198.0,17349350.0,-
GCF_019202785.1,Chr 15,NC_061852.1,17128at6656,16226073.0,16216726.0,-
GCF_019202785.1,Chr 27,NC_061848.1,17748at6656,27291741.0,27272397.0,-
GCF_019202785.1,Chr 10,NC_061830.1,18036at6656,19474609.0,19371272.0,-
GCF_019202785.1,Chr 2,NC_061855.1,18055at6656,23534595.0,23498107.0,-
GCF_019202785.1,Chr 30,NC_061831.1,18073at6656,4130073.0,4134782.0,+
GCF_019202785.1,Chr 40,NC_061836.1,18630at6656,9577532.0,9585863.0,+
GCF_019202785.1,Chr 16,NC_061826.1,18929at6656,2957867.0,2952852.0,-
GCF_019202785.1,Chr 32,NC_061856.1,19044at6656,14814874.0,14800768.0,-
GCF_019202785.1,Chr 4,NC_061829.1,19058at6656,394769.0,401152.0,+
GCF_019202785.1,Chr 35,NC_061861.1,19104at6656,15920161.0,15926306.0,+
GCF_019202785.1,Chr 11,NC_061820.1,19129at6656,13334329.0,13340220.0,+
GCF_019202785.1,Chr 10,NC_061830.1,19208at6656,4164670.0,4169510.0,+
GCF_019202785.1,Chr 7,NC_061849.1,19289at6656,10190756.0,10198906.0,+
GCF_019202785.1,Chr 1,NC_061821.1,19590at6656,34049196.0,34032796.0,-
GCF_019202785.1,Chr 41,NC_061851.1,19760at6656,5952416.0,5971111.0,+
GCF_019202785.1,Chr 2,NC_061855.1,20093at6656,13187148.0,13163795.0,-
GCF_019202785.1,Chr 34,NC_061842.1,20162at6656,11874657.0,11979012.0,+
GCF_019202785.1,Chr 3,NC_061845.1,20267at6656,13258171.0,13252651.0,-
GCF_019202785.1,Chr 4,NC_061829.1,20935at6656,22966989.0,22955376.0,-
GCF_019202785.1,Chr 21,NC_061853.1,20936at6656,29168661.0,29160296.0,-
GCF_019202785.1,Chr 5,NC_061839.1,21019at6656,386064.0,392762.0,+
GCF_019202785.1,Chr 3,NC_061845.1,21361at6656,7518399.0,7511331.0,-
GCF_019202785.1,Chr 8,NC_061854.1,21367at6656,13821830.0,13828034.0,+
GCF_019202785.1,Chr 41,NC_061851.1,22098at6656,33947284.0,33952919.0,+
GCF_019202785.1,Chr 14,NC_061823.1,22148at6656,11665480.0,11687138.0,+
GCF_019202785.1,Chr 14,NC_061823.1,22364at6656,31082393.0,31129953.0,+
GCF_019202785.1,Chr 16,NC_061826.1,22468at6656,5002925.0,4993397.0,-
GCF_019202785.1,Chr 5,NC_061839.1,22611at6656,26401437.0,26412759.0,+
GCF_019202785.1,Chr 25,NC_061857.1,22887at6656,17063830.0,17086548.0,+
GCF_019202785.1,Chr 3,NC_061845.1,23309at6656,28476786.0,28486514.0,+
GCF_019202785.1,Chr 31,NC_061859.1,23388at6656,35491.0,41444.0,+
GCF_019202785.1,Chr 19,NC_061819.1,23429at6656,32480899.0,32479608.0,-
GCF_019202785.1,Chr 13,NC_061822.1,23917at6656,25666358.0,25674386.0,+
GCF_019202785.1,Chr 3,NC_061845.1,24427at6656,18018798.0,18005818.0,-
GCF_019202785.1,Chr 9,NC_061825.1,24459at6656,34441714.0,34451018.0,+
GCF_019202785.1,Chr 12,NC_061824.1,24556at6656,24880208.0,24893692.0,+
GCF_019202785.1,Chr 1,NC_061821.1,24573at6656,993577.0,996952.0,+
GCF_019202785.1,Chr 13,NC_061822.1,25554at6656,3343582.0,3329857.0,-
GCF_019202785.1,Chr 24,NC_061850.1,25680at6656,16447322.0,16445736.0,-
GCF_019202785.1,Chr 27,NC_061848.1,26078at6656,17546668.0,17524861.0,-
GCF_019202785.1,Chr 2,NC_061855.1,26653at6656,24901074.0,24899251.0,-
GCF_019202785.1,Chr 6,NC_061827.1,26734at6656,367075.0,357538.0,-
GCF_019202785.1,Chr 5,NC_061839.1,27198at6656,23970051.0,23955282.0,-
GCF_019202785.1,Chr 32,NC_061856.1,27515at6656,22128915.0,22146685.0,+
GCF_019202785.1,Chr 9,NC_061825.1,27617at6656,36400458.0,36394150.0,-
GCF_019202785.1,Chr 4,NC_061829.1,27655at6656,1740838.0,1687730.0,-
GCF_019202785.1,Chr 7,NC_061849.1,28325at6656,2833332.0,2859711.0,+
GCF_019202785.1,Chr 7,NC_061849.1,28380at6656,23856600.0,23834609.0,-
GCF_019202785.1,Chr 5,NC_061839.1,28519at6656,16493449.0,16486759.0,-
GCF_019202785.1,Chr 37,NC_061846.1,28685at6656,2904495.0,2912326.0,+
GCF_019202785.1,Chr 24,NC_061850.1,28872at6656,9324905.0,9312386.0,-
GCF_019202785.1,Chr 30,NC_061831.1,29213at6656,28981075.0,29013188.0,+
GCF_019202785.1,Chr 31,NC_061859.1,29237at6656,6803094.0,6791013.0,-
GCF_019202785.1,Chr 25,NC_061857.1,29365at6656,7158748.0,7163887.0,+
GCF_019202785.1,Chr 19,NC_061819.1,29730at6656,9030639.0,9034130.0,+
GCF_019202785.1,Chr 20,NC_061837.1,29744at6656,24744968.0,24755460.0,+
GCF_019202785.1,Chr 23,NC_061838.1,30156at6656,23025144.0,23016290.0,-
GCF_019202785.1,Chr 5,NC_061839.1,30184at6656,12901484.0,12907799.0,+
GCF_019202785.1,Chr 10,NC_061830.1,30267at6656,25840150.0,25827956.0,-
GCF_019202785.1,Chr 33,NC_061860.1,30463at6656,3418401.0,3408933.0,-
GCF_019202785.1,Chr 22,NC_061841.1,30512at6656,5168320.0,5156207.0,-
GCF_019202785.1,Chr 35,NC_061861.1,30526at6656,1735836.0,1757659.0,+
GCF_019202785.1,Chr 17,NC_061847.1,30642at6656,17558400.0,17550982.0,-
GCF_019202785.1,Chr 5,NC_061839.1,30822at6656,16579906.0,16596170.0,+
GCF_019202785.1,Chr 11,NC_061820.1,30918at6656,13662183.0,13674012.0,+
GCF_019202785.1,Chr 2,NC_061855.1,30962at6656,986995.0,993434.0,+
GCF_019202785.1,Chr 42,NC_061843.1,31014at6656,7884746.0,7881372.0,-
GCF_019202785.1,Chr 7,NC_061849.1,31119at6656,23598057.0,23592793.0,-
GCF_019202785.1,Chr 4,NC_061829.1,31196at6656,23470663.0,23417722.0,-
GCF_019202785.1,Chr 38,NC_061840.1,31333at6656,4462964.0,4452008.0,-
GCF_019202785.1,Chr 1,NC_061821.1,31480at6656,14597353.0,14626083.0,+
GCF_019202785.1,Chr 30,NC_061831.1,31615at6656,12727285.0,12716054.0,-
GCF_019202785.1,Chr 22,NC_061841.1,31634at6656,16487384.0,16473940.0,-
GCF_019202785.1,Chr 13,NC_061822.1,31820at6656,25232983.0,25236417.0,+
GCF_019202785.1,Chr 7,NC_061849.1,31886at6656,17470737.0,17475063.0,+
GCF_019202785.1,Chr 13,NC_061822.1,31919at6656,6742612.0,6760072.0,+
GCF_019202785.1,Chr 8,NC_061854.1,32694at6656,32546951.0,32541739.0,-
GCF_019202785.1,Chr 30,NC_061831.1,32733at6656,21739698.0,21728243.0,-
GCF_019202785.1,Chr 13,NC_061822.1,32851at6656,37671844.0,37660216.0,-
GCF_019202785.1,Chr 32,NC_061856.1,33187at6656,28328550.0,28333599.0,+
GCF_019202785.1,Chr 20,NC_061837.1,33566at6656,15283139.0,15262034.0,-
GCF_019202785.1,Chr 33,NC_061860.1,33794at6656,10679696.0,10697467.0,+
GCF_019202785.1,Chr 7,NC_061849.1,34586at6656,7533630.0,7583623.0,+
GCF_019202785.1,Chr 2,NC_061855.1,34917at6656,14800543.0,14780664.0,-
GCF_019202785.1,Chr 24,NC_061850.1,35035at6656,30982716.0,30986387.0,+
GCF_019202785.1,Chr 24,NC_061850.1,35548at6656,1330853.0,1335901.0,+
GCF_019202785.1,Chr 34,NC_061842.1,35680at6656,15322098.0,15318941.0,-
GCF_019202785.1,Chr 26,NC_061844.1,35708at6656,13437046.0,13445835.0,+
GCF_019202785.1,Chr 6,NC_061827.1,35995at6656,4656553.0,4662477.0,+
GCF_019202785.1,Chr 22,NC_061841.1,36387at6656,19649527.0,19655761.0,+
GCF_019202785.1,Chr 27,NC_061848.1,36403at6656,25931680.0,25938977.0,+
GCF_019202785.1,Chr 41,NC_061851.1,36463at6656,1192870.0,1197091.0,+
GCF_019202785.1,Chr 36,NC_061835.1,37030at6656,20318939.0,20307710.0,-
GCF_019202785.1,Chr 14,NC_061823.1,37297at6656,38765576.0,38782998.0,+
GCF_019202785.1,Chr 41,NC_061851.1,37387at6656,7312770.0,7379434.0,+
GCF_019202785.1,Chr 18,NC_061828.1,37678at6656,21100793.0,21092869.0,-
GCF_019202785.1,Chr 39,NC_061858.1,38140at6656,14041270.0,14123397.0,+
GCF_019202785.1,Chr 20,NC_061837.1,38186at6656,27136469.0,27146072.0,+
GCF_019202785.1,Chr 21,NC_061853.1,38303at6656,32696044.0,32703793.0,+
GCF_019202785.1,Chr 3,NC_061845.1,38391at6656,5350117.0,5353597.0,+
GCF_019202785.1,Chr 16,NC_061826.1,38567at6656,19476504.0,19469605.0,-
GCF_019202785.1,Chr 10,NC_061830.1,38819at6656,39796926.0,39815236.0,+
GCF_019202785.1,Chr 22,NC_061841.1,38928at6656,22000591.0,22010417.0,+
GCF_019202785.1,Chr 25,NC_061857.1,39506at6656,3770646.0,3786346.0,+
GCF_019202785.1,Chr 27,NC_061848.1,39548at6656,25570523.0,25562946.0,-
GCF_019202785.1,Chr 38,NC_061840.1,39783at6656,4937454.0,4944052.0,+
GCF_019202785.1,Chr 6,NC_061827.1,39809at6656,38219365.0,38224400.0,+
GCF_019202785.1,Chr 43,NC_061833.1,39821at6656,20364219.0,20376397.0,+
GCF_019202785.1,Chr 3,NC_061845.1,40065at6656,26567502.0,26570593.0,+
GCF_019202785.1,Chr 15,NC_061852.1,40092at6656,7558979.0,7545475.0,-
GCF_019202785.1,Chr 1,NC_061821.1,40213at6656,14439107.0,14426767.0,-
GCF_019202785.1,Chr 9,NC_061825.1,40240at6656,21948397.0,21993106.0,+
GCF_019202785.1,Chr 21,NC_061853.1,40319at6656,35101642.0,35138248.0,+
GCF_019202785.1,Chr 40,NC_061836.1,40323at6656,16996145.0,16979709.0,-
GCF_019202785.1,Chr 10,NC_061830.1,40399at6656,9947376.0,9939925.0,-
GCF_019202785.1,Chr 3,NC_061845.1,40691at6656,6676348.0,6666448.0,-
GCF_019202785.1,Chr 18,NC_061828.1,40929at6656,34173096.0,34179153.0,+
GCF_019202785.1,Chr 28,NC_061832.1,41522at6656,19560551.0,19539511.0,-
GCF_019202785.1,Chr 23,NC_061838.1,41990at6656,23031532.0,23034299.0,+
GCF_019202785.1,Chr 22,NC_061841.1,42577at6656,1942736.0,1953197.0,+
GCF_019202785.1,Chr 3,NC_061845.1,42622at6656,5176542.0,5171789.0,-
GCF_019202785.1,Chr 22,NC_061841.1,42819at6656,5274429.0,5266546.0,-
GCF_019202785.1,Chr 38,NC_061840.1,42842at6656,3418771.0,3421920.0,+
GCF_019202785.1,Chr 1,NC_061821.1,42943at6656,251482.0,225605.0,-
GCF_019202785.1,Chr 13,NC_061822.1,42992at6656,25251260.0,25244136.0,-
GCF_019202785.1,Chr 1,NC_061821.1,43045at6656,21312367.0,21317170.0,+
GCF_019202785.1,Chr 2,NC_061855.1,43236at6656,3676594.0,3683651.0,+
GCF_019202785.1,Chr 18,NC_061828.1,43245at6656,20198556.0,20180224.0,-
GCF_019202785.1,Chr 29,NC_061834.1,43540at6656,27493924.0,27500117.0,+
GCF_019202785.1,Chr 19,NC_061819.1,43728at6656,23444512.0,23437344.0,-
GCF_019202785.1,Chr 36,NC_061835.1,43774at6656,3986193.0,4004687.0,+
GCF_019202785.1,Chr 25,NC_061857.1,44001at6656,20205107.0,20208025.0,+
GCF_019202785.1,Chr 13,NC_061822.1,44123at6656,42545997.0,42551815.0,+
GCF_019202785.1,Chr 3,NC_061845.1,44359at6656,10690365.0,10697615.0,+
GCF_019202785.1,Chr 9,NC_061825.1,44389at6656,16022898.0,16061510.0,+
GCF_019202785.1,Chr 31,NC_061859.1,44504at6656,5929895.0,5936253.0,+
GCF_019202785.1,Chr 7,NC_061849.1,44630at6656,16637412.0,16631593.0,-
GCF_019202785.1,Chr 11,NC_061820.1,44694at6656,24158253.0,24152248.0,-
GCF_019202785.1,Chr 17,NC_061847.1,44953at6656,19312534.0,19298735.0,-
GCF_019202785.1,Chr 12,NC_061824.1,45131at6656,3214556.0,3234189.0,+
GCF_019202785.1,Chr 16,NC_061826.1,45367at6656,3274879.0,3285709.0,+
GCF_019202785.1,Chr 22,NC_061841.1,45528at6656,1234910.0,1227375.0,-
GCF_019202785.1,Chr 1,NC_061821.1,45556at6656,1987801.0,1985932.0,-
GCF_019202785.1,Chr 26,NC_061844.1,45732at6656,17820361.0,17823415.0,+
GCF_019202785.1,Chr 36,NC_061835.1,45915at6656,13366429.0,13362109.0,-
GCF_019202785.1,Chr 29,NC_061834.1,46430at6656,26666579.0,26679838.0,+
GCF_019202785.1,Chr 21,NC_061853.1,46437at6656,7742163.0,7736274.0,-
GCF_019202785.1,Chr 4,NC_061829.1,46671at6656,17074743.0,17061989.0,-
GCF_019202785.1,Chr 26,NC_061844.1,46679at6656,14928330.0,14918691.0,-
GCF_019202785.1,Chr 9,NC_061825.1,46692at6656,37269472.0,37279241.0,+
GCF_019202785.1,Chr 6,NC_061827.1,46750at6656,15160265.0,15155186.0,-
GCF_019202785.1,Chr 24,NC_061850.1,46960at6656,30861071.0,30859324.0,-
GCF_019202785.1,Chr 18,NC_061828.1,47270at6656,26520844.0,26519111.0,-
GCF_019202785.1,Chr 27,NC_061848.1,47443at6656,7480566.0,7484291.0,+
GCF_019202785.1,Chr 17,NC_061847.1,47495at6656,6460041.0,6466026.0,+
GCF_019202785.1,Chr 37,NC_061846.1,47967at6656,22022461.0,22005342.0,-
GCF_019202785.1,Chr 2,NC_061855.1,48195at6656,8110114.0,8107520.0,-
GCF_019202785.1,Chr 3,NC_061845.1,48466at6656,27939512.0,27948928.0,+
GCF_019202785.1,Chr 23,NC_061838.1,48519at6656,903612.0,916104.0,+
GCF_019202785.1,Chr 17,NC_061847.1,48657at6656,1675565.0,1666965.0,-
GCF_019202785.1,Chr 22,NC_061841.1,48836at6656,2337809.0,2334034.0,-
GCF_019202785.1,Chr 21,NC_061853.1,49070at6656,32371689.0,32380245.0,+
GCF_019202785.1,Chr 23,NC_061838.1,49936at6656,24378407.0,24370735.0,-
GCF_019202785.1,Chr 15,NC_061852.1,50493at6656,11647492.0,11645324.0,-
GCF_019202785.1,Chr 32,NC_061856.1,50740at6656,22287434.0,22278692.0,-
GCF_019202785.1,Chr 6,NC_061827.1,50792at6656,11546234.0,11536148.0,-
GCF_019202785.1,Chr 32,NC_061856.1,50947at6656,15275590.0,15279209.0,+
GCF_019202785.1,Chr 37,NC_061846.1,51037at6656,3521687.0,3505815.0,-
GCF_019202785.1,Chr 17,NC_061847.1,51280at6656,28261106.0,28263989.0,+
GCF_019202785.1,Chr 17,NC_061847.1,51364at6656,2107561.0,2114544.0,+
GCF_019202785.1,Chr 14,NC_061823.1,51757at6656,7308944.0,7313722.0,+
GCF_019202785.1,Chr 40,NC_061836.1,52210at6656,31036172.0,31039299.0,+
GCF_019202785.1,Chr 17,NC_061847.1,52224at6656,32356261.0,32349084.0,-
GCF_019202785.1,Chr 20,NC_061837.1,52320at6656,6546771.0,6550327.0,+
GCF_019202785.1,Chr 37,NC_061846.1,52422at6656,13436016.0,13429383.0,-
GCF_019202785.1,Chr 5,NC_061839.1,52643at6656,4202070.0,4148357.0,-
GCF_019202785.1,Chr 15,NC_061852.1,52828at6656,28024244.0,28026803.0,+
GCF_019202785.1,Chr 29,NC_061834.1,53201at6656,8634915.0,8628443.0,-
GCF_019202785.1,Chr 27,NC_061848.1,53243at6656,7564633.0,7568736.0,+
GCF_019202785.1,Chr 20,NC_061837.1,53298at6656,13490447.0,13484092.0,-
GCF_019202785.1,Chr 9,NC_061825.1,53318at6656,39967293.0,39969578.0,+
GCF_019202785.1,Chr 6,NC_061827.1,53993at6656,25264710.0,25125836.0,-
GCF_019202785.1,Chr 21,NC_061853.1,54236at6656,28763753.0,28769036.0,+
GCF_019202785.1,Chr 37,NC_061846.1,54527at6656,3008075.0,3001004.0,-
GCF_019202785.1,Chr 6,NC_061827.1,54679at6656,10480952.0,10486641.0,+
GCF_019202785.1,Chr 20,NC_061837.1,55036at6656,4508646.0,4493021.0,-
GCF_019202785.1,Chr 7,NC_061849.1,55094at6656,13307667.0,13300925.0,-
GCF_019202785.1,Chr 24,NC_061850.1,55108at6656,30954407.0,30941129.0,-
GCF_019202785.1,Chr 21,NC_061853.1,55260at6656,5532136.0,5523232.0,-
GCF_019202785.1,Chr 1,NC_061821.1,55417at6656,5526373.0,5512159.0,-
GCF_019202785.1,Chr 27,NC_061848.1,55450at6656,17196623.0,17185286.0,-
GCF_019202785.1,Chr 15,NC_061852.1,55599at6656,4094820.0,4103021.0,+
GCF_019202785.1,Chr 14,NC_061823.1,55847at6656,38527748.0,38535066.0,+
GCF_019202785.1,Chr 17,NC_061847.1,56010at6656,1972385.0,1984571.0,+
GCF_019202785.1,Chr 20,NC_061837.1,56449at6656,22322240.0,22285168.0,-
GCF_019202785.1,Chr 29,NC_061834.1,56523at6656,6641041.0,6635897.0,-
GCF_019202785.1,Chr 22,NC_061841.1,56687at6656,14591418.0,14697044.0,+
GCF_019202785.1,Chr 24,NC_061850.1,56836at6656,17185830.0,17190073.0,+
GCF_019202785.1,Chr 6,NC_061827.1,57262at6656,1908414.0,1911447.0,+
GCF_019202785.1,Chr 8,NC_061854.1,57605at6656,24030023.0,24038773.0,+
GCF_019202785.1,Chr 9,NC_061825.1,57624at6656,20457613.0,20447610.0,-
GCF_019202785.1,Chr 27,NC_061848.1,57932at6656,21759510.0,21761228.0,+
GCF_019202785.1,Chr 42,NC_061843.1,58012at6656,6056319.0,6051848.0,-
GCF_019202785.1,Chr 39,NC_061858.1,58027at6656,434719.0,444441.0,+
GCF_019202785.1,Chr 1,NC_061821.1,58110at6656,8726541.0,8729872.0,+
GCF_019202785.1,Chr 11,NC_061820.1,58119at6656,40458929.0,40463139.0,+
GCF_019202785.1,Chr 6,NC_061827.1,58276at6656,33999772.0,34006002.0,+
GCF_019202785.1,Chr 16,NC_061826.1,59084at6656,24545015.0,24530119.0,-
GCF_019202785.1,Chr 8,NC_061854.1,59193at6656,2454826.0,2452176.0,-
GCF_019202785.1,Chr 26,NC_061844.1,59197at6656,15334315.0,15362170.0,+
GCF_019202785.1,Chr 28,NC_061832.1,59200at6656,7189004.0,7173787.0,-
GCF_019202785.1,Chr 3,NC_061845.1,59226at6656,32217639.0,32206763.0,-
GCF_019202785.1,Chr 20,NC_061837.1,59393at6656,4538552.0,4543625.0,+
GCF_019202785.1,Chr 27,NC_061848.1,59430at6656,12466895.0,12475920.0,+
GCF_019202785.1,Chr 22,NC_061841.1,59681at6656,2314047.0,2300302.0,-
GCF_019202785.1,Chr 4,NC_061829.1,59824at6656,14177459.0,14198614.0,+
GCF_019202785.1,Chr 25,NC_061857.1,59833at6656,9968522.0,9964659.0,-
GCF_019202785.1,Chr 13,NC_061822.1,60067at6656,1283622.0,1292614.0,+
GCF_019202785.1,Chr 18,NC_061828.1,60299at6656,33650434.0,33637208.0,-
GCF_019202785.1,Chr 10,NC_061830.1,60333at6656,19093479.0,19081288.0,-
GCF_019202785.1,Chr 26,NC_061844.1,60468at6656,15183836.0,15180213.0,-
GCF_019202785.1,Chr 7,NC_061849.1,60682at6656,23606965.0,23609398.0,+
GCF_019202785.1,Chr 25,NC_061857.1,60729at6656,2327185.0,2319482.0,-
GCF_019202785.1,Chr 5,NC_061839.1,60750at6656,25816045.0,25736355.0,-
GCF_019202785.1,Chr 41,NC_061851.1,60762at6656,15398546.0,15386358.0,-
GCF_019202785.1,Chr 40,NC_061836.1,61081at6656,33472061.0,33466248.0,-
GCF_019202785.1,Chr 39,NC_061858.1,61096at6656,10531515.0,10528013.0,-
GCF_019202785.1,Chr 42,NC_061843.1,61153at6656,2721643.0,2714936.0,-
GCF_019202785.1,Chr 38,NC_061840.1,61180at6656,8488842.0,8453555.0,-
GCF_019202785.1,Chr 34,NC_061842.1,61261at6656,15249006.0,15244421.0,-
GCF_019202785.1,Chr 32,NC_061856.1,61577at6656,7104183.0,7117019.0,+
GCF_019202785.1,Chr 26,NC_061844.1,61612at6656,4726644.0,4719380.0,-
GCF_019202785.1,Chr 22,NC_061841.1,62275at6656,1919793.0,1913364.0,-
GCF_019202785.1,Chr 2,NC_061855.1,62580at6656,10162969.0,10167162.0,+
GCF_019202785.1,Chr 5,NC_061839.1,62678at6656,400765.0,399092.0,-
GCF_019202785.1,Chr 3,NC_061845.1,62914at6656,10868022.0,10878257.0,+
GCF_019202785.1,Chr 17,NC_061847.1,62979at6656,2653615.0,2660460.0,+
GCF_019202785.1,Chr 1,NC_061821.1,63193at6656,22856533.0,22857789.0,+
GCF_019202785.1,Chr 31,NC_061859.1,63228at6656,7661606.0,7668808.0,+
GCF_019202785.1,Chr 32,NC_061856.1,63461at6656,28677419.0,28680735.0,+
GCF_019202785.1,Chr 3,NC_061845.1,63923at6656,24834209.0,24881477.0,+
GCF_019202785.1,Chr 7,NC_061849.1,63924at6656,12681532.0,12675152.0,-
GCF_019202785.1,Chr 37,NC_061846.1,64896at6656,13107751.0,13143960.0,+
GCF_019202785.1,Chr 36,NC_061835.1,65490at6656,7997046.0,7991384.0,-
GCF_019202785.1,Chr 4,NC_061829.1,65508at6656,27396241.0,27390683.0,-
GCF_019202785.1,Chr 8,NC_061854.1,65532at6656,9932970.0,9944754.0,+
GCF_019202785.1,Chr 14,NC_061823.1,65949at6656,20718208.0,20708238.0,-
GCF_019202785.1,Chr 36,NC_061835.1,66028at6656,18209441.0,18217205.0,+
GCF_019202785.1,Chr 19,NC_061819.1,66229at6656,24227997.0,24238605.0,+
GCF_019202785.1,Chr 2,NC_061855.1,66299at6656,30157662.0,30147277.0,-
GCF_019202785.1,Chr 15,NC_061852.1,66366at6656,16663585.0,16691470.0,+
GCF_019202785.1,Chr 34,NC_061842.1,66597at6656,24790036.0,24802914.0,+
GCF_019202785.1,Chr 7,NC_061849.1,66770at6656,33730529.0,33721786.0,-
GCF_019202785.1,Chr 29,NC_061834.1,67113at6656,25836394.0,25829152.0,-
GCF_019202785.1,Chr 18,NC_061828.1,67166at6656,8264369.0,8290383.0,+
GCF_019202785.1,Chr 22,NC_061841.1,67191at6656,14764983.0,14769048.0,+
GCF_019202785.1,Chr 13,NC_061822.1,67491at6656,5107108.0,5115572.0,+
GCF_019202785.1,Chr 17,NC_061847.1,67583at6656,2464339.0,2477716.0,+
GCF_019202785.1,Chr 1,NC_061821.1,67710at6656,24159211.0,24174835.0,+
GCF_019202785.1,Chr 2,NC_061855.1,68468at6656,8177756.0,8187428.0,+
GCF_019202785.1,Chr 2,NC_061855.1,68491at6656,3173841.0,3169145.0,-
GCF_019202785.1,Chr 17,NC_061847.1,68731at6656,13018426.0,13033822.0,+
GCF_019202785.1,Chr 3,NC_061845.1,68876at6656,11777136.0,11770253.0,-
GCF_019202785.1,Chr 2,NC_061855.1,68939at6656,13725381.0,13740546.0,+
GCF_019202785.1,Chr 15,NC_061852.1,68961at6656,844424.0,842859.0,-
GCF_019202785.1,Chr 6,NC_061827.1,68981at6656,6312903.0,6307879.0,-
GCF_019202785.1,Chr 18,NC_061828.1,68987at6656,22657111.0,22640963.0,-
GCF_019202785.1,Chr 18,NC_061828.1,69238at6656,22569068.0,22572387.0,+
GCF_019202785.1,Chr 27,NC_061848.1,69284at6656,11581655.0,11582691.0,+
GCF_019202785.1,Chr 28,NC_061832.1,69394at6656,16524198.0,16516760.0,-
GCF_019202785.1,Chr 11,NC_061820.1,69403at6656,1459769.0,1467019.0,+
GCF_019202785.1,Chr 5,NC_061839.1,69742at6656,1006081.0,1012292.0,+
GCF_019202785.1,Chr 6,NC_061827.1,69897at6656,9497819.0,9492868.0,-
GCF_019202785.1,Chr 25,NC_061857.1,70078at6656,19020403.0,19025560.0,+
GCF_019202785.1,Chr 10,NC_061830.1,70201at6656,7686473.0,7690300.0,+
GCF_019202785.1,Chr 4,NC_061829.1,70550at6656,16138700.0,16123373.0,-
GCF_019202785.1,Chr 32,NC_061856.1,70663at6656,24949568.0,24937216.0,-
GCF_019202785.1,Chr 31,NC_061859.1,71018at6656,288748.0,285724.0,-
GCF_019202785.1,Chr 25,NC_061857.1,71110at6656,19311811.0,19318078.0,+
GCF_019202785.1,Chr 10,NC_061830.1,71129at6656,9455548.0,9490300.0,+
GCF_019202785.1,Chr 10,NC_061830.1,71199at6656,727297.0,719247.0,-
GCF_019202785.1,Chr 42,NC_061843.1,71230at6656,21275885.0,21281108.0,+
GCF_019202785.1,Chr 19,NC_061819.1,71251at6656,15148736.0,15123381.0,-
GCF_019202785.1,Chr 2,NC_061855.1,71483at6656,32392107.0,32389117.0,-
GCF_019202785.1,Chr 13,NC_061822.1,72450at6656,25651689.0,25662905.0,+
GCF_019202785.1,Chr 22,NC_061841.1,72583at6656,10861393.0,10857497.0,-
GCF_019202785.1,Chr 2,NC_061855.1,72586at6656,30392315.0,30389388.0,-
GCF_019202785.1,Chr 20,NC_061837.1,72782at6656,6977890.0,6974327.0,-
GCF_019202785.1,Chr 2,NC_061855.1,72857at6656,8169860.0,8166582.0,-
GCF_019202785.1,Chr 12,NC_061824.1,73084at6656,22581514.0,22569832.0,-
GCF_019202785.1,Chr 33,NC_061860.1,73301at6656,17793985.0,17803033.0,+
GCF_019202785.1,Chr 18,NC_061828.1,73455at6656,17350287.0,17357361.0,+
GCF_019202785.1,Chr 33,NC_061860.1,73456at6656,16298871.0,16293905.0,-
GCF_019202785.1,Chr 21,NC_061853.1,73547at6656,7376197.0,7373886.0,-
GCF_019202785.1,Chr 25,NC_061857.1,74384at6656,19328943.0,19327002.0,-
GCF_019202785.1,Chr 28,NC_061832.1,74655at6656,6005930.0,5996965.0,-
GCF_019202785.1,Chr 3,NC_061845.1,74692at6656,31872959.0,31880967.0,+
GCF_019202785.1,Chr 31,NC_061859.1,74836at6656,6427588.0,6434320.0,+
GCF_019202785.1,Chr 9,NC_061825.1,75692at6656,34165627.0,34159159.0,-
GCF_019202785.1,Chr 7,NC_061849.1,75704at6656,17497115.0,17518844.0,+
GCF_019202785.1,Chr 43,NC_061833.1,75764at6656,4157681.0,4151864.0,-
GCF_019202785.1,Chr 25,NC_061857.1,75982at6656,9974053.0,9978181.0,+
GCF_019202785.1,Chr 5,NC_061839.1,76308at6656,17697152.0,17700541.0,+
GCF_019202785.1,Chr 18,NC_061828.1,76342at6656,22659833.0,22665018.0,+
GCF_019202785.1,Chr 28,NC_061832.1,76573at6656,514004.0,523962.0,+
GCF_019202785.1,Chr 30,NC_061831.1,76745at6656,15930579.0,15940872.0,+
GCF_019202785.1,Chr 22,NC_061841.1,76812at6656,387792.0,372675.0,-
GCF_019202785.1,Chr 10,NC_061830.1,77197at6656,38636284.0,38649020.0,+
GCF_019202785.1,Chr 2,NC_061855.1,77688at6656,32781605.0,32770517.0,-
GCF_019202785.1,Chr 32,NC_061856.1,77770at6656,15256731.0,15251745.0,-
GCF_019202785.1,Chr 29,NC_061834.1,77883at6656,37386875.0,37390832.0,+
GCF_019202785.1,Chr 1,NC_061821.1,77976at6656,22606977.0,22631087.0,+
GCF_019202785.1,Chr 16,NC_061826.1,78202at6656,5005648.0,5009797.0,+
GCF_019202785.1,Chr 19,NC_061819.1,78254at6656,32741537.0,32734509.0,-
GCF_019202785.1,Chr 31,NC_061859.1,78695at6656,1072555.0,1067659.0,-
GCF_019202785.1,Chr 4,NC_061829.1,78758at6656,30510897.0,30506282.0,-
GCF_019202785.1,Chr 2,NC_061855.1,78844at6656,25146117.0,25172812.0,+
GCF_019202785.1,Chr 4,NC_061829.1,78854at6656,9686160.0,9675735.0,-
GCF_019202785.1,Chr 11,NC_061820.1,78919at6656,44675972.0,44679877.0,+
GCF_019202785.1,Chr 11,NC_061820.1,78921at6656,40485798.0,40476349.0,-
GCF_019202785.1,Chr 33,NC_061860.1,78947at6656,2766936.0,2770761.0,+
GCF_019202785.1,Chr 17,NC_061847.1,78968at6656,666590.0,665445.0,-
GCF_019202785.1,Chr 15,NC_061852.1,79241at6656,30409028.0,30416662.0,+
GCF_019202785.1,Chr 27,NC_061848.1,79377at6656,600659.0,579854.0,-
GCF_019202785.1,Chr 22,NC_061841.1,79915at6656,2367717.0,2371419.0,+
GCF_019202785.1,Chr 5,NC_061839.1,80294at6656,12934112.0,12938374.0,+
GCF_019202785.1,Chr 10,NC_061830.1,80317at6656,36407922.0,36412104.0,+
GCF_019202785.1,Chr 34,NC_061842.1,80348at6656,15295204.0,15306770.0,+
GCF_019202785.1,Chr 9,NC_061825.1,80689at6656,8595685.0,8608627.0,+
GCF_019202785.1,Chr 5,NC_061839.1,80948at6656,16509624.0,16515002.0,+
GCF_019202785.1,Chr 13,NC_061822.1,81307at6656,6170211.0,6151557.0,-
GCF_019202785.1,Chr 39,NC_061858.1,81406at6656,25621154.0,25617681.0,-
GCF_019202785.1,Chr 7,NC_061849.1,81413at6656,30596117.0,30604153.0,+
GCF_019202785.1,Chr 39,NC_061858.1,81423at6656,9765259.0,9817085.0,+
GCF_019202785.1,Chr 39,NC_061858.1,81650at6656,8350086.0,8353977.0,+
GCF_019202785.1,Chr 16,NC_061826.1,81703at6656,38419118.0,38424779.0,+
GCF_019202785.1,Chr 31,NC_061859.1,81708at6656,9388622.0,9401290.0,+
GCF_019202785.1,Chr 38,NC_061840.1,81919at6656,8025955.0,8022259.0,-
GCF_019202785.1,Chr 1,NC_061821.1,81950at6656,14511170.0,14515819.0,+
GCF_019202785.1,Chr 17,NC_061847.1,83102at6656,2872891.0,2883780.0,+
GCF_019202785.1,Chr 2,NC_061855.1,83164at6656,6548634.0,6557129.0,+
GCF_019202785.1,Chr 13,NC_061822.1,83303at6656,7782737.0,7789198.0,+
GCF_019202785.1,Chr 36,NC_061835.1,83350at6656,17664897.0,17654462.0,-
GCF_019202785.1,Chr 22,NC_061841.1,83372at6656,8107516.0,8101825.0,-
GCF_019202785.1,Chr 19,NC_061819.1,83376at6656,2398921.0,2390558.0,-
GCF_019202785.1,Chr 22,NC_061841.1,83613at6656,19644670.0,19643633.0,-
GCF_019202785.1,Chr 21,NC_061853.1,83673at6656,33383620.0,33388979.0,+
GCF_019202785.1,Chr 5,NC_061839.1,83755at6656,26142397.0,26149261.0,+
GCF_019202785.1,Chr 9,NC_061825.1,83765at6656,17428563.0,17425227.0,-
GCF_019202785.1,Chr 40,NC_061836.1,84028at6656,14352719.0,14348679.0,-
GCF_019202785.1,Chr 25,NC_061857.1,84097at6656,5534588.0,5538056.0,+
GCF_019202785.1,Chr 4,NC_061829.1,84149at6656,28257641.0,28281340.0,+
GCF_019202785.1,Chr 26,NC_061844.1,84422at6656,3587796.0,3595293.0,+
GCF_019202785.1,Chr 41,NC_061851.1,84576at6656,34807599.0,34802392.0,-
GCF_019202785.1,Chr 10,NC_061830.1,84819at6656,39491703.0,39496879.0,+
GCF_019202785.1,Chr 7,NC_061849.1,84925at6656,22243480.0,22242413.0,-
GCF_019202785.1,Chr 20,NC_061837.1,85103at6656,25632540.0,25625306.0,-
GCF_019202785.1,Chr 14,NC_061823.1,85509at6656,19305974.0,19313060.0,+
GCF_019202785.1,Chr 22,NC_061841.1,85574at6656,18011358.0,18013175.0,+
GCF_019202785.1,Chr 16,NC_061826.1,85680at6656,8793929.0,8806600.0,+
GCF_019202785.1,Chr 2,NC_061855.1,85810at6656,25187920.0,25178166.0,-
GCF_019202785.1,Chr 43,NC_061833.1,86262at6656,11787963.0,11808563.0,+
GCF_019202785.1,Chr 25,NC_061857.1,86318at6656,27835028.0,27844044.0,+
GCF_019202785.1,Chr 34,NC_061842.1,86488at6656,32365809.0,32441328.0,+
GCF_019202785.1,Chr 12,NC_061824.1,86654at6656,27212306.0,27213889.0,+
GCF_019202785.1,Chr 29,NC_061834.1,86889at6656,22394532.0,22378949.0,-
GCF_019202785.1,Chr 8,NC_061854.1,86930at6656,13115519.0,13120406.0,+
GCF_019202785.1,Chr 30,NC_061831.1,87014at6656,2694957.0,2701564.0,+
GCF_019202785.1,Chr 23,NC_061838.1,87089at6656,14098714.0,14104331.0,+
GCF_019202785.1,Chr 5,NC_061839.1,87114at6656,27895526.0,27893778.0,-
GCF_019202785.1,Chr 14,NC_061823.1,87139at6656,6526559.0,6515946.0,-
GCF_019202785.1,Chr 40,NC_061836.1,87142at6656,31870958.0,31873606.0,+
GCF_019202785.1,Chr 12,NC_061824.1,87527at6656,26275293.0,26267598.0,-
GCF_019202785.1,Chr 27,NC_061848.1,87575at6656,26777843.0,26782562.0,+
GCF_019202785.1,Chr 13,NC_061822.1,87695at6656,36123696.0,36127564.0,+
GCF_019202785.1,Chr 6,NC_061827.1,87728at6656,23887014.0,23894809.0,+
GCF_019202785.1,Chr 29,NC_061834.1,87928at6656,35227256.0,35239961.0,+
GCF_019202785.1,Chr 13,NC_061822.1,88051at6656,1628.0,30802.0,+
GCF_019202785.1,Chr 28,NC_061832.1,88711at6656,19424985.0,19434507.0,+
GCF_019202785.1,Chr 9,NC_061825.1,89064at6656,42997908.0,43002575.0,+
GCF_019202785.1,Chr 23,NC_061838.1,89153at6656,9557484.0,9541238.0,-
GCF_019202785.1,Chr 35,NC_061861.1,89677at6656,8044308.0,8040604.0,-
GCF_019202785.1,Chr 30,NC_061831.1,89713at6656,7283626.0,7278046.0,-
GCF_019202785.1,Chr 26,NC_061844.1,89810at6656,14468210.0,14442370.0,-
GCF_019202785.1,Chr 8,NC_061854.1,89840at6656,25122389.0,25101114.0,-
GCF_019202785.1,Chr 1,NC_061821.1,89864at6656,6073353.0,6066074.0,-
GCF_019202785.1,Chr 11,NC_061820.1,90126at6656,21395763.0,21402315.0,+
GCF_019202785.1,Chr 30,NC_061831.1,90322at6656,25866995.0,25868452.0,+
GCF_019202785.1,Chr 12,NC_061824.1,90580at6656,27590196.0,27601572.0,+
GCF_019202785.1,Chr 16,NC_061826.1,90600at6656,16632459.0,16630916.0,-
GCF_019202785.1,Chr 15,NC_061852.1,90822at6656,31028997.0,31035066.0,+
GCF_019202785.1,Chr 3,NC_061845.1,90928at6656,13232237.0,13226642.0,-
GCF_019202785.1,Chr 19,NC_061819.1,90931at6656,8390294.0,8384660.0,-
GCF_019202785.1,Chr 22,NC_061841.1,91002at6656,6673295.0,6668641.0,-
GCF_019202785.1,Chr 17,NC_061847.1,91005at6656,1606636.0,1603056.0,-
GCF_019202785.1,Chr 4,NC_061829.1,91022at6656,24531421.0,24537554.0,+
GCF_019202785.1,Chr 28,NC_061832.1,91313at6656,699529.0,704300.0,+
GCF_019202785.1,Chr 1,NC_061821.1,91418at6656,28122247.0,28097790.0,-
GCF_019202785.1,Chr 18,NC_061828.1,91468at6656,2907058.0,2903353.0,-
GCF_019202785.1,Chr 18,NC_061828.1,91933at6656,21300708.0,21331614.0,+
GCF_019202785.1,Chr 3,NC_061845.1,91946at6656,16415800.0,16464849.0,+
GCF_019202785.1,Chr 32,NC_061856.1,92167at6656,11446745.0,11453101.0,+
GCF_019202785.1,Chr 15,NC_061852.1,92184at6656,22988927.0,22999166.0,+
GCF_019202785.1,Chr 13,NC_061822.1,92420at6656,37085595.0,37082205.0,-
GCF_019202785.1,Chr 4,NC_061829.1,92576at6656,30325247.0,30331489.0,+
GCF_019202785.1,Chr 1,NC_061821.1,92777at6656,12276150.0,12285045.0,+
GCF_019202785.1,Chr 10,NC_061830.1,92854at6656,4066643.0,4077483.0,+
GCF_019202785.1,Chr 8,NC_061854.1,93061at6656,5978973.0,5981013.0,+
GCF_019202785.1,Chr 23,NC_061838.1,93085at6656,23142876.0,23148144.0,+
GCF_019202785.1,Chr 4,NC_061829.1,93152at6656,14607222.0,14618790.0,+
GCF_019202785.1,Chr 41,NC_061851.1,93432at6656,37541727.0,37536024.0,-
GCF_019202785.1,Chr 15,NC_061852.1,93483at6656,9684942.0,9694452.0,+
GCF_019202785.1,Chr 21,NC_061853.1,93507at6656,12134517.0,12137922.0,+
GCF_019202785.1,Chr 27,NC_061848.1,93535at6656,7505269.0,7500677.0,-
GCF_019202785.1,Chr 6,NC_061827.1,93797at6656,16168222.0,16163539.0,-
GCF_019202785.1,Chr 12,NC_061824.1,94054at6656,12094732.0,12090121.0,-
GCF_019202785.1,Chr 18,NC_061828.1,94238at6656,2516871.0,2513076.0,-
GCF_019202785.1,Chr 36,NC_061835.1,94263at6656,15860465.0,15849465.0,-
GCF_019202785.1,Chr 11,NC_061820.1,94304at6656,42511440.0,42507248.0,-
GCF_019202785.1,Chr 37,NC_061846.1,94473at6656,18568272.0,18573253.0,+
GCF_019202785.1,Chr 15,NC_061852.1,94476at6656,1142355.0,1127563.0,-
GCF_019202785.1,Chr 9,NC_061825.1,94842at6656,36566642.0,36576703.0,+
GCF_019202785.1,Chr 20,NC_061837.1,94878at6656,24299311.0,24305389.0,+
GCF_019202785.1,Chr 29,NC_061834.1,95028at6656,34577674.0,34582258.0,+
GCF_019202785.1,Chr 8,NC_061854.1,95089at6656,14690754.0,14697746.0,+
GCF_019202785.1,Chr 38,NC_061840.1,95294at6656,5027646.0,5022356.0,-
GCF_019202785.1,Chr 25,NC_061857.1,95524at6656,23715287.0,23753357.0,+
GCF_019202785.1,Chr 20,NC_061837.1,96251at6656,4154446.0,4156661.0,+
GCF_019202785.1,Chr 33,NC_061860.1,96444at6656,17344250.0,17346825.0,+
GCF_019202785.1,Chr 18,NC_061828.1,96592at6656,13804421.0,13799888.0,-
GCF_019202785.1,Chr 4,NC_061829.1,96601at6656,13477952.0,13475114.0,-
GCF_019202785.1,Chr 8,NC_061854.1,96956at6656,18619867.0,18614967.0,-
GCF_019202785.1,Chr 7,NC_061849.1,97492at6656,16568916.0,16564409.0,-
GCF_019202785.1,Chr 20,NC_061837.1,97749at6656,27132462.0,27107011.0,-
GCF_019202785.1,Chr 19,NC_061819.1,97763at6656,6110938.0,6104725.0,-
GCF_019202785.1,Chr 26,NC_061844.1,97865at6656,5682626.0,5676303.0,-
GCF_019202785.1,Chr 42,NC_061843.1,98620at6656,11297818.0,11293666.0,-
GCF_019202785.1,Chr 19,NC_061819.1,98725at6656,31965259.0,31976630.0,+
GCF_019202785.1,Chr 6,NC_061827.1,98755at6656,14644670.0,14640379.0,-
GCF_019202785.1,Chr 2,NC_061855.1,98821at6656,30135202.0,30143941.0,+
GCF_019202785.1,Chr 3,NC_061845.1,98845at6656,9646809.0,9645267.0,-
GCF_019202785.1,Chr 3,NC_061845.1,98927at6656,1902588.0,1903328.0,+
GCF_019202785.1,Chr 34,NC_061842.1,98948at6656,23815035.0,23861571.0,+
GCF_019202785.1,Chr 42,NC_061843.1,99204at6656,1420352.0,1417389.0,-
GCF_019202785.1,Chr 30,NC_061831.1,99270at6656,4680052.0,4683348.0,+
GCF_019202785.1,Chr 11,NC_061820.1,99307at6656,39054745.0,39061492.0,+
GCF_019202785.1,Chr 30,NC_061831.1,99377at6656,3216018.0,3216947.0,+
GCF_019202785.1,Chr 15,NC_061852.1,99519at6656,17561012.0,17563464.0,+
GCF_019202785.1,Chr 13,NC_061822.1,99625at6656,15191677.0,15196481.0,+
GCF_019202785.1,Chr 7,NC_061849.1,99998at6656,17451585.0,17454662.0,+
GCF_019202785.1,Chr 3,NC_061845.1,100070at6656,26344829.0,26342444.0,-
GCF_019202785.1,Chr 17,NC_061847.1,100136at6656,2532524.0,2534963.0,+
GCF_019202785.1,Chr 32,NC_061856.1,100216at6656,24489253.0,24484173.0,-
GCF_019202785.1,Chr 6,NC_061827.1,100296at6656,23649943.0,23658970.0,+
GCF_019202785.1,Chr 1,NC_061821.1,100612at6656,7052403.0,7055865.0,+
GCF_019202785.1,Chr 1,NC_061821.1,100664at6656,18301386.0,18307062.0,+
GCF_019202785.1,Chr 18,NC_061828.1,100673at6656,21298157.0,21293321.0,-
GCF_019202785.1,Chr 4,NC_061829.1,100760at6656,989183.0,991462.0,+
GCF_019202785.1,Chr 12,NC_061824.1,101349at6656,33114911.0,33101923.0,-
GCF_019202785.1,Chr 26,NC_061844.1,101359at6656,14633356.0,14637748.0,+
GCF_019202785.1,Chr 16,NC_061826.1,101491at6656,31392330.0,31379315.0,-
GCF_019202785.1,Chr 28,NC_061832.1,101531at6656,1553922.0,1560516.0,+
GCF_019202785.1,Chr 36,NC_061835.1,101621at6656,33920.0,25368.0,-
GCF_019202785.1,Chr 1,NC_061821.1,101727at6656,41261561.0,41290405.0,+
GCF_019202785.1,Chr 12,NC_061824.1,101761at6656,33490859.0,33485758.0,-
GCF_019202785.1,Chr 29,NC_061834.1,101767at6656,36199396.0,36195479.0,-
GCF_019202785.1,Chr 4,NC_061829.1,101829at6656,37234389.0,37207986.0,-
GCF_019202785.1,Chr 20,NC_061837.1,101886at6656,25509529.0,25512158.0,+
GCF_019202785.1,Chr 5,NC_061839.1,102321at6656,25926553.0,25924311.0,-
GCF_019202785.1,Chr 21,NC_061853.1,102714at6656,35345818.0,35340458.0,-
GCF_019202785.1,Chr 24,NC_061850.1,102770at6656,30530821.0,30534714.0,+
GCF_019202785.1,Chr 1,NC_061821.1,103125at6656,2670943.0,2674280.0,+
GCF_019202785.1,Chr 35,NC_061861.1,103207at6656,19406224.0,19404741.0,-
GCF_019202785.1,Chr 43,NC_061833.1,103479at6656,21605950.0,21583936.0,-
GCF_019202785.1,Chr 18,NC_061828.1,103590at6656,6545245.0,6550293.0,+
GCF_019202785.1,Chr 15,NC_061852.1,103749at6656,7711386.0,7707555.0,-
GCF_019202785.1,Chr 33,NC_061860.1,103752at6656,15895286.0,15888024.0,-
GCF_019202785.1,Chr 9,NC_061825.1,103908at6656,38616041.0,38612264.0,-
GCF_019202785.1,Chr 4,NC_061829.1,103914at6656,13488926.0,13484310.0,-
GCF_019202785.1,Chr 40,NC_061836.1,104063at6656,12961466.0,12965201.0,+
GCF_019202785.1,Chr 11,NC_061820.1,104198at6656,6729952.0,6732774.0,+
GCF_019202785.1,Chr 4,NC_061829.1,104410at6656,16139142.0,16143865.0,+
GCF_019202785.1,Chr 2,NC_061855.1,104588at6656,21802990.0,21807250.0,+
GCF_019202785.1,Chr 1,NC_061821.1,104595at6656,1576854.0,1572905.0,-
GCF_019202785.1,Chr 11,NC_061820.1,104604at6656,293031.0,308407.0,+
GCF_019202785.1,Chr 39,NC_061858.1,104898at6656,3011340.0,3016220.0,+
GCF_019202785.1,Chr 7,NC_061849.1,105000at6656,36418303.0,36414456.0,-
GCF_019202785.1,Chr 9,NC_061825.1,105099at6656,13685480.0,13694429.0,+
GCF_019202785.1,Chr 6,NC_061827.1,105170at6656,35175458.0,35154618.0,-
GCF_019202785.1,Chr 20,NC_061837.1,105364at6656,21390598.0,21397765.0,+
GCF_019202785.1,Chr 29,NC_061834.1,106116at6656,35026405.0,35023672.0,-
GCF_019202785.1,Chr 35,NC_061861.1,106126at6656,7997168.0,8003553.0,+
GCF_019202785.1,Chr 30,NC_061831.1,106466at6656,3468783.0,3472182.0,+
GCF_019202785.1,Chr 3,NC_061845.1,106634at6656,14557944.0,14554448.0,-
GCF_019202785.1,Chr 24,NC_061850.1,106639at6656,6790463.0,6793672.0,+
GCF_019202785.1,Chr 10,NC_061830.1,106788at6656,24645713.0,24636594.0,-
GCF_019202785.1,Chr 33,NC_061860.1,106988at6656,3399968.0,3401125.0,+
GCF_019202785.1,Chr 8,NC_061854.1,107030at6656,12121499.0,12126847.0,+
GCF_019202785.1,Chr 40,NC_061836.1,107139at6656,31303350.0,31300681.0,-
GCF_019202785.1,Chr 8,NC_061854.1,107226at6656,10868247.0,10882654.0,+
GCF_019202785.1,Chr 6,NC_061827.1,107353at6656,38102854.0,38103867.0,+
GCF_019202785.1,Chr 6,NC_061827.1,107427at6656,21271205.0,21272770.0,+
GCF_019202785.1,Chr 18,NC_061828.1,107453at6656,26728507.0,26721039.0,-
GCF_019202785.1,Chr 15,NC_061852.1,107802at6656,24085368.0,24089657.0,+
GCF_019202785.1,Chr 33,NC_061860.1,107806at6656,1687472.0,1684362.0,-
GCF_019202785.1,Chr 4,NC_061829.1,107844at6656,1797758.0,1781920.0,-
GCF_019202785.1,Chr 2,NC_061855.1,108162at6656,3174569.0,3179671.0,+
GCF_019202785.1,Chr 35,NC_061861.1,108207at6656,1778343.0,1775194.0,-
GCF_019202785.1,Chr 43,NC_061833.1,108240at6656,24202840.0,24207027.0,+
GCF_019202785.1,Chr 14,NC_061823.1,108693at6656,25163823.0,25160275.0,-
GCF_019202785.1,Chr 23,NC_061838.1,108702at6656,20150747.0,20155648.0,+
GCF_019202785.1,Chr 32,NC_061856.1,108705at6656,7972670.0,7965970.0,-
GCF_019202785.1,Chr 1,NC_061821.1,108808at6656,625087.0,630648.0,+
GCF_019202785.1,Chr 16,NC_061826.1,109325at6656,39903052.0,39907806.0,+
GCF_019202785.1,Chr 14,NC_061823.1,109444at6656,11750167.0,11758134.0,+
GCF_019202785.1,Chr 8,NC_061854.1,109484at6656,10977786.0,10981395.0,+
GCF_019202785.1,Chr 23,NC_061838.1,109562at6656,7189034.0,7190206.0,+
GCF_019202785.1,Chr 8,NC_061854.1,109664at6656,9246814.0,9251916.0,+
GCF_019202785.1,Chr 21,NC_061853.1,109793at6656,13749211.0,13756278.0,+
GCF_019202785.1,Chr 9,NC_061825.1,109923at6656,38186190.0,38197022.0,+
GCF_019202785.1,Chr 23,NC_061838.1,110129at6656,4774862.0,4772337.0,-
GCF_019202785.1,Chr 7,NC_061849.1,110504at6656,12210262.0,12168250.0,-
GCF_019202785.1,Chr 29,NC_061834.1,110787at6656,19370382.0,19365433.0,-
GCF_019202785.1,Chr 32,NC_061856.1,110982at6656,26595368.0,26582402.0,-
GCF_019202785.1,Chr 36,NC_061835.1,111082at6656,16209906.0,16198043.0,-
GCF_019202785.1,Chr 3,NC_061845.1,111153at6656,27262874.0,27268593.0,+
GCF_019202785.1,Chr 43,NC_061833.1,111236at6656,15965509.0,15962994.0,-
GCF_019202785.1,Chr 9,NC_061825.1,111239at6656,42933273.0,42931749.0,-
GCF_019202785.1,Chr 14,NC_061823.1,111545at6656,30777860.0,30789322.0,+
GCF_019202785.1,Chr 11,NC_061820.1,111851at6656,1986953.0,1999266.0,+
GCF_019202785.1,Chr 33,NC_061860.1,112281at6656,7149285.0,7153181.0,+
GCF_019202785.1,Chr 12,NC_061824.1,112328at6656,35284783.0,35291346.0,+
GCF_019202785.1,Chr 23,NC_061838.1,112360at6656,9378261.0,9385162.0,+
GCF_019202785.1,Chr 41,NC_061851.1,112556at6656,293778.0,287761.0,-
GCF_019202785.1,Chr 20,NC_061837.1,112634at6656,12101517.0,12094859.0,-
GCF_019202785.1,Chr 11,NC_061820.1,112645at6656,1280297.0,1293612.0,+
GCF_019202785.1,Chr 35,NC_061861.1,112759at6656,2340108.0,2334923.0,-
GCF_019202785.1,Chr 31,NC_061859.1,113015at6656,25144958.0,25148363.0,+
GCF_019202785.1,Chr 6,NC_061827.1,113300at6656,36717454.0,36722051.0,+
GCF_019202785.1,Chr 34,NC_061842.1,113604at6656,6704565.0,6708357.0,+
GCF_019202785.1,Chr 14,NC_061823.1,113622at6656,24307069.0,24298558.0,-
GCF_019202785.1,Chr 9,NC_061825.1,113641at6656,27906314.0,27904368.0,-
GCF_019202785.1,Chr 25,NC_061857.1,113668at6656,1575175.0,1571434.0,-
GCF_019202785.1,Chr 18,NC_061828.1,113713at6656,5972830.0,5969252.0,-
GCF_019202785.1,Chr 28,NC_061832.1,113817at6656,17698899.0,17692955.0,-
GCF_019202785.1,Chr 15,NC_061852.1,113818at6656,23397178.0,23406574.0,+
GCF_019202785.1,Chr 15,NC_061852.1,113865at6656,14556621.0,14563689.0,+
GCF_019202785.1,Chr 1,NC_061821.1,113960at6656,21510425.0,21507434.0,-
GCF_019202785.1,Chr 11,NC_061820.1,114360at6656,20922964.0,20938045.0,+
GCF_019202785.1,Chr 21,NC_061853.1,114463at6656,9611859.0,9599682.0,-
GCF_019202785.1,Chr 36,NC_061835.1,114609at6656,8387080.0,8398734.0,+
GCF_019202785.1,Chr 42,NC_061843.1,114738at6656,9713328.0,9726030.0,+
GCF_019202785.1,Chr 34,NC_061842.1,114765at6656,32555494.0,32540734.0,-
GCF_019202785.1,Chr 33,NC_061860.1,115001at6656,22310936.0,22293406.0,-
GCF_019202785.1,Chr 12,NC_061824.1,115208at6656,1034981.0,1021037.0,-
GCF_019202785.1,Chr 14,NC_061823.1,115229at6656,7511986.0,7517669.0,+
GCF_019202785.1,Chr 1,NC_061821.1,115252at6656,21191264.0,21178783.0,-
GCF_019202785.1,Chr 8,NC_061854.1,115256at6656,6325549.0,6323149.0,-
GCF_019202785.1,Chr 16,NC_061826.1,115462at6656,16939609.0,16955669.0,+
GCF_019202785.1,Chr 9,NC_061825.1,115537at6656,40026071.0,40045914.0,+
GCF_019202785.1,Chr 29,NC_061834.1,115841at6656,34093134.0,34100350.0,+
GCF_019202785.1,Chr 4,NC_061829.1,115917at6656,16344299.0,16337137.0,-
GCF_019202785.1,Chr 38,NC_061840.1,115986at6656,14972746.0,14966545.0,-
GCF_019202785.1,Chr 16,NC_061826.1,116117at6656,38413548.0,38415332.0,+
GCF_019202785.1,Chr 3,NC_061845.1,116401at6656,27959108.0,27963359.0,+
GCF_019202785.1,Chr 27,NC_061848.1,116608at6656,11575934.0,11568324.0,-
GCF_019202785.1,Chr 5,NC_061839.1,116688at6656,613875.0,610199.0,-
GCF_019202785.1,Chr 15,NC_061852.1,116804at6656,17299112.0,17298083.0,-
GCF_019202785.1,Chr 24,NC_061850.1,116982at6656,28038203.0,28040579.0,+
GCF_019202785.1,Chr 30,NC_061831.1,117173at6656,15394255.0,15383363.0,-
GCF_019202785.1,Chr 7,NC_061849.1,117399at6656,11889255.0,11885538.0,-
GCF_019202785.1,Chr 4,NC_061829.1,117413at6656,34986588.0,34998801.0,+
GCF_019202785.1,Chr 19,NC_061819.1,117586at6656,37667459.0,37654704.0,-
GCF_019202785.1,Chr 21,NC_061853.1,117742at6656,11999772.0,11994290.0,-
GCF_019202785.1,Chr 16,NC_061826.1,117811at6656,3198865.0,3200122.0,+
GCF_019202785.1,Chr 8,NC_061854.1,117843at6656,12807266.0,12805179.0,-
GCF_019202785.1,Chr 10,NC_061830.1,117947at6656,41064123.0,41069283.0,+
GCF_019202785.1,Chr 30,NC_061831.1,118014at6656,7294295.0,7293474.0,-
GCF_019202785.1,Chr 31,NC_061859.1,118037at6656,18583530.0,18586708.0,+
GCF_019202785.1,Chr 12,NC_061824.1,118496at6656,27199850.0,27194638.0,-
GCF_019202785.1,Chr 14,NC_061823.1,118527at6656,37168924.0,37159566.0,-
GCF_019202785.1,Chr 16,NC_061826.1,118761at6656,20242036.0,20257172.0,+
GCF_019202785.1,Chr 43,NC_061833.1,118780at6656,7035600.0,7032989.0,-
GCF_019202785.1,Chr 26,NC_061844.1,118807at6656,9226780.0,9220203.0,-
GCF_019202785.1,Chr 13,NC_061822.1,118831at6656,32501637.0,32506612.0,+
GCF_019202785.1,Chr 32,NC_061856.1,118904at6656,26293139.0,26291021.0,-
GCF_019202785.1,Chr 11,NC_061820.1,119012at6656,41434235.0,41419862.0,-
GCF_019202785.1,Chr 7,NC_061849.1,119144at6656,28522920.0,28514482.0,-
GCF_019202785.1,Chr 14,NC_061823.1,119194at6656,30773125.0,30765094.0,-
GCF_019202785.1,Chr 27,NC_061848.1,119438at6656,1309237.0,1304084.0,-
GCF_019202785.1,Chr 10,NC_061830.1,119541at6656,36232477.0,36234289.0,+
GCF_019202785.1,Chr 13,NC_061822.1,119951at6656,36415066.0,36419183.0,+
GCF_019202785.1,Chr 26,NC_061844.1,120047at6656,17516344.0,17514224.0,-
GCF_019202785.1,Chr 17,NC_061847.1,120383at6656,16800098.0,16785435.0,-
GCF_019202785.1,Chr 12,NC_061824.1,120445at6656,26713531.0,26711416.0,-
GCF_019202785.1,Chr 11,NC_061820.1,120958at6656,21644207.0,21635955.0,-
GCF_019202785.1,Chr 1,NC_061821.1,121220at6656,20924514.0,20925275.0,+
GCF_019202785.1,Chr 21,NC_061853.1,121530at6656,7380793.0,7382282.0,+
GCF_019202785.1,Chr 7,NC_061849.1,121847at6656,9561829.0,9557782.0,-
GCF_019202785.1,Chr 12,NC_061824.1,121894at6656,35030799.0,35027534.0,-
GCF_019202785.1,Chr 4,NC_061829.1,122526at6656,1305417.0,1310070.0,+
GCF_019202785.1,Chr 12,NC_061824.1,122665at6656,16194321.0,16186746.0,-
GCF_019202785.1,Chr 23,NC_061838.1,122816at6656,8408118.0,8402212.0,-
GCF_019202785.1,Chr 18,NC_061828.1,123035at6656,25374106.0,25385442.0,+
GCF_019202785.1,Chr 25,NC_061857.1,123320at6656,14330560.0,14323521.0,-
GCF_019202785.1,Chr 16,NC_061826.1,123409at6656,4733227.0,4728210.0,-
GCF_019202785.1,Chr 23,NC_061838.1,123631at6656,841802.0,840670.0,-
GCF_019202785.1,Chr 26,NC_061844.1,123853at6656,6368898.0,6374341.0,+
GCF_019202785.1,Chr 5,NC_061839.1,124174at6656,15459556.0,15455069.0,-
GCF_019202785.1,Chr 23,NC_061838.1,124282at6656,12729811.0,12726049.0,-
GCF_019202785.1,Chr 8,NC_061854.1,124400at6656,34622982.0,34619583.0,-
GCF_019202785.1,Chr 30,NC_061831.1,124452at6656,4443614.0,4446953.0,+
GCF_019202785.1,Chr 20,NC_061837.1,124707at6656,23300481.0,23310457.0,+
GCF_019202785.1,Chr 8,NC_061854.1,124720at6656,3953150.0,3958612.0,+
GCF_019202785.1,Chr 1,NC_061821.1,124730at6656,33307710.0,33299249.0,-
GCF_019202785.1,Chr 19,NC_061819.1,124981at6656,19042140.0,19034565.0,-
GCF_019202785.1,Chr 4,NC_061829.1,125100at6656,38966171.0,38969132.0,+
GCF_019202785.1,Chr 3,NC_061845.1,125127at6656,31168906.0,31161242.0,-
GCF_019202785.1,Chr 26,NC_061844.1,125210at6656,5276894.0,5273089.0,-
GCF_019202785.1,Chr 3,NC_061845.1,125234at6656,11055973.0,11054451.0,-
GCF_019202785.1,Chr 28,NC_061832.1,125238at6656,7392210.0,7386907.0,-
GCF_019202785.1,Chr 14,NC_061823.1,125414at6656,4145172.0,4144063.0,-
GCF_019202785.1,Chr 19,NC_061819.1,125446at6656,12300262.0,12292156.0,-
GCF_019202785.1,Chr 16,NC_061826.1,125452at6656,40602791.0,40601461.0,-
GCF_019202785.1,Chr 23,NC_061838.1,125716at6656,12976574.0,12974448.0,-
GCF_019202785.1,Chr 37,NC_061846.1,126074at6656,9194434.0,9191850.0,-
GCF_019202785.1,Chr 17,NC_061847.1,126225at6656,19457060.0,19457548.0,+
GCF_019202785.1,Chr 29,NC_061834.1,126442at6656,17900966.0,17902640.0,+
GCF_019202785.1,Chr 23,NC_061838.1,126483at6656,14441077.0,14439768.0,-
GCF_019202785.1,Chr 12,NC_061824.1,126733at6656,23592788.0,23597924.0,+
GCF_019202785.1,Chr 4,NC_061829.1,127349at6656,9548168.0,9538029.0,-
GCF_019202785.1,Chr 13,NC_061822.1,127511at6656,36314227.0,36317628.0,+
GCF_019202785.1,Chr 38,NC_061840.1,127602at6656,15809143.0,15808235.0,-
GCF_019202785.1,Chr 30,NC_061831.1,127649at6656,25846419.0,25855456.0,+
GCF_019202785.1,Chr 13,NC_061822.1,127661at6656,17231648.0,17235991.0,+
GCF_019202785.1,Chr 2,NC_061855.1,127775at6656,24919442.0,24917636.0,-
GCF_019202785.1,Chr 28,NC_061832.1,128030at6656,15968025.0,15973272.0,+
GCF_019202785.1,Chr 31,NC_061859.1,128188at6656,3228401.0,3231369.0,+
GCF_019202785.1,Chr 42,NC_061843.1,128216at6656,6045514.0,6042770.0,-
GCF_019202785.1,Chr 17,NC_061847.1,128331at6656,28121321.0,28125978.0,+
GCF_019202785.1,Chr 14,NC_061823.1,128464at6656,11324159.0,11326865.0,+
GCF_019202785.1,Chr 8,NC_061854.1,128916at6656,6024867.0,6020624.0,-
GCF_019202785.1,Chr 39,NC_061858.1,129077at6656,12051897.0,12050555.0,-
GCF_019202785.1,Chr 12,NC_061824.1,129131at6656,6291894.0,6297883.0,+
GCF_019202785.1,Chr 9,NC_061825.1,129200at6656,4818039.0,4803474.0,-
GCF_019202785.1,Chr 6,NC_061827.1,129593at6656,24454490.0,24431793.0,-
GCF_019202785.1,Chr 24,NC_061850.1,129618at6656,14528511.0,14536872.0,+
GCF_019202785.1,Chr 10,NC_061830.1,129675at6656,15281850.0,15289378.0,+
GCF_019202785.1,Chr 14,NC_061823.1,129886at6656,6475034.0,6473176.0,-
GCF_019202785.1,Chr 16,NC_061826.1,129902at6656,13623276.0,13620737.0,-
GCF_019202785.1,Chr 4,NC_061829.1,129989at6656,23351840.0,23348787.0,-
GCF_019202785.1,Chr 2,NC_061855.1,130105at6656,2230237.0,2229194.0,-
GCF_019202785.1,Chr 8,NC_061854.1,130126at6656,35064650.0,35065369.0,+
GCF_019202785.1,Chr 29,NC_061834.1,130176at6656,34560603.0,34563761.0,+
GCF_019202785.1,Chr 14,NC_061823.1,130363at6656,38052576.0,38063373.0,+
GCF_019202785.1,Chr 19,NC_061819.1,130514at6656,31683504.0,31694857.0,+
GCF_019202785.1,Chr 5,NC_061839.1,130563at6656,338130.0,332075.0,-
GCF_019202785.1,Chr 11,NC_061820.1,130663at6656,44482932.0,44484547.0,+
GCF_019202785.1,Chr 15,NC_061852.1,130825at6656,14641487.0,14638418.0,-
GCF_019202785.1,Chr 38,NC_061840.1,130923at6656,4918797.0,4927475.0,+
GCF_019202785.1,Chr 15,NC_061852.1,131276at6656,2064952.0,2063753.0,-
GCF_019202785.1,Chr 23,NC_061838.1,131307at6656,12902916.0,12900440.0,-
GCF_019202785.1,Chr 31,NC_061859.1,131495at6656,26767837.0,26770061.0,+
GCF_019202785.1,Chr 7,NC_061849.1,131516at6656,33834356.0,33829867.0,-
GCF_019202785.1,Chr 16,NC_061826.1,131642at6656,39784759.0,39782418.0,-
GCF_019202785.1,Chr 5,NC_061839.1,131668at6656,2964846.0,2954421.0,-
GCF_019202785.1,Chr 42,NC_061843.1,131720at6656,14646260.0,14650385.0,+
GCF_019202785.1,Chr 4,NC_061829.1,131921at6656,19758092.0,19759999.0,+
GCF_019202785.1,Chr 24,NC_061850.1,132329at6656,16055754.0,16046727.0,-
GCF_019202785.1,Chr 19,NC_061819.1,132340at6656,37883717.0,37881430.0,-
GCF_019202785.1,Chr 35,NC_061861.1,132441at6656,20232625.0,20214172.0,-
GCF_019202785.1,Chr 2,NC_061855.1,132495at6656,14338359.0,14341873.0,+
GCF_019202785.1,Chr 14,NC_061823.1,132760at6656,4703161.0,4700935.0,-
GCF_019202785.1,Chr 6,NC_061827.1,132857at6656,6332802.0,6338238.0,+
GCF_019202785.1,Chr 12,NC_061824.1,133015at6656,35623781.0,35627238.0,+
GCF_019202785.1,Chr 5,NC_061839.1,133329at6656,10038795.0,10038343.0,-
GCF_019202785.1,Chr 19,NC_061819.1,133362at6656,19687724.0,19682331.0,-
GCF_019202785.1,Chr 12,NC_061824.1,133422at6656,14304726.0,14315483.0,+
GCF_019202785.1,Chr 9,NC_061825.1,133603at6656,4825610.0,4830676.0,+
GCF_019202785.1,Chr 8,NC_061854.1,133735at6656,6032320.0,6035914.0,+
GCF_019202785.1,Chr 9,NC_061825.1,133949at6656,15796179.0,15789308.0,-
GCF_019202785.1,Chr 22,NC_061841.1,134073at6656,6210148.0,6217266.0,+
GCF_019202785.1,Chr 12,NC_061824.1,134209at6656,24840111.0,24842749.0,+
GCF_019202785.1,Chr 4,NC_061829.1,134216at6656,22928759.0,22934645.0,+
GCF_019202785.1,Chr 28,NC_061832.1,134673at6656,16164179.0,16161753.0,-
GCF_019202785.1,Chr 27,NC_061848.1,134708at6656,27133177.0,27142135.0,+
GCF_019202785.1,Chr 26,NC_061844.1,134776at6656,17180942.0,17191653.0,+
GCF_019202785.1,Chr 20,NC_061837.1,134835at6656,32780715.0,32761512.0,-
GCF_019202785.1,Chr 1,NC_061821.1,134853at6656,15982894.0,15973116.0,-
GCF_019202785.1,Chr 36,NC_061835.1,134865at6656,13403336.0,13398626.0,-
GCF_019202785.1,Chr 1,NC_061821.1,134885at6656,2619040.0,2622520.0,+
GCF_019202785.1,Chr 1,NC_061821.1,135065at6656,22560363.0,22510951.0,-
GCF_019202785.1,Chr 7,NC_061849.1,135075at6656,16600453.0,16604674.0,+
GCF_019202785.1,Chr 12,NC_061824.1,135107at6656,33028615.0,33042879.0,+
GCF_019202785.1,Chr 1,NC_061821.1,135123at6656,42242787.0,42240571.0,-
GCF_019202785.1,Chr 18,NC_061828.1,135203at6656,31013512.0,31010110.0,-
GCF_019202785.1,Chr 14,NC_061823.1,135204at6656,19543865.0,19536507.0,-
GCF_019202785.1,Chr 19,NC_061819.1,135357at6656,19616015.0,19612299.0,-
GCF_019202785.1,Chr 4,NC_061829.1,135373at6656,7612045.0,7616410.0,+
GCF_019202785.1,Chr 2,NC_061855.1,135391at6656,18389989.0,18380412.0,-
GCF_019202785.1,Chr 19,NC_061819.1,135526at6656,31351826.0,31371823.0,+
GCF_019202785.1,Chr 18,NC_061828.1,135676at6656,10053959.0,10050675.0,-
GCF_019202785.1,Chr 24,NC_061850.1,135690at6656,9186962.0,9196818.0,+
GCF_019202785.1,Chr 14,NC_061823.1,135702at6656,38545300.0,38543944.0,-
GCF_019202785.1,Chr 42,NC_061843.1,135764at6656,2696312.0,2702132.0,+
GCF_019202785.1,Chr 23,NC_061838.1,135828at6656,25139224.0,25133321.0,-
GCF_019202785.1,Chr 39,NC_061858.1,135834at6656,4545574.0,4537266.0,-
GCF_019202785.1,Chr 2,NC_061855.1,135859at6656,32691792.0,32690000.0,-
GCF_019202785.1,Chr 6,NC_061827.1,135975at6656,40887477.0,40895148.0,+
GCF_019202785.1,Chr 28,NC_061832.1,135994at6656,17634962.0,17637239.0,+
GCF_019202785.1,Chr 10,NC_061830.1,136055at6656,13206004.0,13203693.0,-
GCF_019202785.1,Chr 31,NC_061859.1,136119at6656,8518729.0,8520385.0,+
GCF_019202785.1,Chr 27,NC_061848.1,136224at6656,12905741.0,12910064.0,+
GCF_019202785.1,Chr 16,NC_061826.1,136365at6656,33989602.0,33991078.0,+
GCF_019202785.1,Chr 32,NC_061856.1,136559at6656,12703837.0,12701416.0,-
GCF_019202785.1,Chr 33,NC_061860.1,136888at6656,3056198.0,3055281.0,-
GCF_019202785.1,Chr 15,NC_061852.1,137050at6656,16811305.0,16812151.0,+
GCF_019202785.1,Chr 6,NC_061827.1,137197at6656,26500084.0,26515797.0,+
GCF_019202785.1,Chr 3,NC_061845.1,137202at6656,16938998.0,16949593.0,+
GCF_019202785.1,Chr 9,NC_061825.1,137334at6656,13164896.0,13160175.0,-
GCF_019202785.1,Chr 41,NC_061851.1,137422at6656,17434001.0,17425478.0,-
GCF_019202785.1,Chr 5,NC_061839.1,137609at6656,4291946.0,4292917.0,+
GCF_019202785.1,Chr 21,NC_061853.1,137688at6656,7647833.0,7660556.0,+
GCF_019202785.1,Chr 7,NC_061849.1,137709at6656,29107550.0,29106639.0,-
GCF_019202785.1,Chr 31,NC_061859.1,137711at6656,3368731.0,3369700.0,+
GCF_019202785.1,Chr 35,NC_061861.1,138243at6656,14725920.0,14720678.0,-
GCF_019202785.1,Chr 9,NC_061825.1,138271at6656,7546359.0,7537831.0,-
GCF_019202785.1,Chr 5,NC_061839.1,138379at6656,9836195.0,9831514.0,-
GCF_019202785.1,Chr 28,NC_061832.1,138401at6656,13717553.0,13708871.0,-
GCF_019202785.1,Chr 41,NC_061851.1,138502at6656,25029402.0,25030172.0,+
GCF_019202785.1,Chr 1,NC_061821.1,138553at6656,12295236.0,12290967.0,-
GCF_019202785.1,Chr 26,NC_061844.1,138659at6656,14586383.0,14581202.0,-
GCF_019202785.1,Chr 4,NC_061829.1,138684at6656,13471572.0,13473824.0,+
GCF_019202785.1,Chr 25,NC_061857.1,138937at6656,25481606.0,25482147.0,+
GCF_019202785.1,Chr 39,NC_061858.1,139217at6656,25626300.0,25626920.0,+
GCF_019202785.1,Chr 28,NC_061832.1,139638at6656,16417532.0,16414266.0,-
GCF_019202785.1,Chr 7,NC_061849.1,139744at6656,12622508.0,12616391.0,-
GCF_019202785.1,Chr 14,NC_061823.1,139834at6656,30577142.0,30573148.0,-
GCF_019202785.1,Chr 4,NC_061829.1,140076at6656,18082537.0,18085212.0,+
GCF_019202785.1,Chr 10,NC_061830.1,140197at6656,9526806.0,9529118.0,+
GCF_019202785.1,Chr 37,NC_061846.1,140198at6656,10071014.0,10069579.0,-
GCF_019202785.1,Chr 35,NC_061861.1,140403at6656,15244579.0,15231014.0,-
GCF_019202785.1,Chr 25,NC_061857.1,140693at6656,20949794.0,20941293.0,-
GCF_019202785.1,Chr 8,NC_061854.1,140874at6656,12132981.0,12128706.0,-
GCF_019202785.1,Chr 11,NC_061820.1,140903at6656,10045110.0,10040749.0,-
GCF_019202785.1,Chr 20,NC_061837.1,141031at6656,25420149.0,25441233.0,+
GCF_019202785.1,Chr 37,NC_061846.1,141163at6656,1071746.0,1061291.0,-
GCF_019202785.1,Chr 3,NC_061845.1,141166at6656,5328108.0,5268884.0,-
GCF_019202785.1,Chr 3,NC_061845.1,141298at6656,25878251.0,25872415.0,-
GCF_019202785.1,Chr 12,NC_061824.1,141804at6656,39579753.0,39584946.0,+
GCF_019202785.1,Chr 8,NC_061854.1,141859at6656,13842075.0,13837228.0,-
GCF_019202785.1,Chr 17,NC_061847.1,142388at6656,20995012.0,21004366.0,+
GCF_019202785.1,Chr 30,NC_061831.1,142522at6656,12861448.0,12862805.0,+
GCF_019202785.1,Chr 29,NC_061834.1,142833at6656,26843082.0,26843693.0,+
GCF_019202785.1,Chr 7,NC_061849.1,143154at6656,11666229.0,11662514.0,-
GCF_019202785.1,Chr 37,NC_061846.1,143279at6656,635758.0,628764.0,-
GCF_019202785.1,Chr 6,NC_061827.1,143459at6656,714794.0,716685.0,+
GCF_019202785.1,Chr 14,NC_061823.1,143489at6656,19275927.0,19277585.0,+
GCF_019202785.1,Chr 43,NC_061833.1,143626at6656,5653998.0,5653098.0,-
GCF_019202785.1,Chr 18,NC_061828.1,143930at6656,24959134.0,24947931.0,-
GCF_019202785.1,Chr 8,NC_061854.1,144652at6656,11099275.0,11096081.0,-
GCF_019202785.1,Chr 38,NC_061840.1,144851at6656,27403096.0,27406939.0,+
GCF_019202785.1,Chr 13,NC_061822.1,145033at6656,31858735.0,31845742.0,-
GCF_019202785.1,Chr 25,NC_061857.1,145102at6656,21034687.0,21035698.0,+
GCF_019202785.1,Chr 41,NC_061851.1,145443at6656,21388357.0,21384260.0,-
GCF_019202785.1,Chr 11,NC_061820.1,145610at6656,10566374.0,10555728.0,-
GCF_019202785.1,Chr 6,NC_061827.1,145811at6656,17237759.0,17243735.0,+
GCF_019202785.1,Chr 11,NC_061820.1,145996at6656,42763430.0,42764564.0,+
GCF_019202785.1,Chr 40,NC_061836.1,146007at6656,20332640.0,20311488.0,-
GCF_019202785.1,Chr 6,NC_061827.1,146036at6656,36784006.0,36784767.0,+
GCF_019202785.1,Chr 16,NC_061826.1,146087at6656,8760280.0,8759200.0,-
GCF_019202785.1,Chr 27,NC_061848.1,146102at6656,12399853.0,12390114.0,-
GCF_019202785.1,Chr 26,NC_061844.1,146103at6656,17833448.0,17832251.0,-
GCF_019202785.1,Chr 3,NC_061845.1,146383at6656,19596614.0,19595847.0,-
GCF_019202785.1,Chr 17,NC_061847.1,146600at6656,28251736.0,28250583.0,-
GCF_019202785.1,Chr 11,NC_061820.1,146920at6656,44681651.0,44681180.0,-
GCF_019202785.1,Chr 3,NC_061845.1,147002at6656,9153107.0,9167418.0,+
GCF_019202785.1,Chr 13,NC_061822.1,147322at6656,36119803.0,36117505.0,-
GCF_019202785.1,Chr 12,NC_061824.1,147657at6656,24419901.0,24423144.0,+
GCF_019202785.1,Chr 28,NC_061832.1,147723at6656,14165899.0,14165385.0,-
GCF_019202785.1,Chr 24,NC_061850.1,147852at6656,23931049.0,23929638.0,-
GCF_019202785.1,Chr 6,NC_061827.1,147980at6656,10663109.0,10660766.0,-
GCF_019202785.1,Chr 21,NC_061853.1,148134at6656,7494805.0,7497626.0,+
GCF_019202785.1,Chr 21,NC_061853.1,148619at6656,32508615.0,32514862.0,+
GCF_019202785.1,Chr 5,NC_061839.1,148713at6656,7341373.0,7341897.0,+
GCF_019202785.1,Chr 10,NC_061830.1,148851at6656,25682650.0,25681636.0,-
GCF_019202785.1,Chr 12,NC_061824.1,148890at6656,25660561.0,25656676.0,-
GCF_019202785.1,Chr 10,NC_061830.1,149101at6656,28509069.0,28506493.0,-
GCF_019202785.1,Chr 24,NC_061850.1,149126at6656,12032433.0,12042551.0,+
GCF_019202785.1,Chr 36,NC_061835.1,149251at6656,8875721.0,8868081.0,-
GCF_019202785.1,Chr 35,NC_061861.1,149405at6656,13280886.0,13275947.0,-
GCF_019202785.1,Chr 2,NC_061855.1,149680at6656,28282161.0,28278577.0,-
GCF_019202785.1,Chr 10,NC_061830.1,149753at6656,34935446.0,34932811.0,-
GCF_019202785.1,Chr 39,NC_061858.1,149796at6656,22677688.0,22687403.0,+
GCF_019202785.1,Chr 21,NC_061853.1,149819at6656,6668101.0,6670675.0,+
GCF_019202785.1,Chr 30,NC_061831.1,149973at6656,5653226.0,5653981.0,+
GCF_019202785.1,Chr 44,NW_025918411.1,149977at6656,14974.0,9799.0,-
GCF_019202785.1,Chr 28,NC_061832.1,150005at6656,19698873.0,19693927.0,-
GCF_019202785.1,Chr 12,NC_061824.1,150049at6656,24702932.0,24705116.0,+
GCF_019202785.1,Chr 19,NC_061819.1,150137at6656,27596467.0,27585876.0,-
GCF_019202785.1,Chr 6,NC_061827.1,150251at6656,32357392.0,32365257.0,+
GCF_019202785.1,Chr 2,NC_061855.1,150327at6656,23483415.0,23488585.0,+
GCF_019202785.1,Chr 36,NC_061835.1,150479at6656,2033200.0,2031569.0,-
GCF_019202785.1,Chr 10,NC_061830.1,150583at6656,30526644.0,30527297.0,+
GCF_019202785.1,Chr 15,NC_061852.1,150585at6656,22005476.0,22008021.0,+
GCF_019202785.1,Chr 18,NC_061828.1,150667at6656,33879857.0,33888474.0,+
GCF_019202785.1,Chr 8,NC_061854.1,150765at6656,6005756.0,6002089.0,-
GCF_019202785.1,Chr 31,NC_061859.1,151102at6656,26764178.0,26761286.0,-
GCF_019202785.1,Chr 13,NC_061822.1,151111at6656,25408871.0,25409347.0,+
GCF_019202785.1,Chr 20,NC_061837.1,151114at6656,23774655.0,23774058.0,-
GCF_019202785.1,Chr 31,NC_061859.1,151393at6656,26413344.0,26414825.0,+
GCF_019202785.1,Chr 38,NC_061840.1,151436at6656,9824161.0,9839521.0,+
GCF_019202785.1,Chr 5,NC_061839.1,152032at6656,10072293.0,10075444.0,+
GCF_019202785.1,Chr 12,NC_061824.1,152109at6656,447186.0,451147.0,+
GCF_019202785.1,Chr 35,NC_061861.1,152402at6656,2552323.0,2557839.0,+
GCF_019202785.1,Chr 9,NC_061825.1,152534at6656,12966373.0,12965902.0,-
GCF_019202785.1,Chr 5,NC_061839.1,152871at6656,12853131.0,12853951.0,+
GCF_019202785.1,Chr 16,NC_061826.1,153155at6656,2078930.0,2083188.0,+
GCF_019202785.1,Chr 35,NC_061861.1,153232at6656,15912432.0,15910290.0,-
GCF_019202785.1,Chr 28,NC_061832.1,153312at6656,13605117.0,13606783.0,+
GCF_019202785.1,Chr 5,NC_061839.1,153534at6656,27307722.0,27303140.0,-
GCF_019202785.1,Chr 31,NC_061859.1,153693at6656,27625602.0,27631241.0,+
GCF_019202785.1,Chr 8,NC_061854.1,154133at6656,11826144.0,11830226.0,+
GCF_019202785.1,Chr 2,NC_061855.1,154415at6656,15071962.0,15064321.0,-
GCF_019202785.1,Chr 22,NC_061841.1,154507at6656,2100196.0,2101616.0,+
GCF_019202785.1,Chr 24,NC_061850.1,155285at6656,7276873.0,7274912.0,-
GCF_019202785.1,Chr 8,NC_061854.1,156081at6656,3228411.0,3227445.0,-
GCF_019202785.1,Chr 14,NC_061823.1,156111at6656,11333161.0,11340360.0,+
GCF_019202785.1,Chr 10,NC_061830.1,156305at6656,4085649.0,4084147.0,-
GCF_019202785.1,Chr 17,NC_061847.1,156395at6656,19505439.0,19504309.0,-
GCF_019202785.1,Chr 34,NC_061842.1,156728at6656,9621022.0,9601979.0,-
GCF_019202785.1,Chr 34,NC_061842.1,156824at6656,9091251.0,9093035.0,+
GCF_019202785.1,Chr 5,NC_061839.1,156882at6656,740634.0,738898.0,-
GCF_019202785.1,Chr 8,NC_061854.1,156975at6656,2675975.0,2674969.0,-
GCF_019202785.1,Chr 3,NC_061845.1,157486at6656,28452528.0,28450464.0,-
GCF_019202785.1,Chr 38,NC_061840.1,157579at6656,12972093.0,12970278.0,-
GCF_019202785.1,Chr 1,NC_061821.1,157851at6656,2616211.0,2615402.0,-
GCF_019202785.1,Chr 2,NC_061855.1,157879at6656,30386494.0,30388212.0,+
GCF_019202785.1,Chr 1,NC_061821.1,158194at6656,12325528.0,12328874.0,+
GCF_019202785.1,Chr 33,NC_061860.1,158760at6656,16150478.0,16165059.0,+
GCF_019202785.1,Chr 29,NC_061834.1,159231at6656,36647115.0,36646458.0,-
GCF_019202785.1,Chr 39,NC_061858.1,159420at6656,1081139.0,1077632.0,-
GCF_019202785.1,Chr 19,NC_061819.1,159542at6656,10096570.0,10098217.0,+
GCF_019202785.1,Chr 27,NC_061848.1,160675at6656,18301343.0,18292696.0,-
GCF_019202785.1,Chr 23,NC_061838.1,160705at6656,14230467.0,14228401.0,-
GCF_019202785.1,Chr 39,NC_061858.1,161435at6656,5045211.0,5049147.0,+
GCF_019202785.1,Chr 33,NC_061860.1,162147at6656,2200691.0,2199954.0,-
GCF_019202785.1,Chr 32,NC_061856.1,162594at6656,2415358.0,2414462.0,-
GCF_019202785.1,Chr 37,NC_061846.1,162628at6656,18652568.0,18663520.0,+
GCF_019202785.1,Chr 21,NC_061853.1,162841at6656,13894035.0,13878960.0,-
GCF_019202785.1,Chr 5,NC_061839.1,163670at6656,18527459.0,18537518.0,+
GCF_019202785.1,Chr 19,NC_061819.1,163896at6656,32575937.0,32576726.0,+
GCF_019202785.1,Chr 23,NC_061838.1,164354at6656,3720181.0,3717799.0,-
GCF_019202785.1,Chr 5,NC_061839.1,164512at6656,11000013.0,10999204.0,-
GCF_019202785.1,Chr 11,NC_061820.1,165207at6656,14943287.0,14937797.0,-
GCF_019202785.1,Chr 7,NC_061849.1,165493at6656,11674029.0,11676302.0,+
GCF_019202785.1,Chr 19,NC_061819.1,166476at6656,3049436.0,3047088.0,-
GCF_019202785.1,Chr 18,NC_061828.1,166479at6656,7347863.0,7349041.0,+
GCF_019202785.1,Chr 25,NC_061857.1,166485at6656,20602214.0,20602655.0,+
GCF_024679095.1,Chr 14,NC_066540.1,774at6656,16823929.0,16759104.0,-
GCF_024679095.1,Chr 17,NC_066561.1,980at6656,3967804.0,3772518.0,-
GCF_024679095.1,Chr 15,NC_066525.1,997at6656,14958208.0,14967844.0,+
GCF_024679095.1,Chr 67,NC_066564.1,1166at6656,5057213.0,5077569.0,+
GCF_024679095.1,Chr 40,NC_066520.1,1885at6656,24178059.0,24215110.0,+
GCF_024679095.1,Chr 67,NC_066564.1,1990at6656,3694601.0,3664036.0,-
GCF_024679095.1,Chr 23,NC_066527.1,2148at6656,5266724.0,5278687.0,+
GCF_024679095.1,Chr 2,NC_066533.1,2456at6656,10934379.0,10922745.0,-
GCF_024679095.1,Chr 59,NC_066571.1,2473at6656,11306724.0,11284504.0,-
GCF_024679095.1,Chr 2,NC_066533.1,3310at6656,9195153.0,9214075.0,+
GCF_024679095.1,Chr 30,NC_066541.1,3585at6656,14682028.0,14888623.0,+
GCF_024679095.1,Chr 14,NC_066540.1,3644at6656,16595448.0,16608412.0,+
GCF_024679095.1,Chr 24,NC_066532.1,4136at6656,19578447.0,19609880.0,+
GCF_024679095.1,Chr 4,NC_066543.1,4227at6656,12420752.0,12388304.0,-
GCF_024679095.1,Chr 51,NC_066554.1,4864at6656,389777.0,304701.0,-
GCF_024679095.1,Chr 13,NC_066530.1,5277at6656,17067645.0,17073863.0,+
GCF_024679095.1,Chr 29,NC_066565.1,5616at6656,2592890.0,2575310.0,-
GCF_024679095.1,Chr 8,NC_066544.1,6453at6656,10730667.0,10750255.0,+
GCF_024679095.1,Chr 7,NC_066512.1,6563at6656,20535513.0,20547016.0,+
GCF_024679095.1,Chr 18,NC_066558.1,6715at6656,6553987.0,6523854.0,-
GCF_024679095.1,Chr 9,NC_066523.1,6820at6656,908712.0,922502.0,+
GCF_024679095.1,Chr 63,NC_066576.1,8145at6656,3942867.0,3927588.0,-
GCF_024679095.1,Chr 36,NC_066572.1,8495at6656,265542.0,269576.0,+
GCF_024679095.1,Chr 62,NC_066514.1,8913at6656,25206949.0,25268727.0,+
GCF_024679095.1,Chr 64,NC_066573.1,9647at6656,2352071.0,2361606.0,+
GCF_024679095.1,Chr 32,NC_066511.1,9648at6656,11743603.0,11727614.0,-
GCF_024679095.1,Chr 5,NC_066549.1,10573at6656,11460071.0,11420150.0,-
GCF_024679095.1,Chr 41,NC_066569.1,11384at6656,4949589.0,4912578.0,-
GCF_024679095.1,Chr 17,NC_066561.1,12029at6656,2890881.0,2913919.0,+
GCF_024679095.1,Chr 16,NC_066524.1,12174at6656,21675809.0,21734224.0,+
GCF_024679095.1,Chr 44,NC_066518.1,12383at6656,13785525.0,13781644.0,-
GCF_024679095.1,Chr 25,NC_066536.1,12771at6656,12915600.0,12918518.0,+
GCF_024679095.1,Chr 53,NC_066515.1,12846at6656,26618270.0,26630807.0,+
GCF_024679095.1,Chr 5,NC_066549.1,13019at6656,13399690.0,13365807.0,-
GCF_024679095.1,Chr 3,NC_066522.1,13051at6656,7170741.0,7186713.0,+
GCF_024679095.1,Chr 2,NC_066533.1,13736at6656,10974331.0,10986189.0,+
GCF_024679095.1,Chr 6,NC_066545.1,13833at6656,7856264.0,7858672.0,+
GCF_024679095.1,Chr 12,NC_066516.1,13858at6656,20047676.0,20045004.0,-
GCF_024679095.1,Chr 54,NC_066556.1,13890at6656,9075422.0,9083846.0,+
GCF_024679095.1,Chr 24,NC_066532.1,13934at6656,825668.0,835371.0,+
GCF_024679095.1,Chr 1,NC_066537.1,14090at6656,10328941.0,10315476.0,-
GCF_024679095.1,Chr 33,NC_066550.1,14257at6656,10688241.0,10701376.0,+
GCF_024679095.1,Chr 19,NC_066510.1,14447at6656,29729941.0,29742665.0,+
GCF_024679095.1,Chr 53,NC_066515.1,14995at6656,25769123.0,25778796.0,+
GCF_024679095.1,Chr 45,NC_066560.1,15200at6656,10948830.0,10960936.0,+
GCF_024679095.1,Chr 55,NC_066557.1,15697at6656,5209926.0,5194523.0,-
GCF_024679095.1,Chr 1,NC_066537.1,15905at6656,4795560.0,4815446.0,+
GCF_024679095.1,Chr 27,NC_066548.1,16061at6656,1713357.0,1705791.0,-
GCF_024679095.1,Chr 56,NC_066574.1,16084at6656,6805782.0,6682700.0,-
GCF_024679095.1,Chr 17,NC_066561.1,16220at6656,8394633.0,8387952.0,-
GCF_024679095.1,Chr 27,NC_066548.1,16630at6656,13281524.0,13321043.0,+
GCF_024679095.1,Chr 48,NC_066521.1,16648at6656,19359963.0,19364220.0,+
GCF_024679095.1,Chr 1,NC_066537.1,17096at6656,17604289.0,17614316.0,+
GCF_024679095.1,Chr 8,NC_066544.1,17122at6656,12012969.0,12027901.0,+
GCF_024679095.1,Chr 44,NC_066518.1,17128at6656,11886989.0,11868795.0,-
GCF_024679095.1,Chr 5,NC_066549.1,18055at6656,15925446.0,16082001.0,+
GCF_024679095.1,Chr 19,NC_066510.1,18073at6656,16041849.0,16037939.0,-
GCF_024679095.1,Chr 54,NC_066556.1,18630at6656,8351375.0,8342665.0,-
GCF_024679095.1,Chr 38,NC_066575.1,19044at6656,3605431.0,3591211.0,-
GCF_024679095.1,Chr 6,NC_066545.1,19058at6656,14672959.0,14677026.0,+
GCF_024679095.1,Chr 14,NC_066540.1,19104at6656,16182236.0,16189004.0,+
GCF_024679095.1,Chr 53,NC_066515.1,19129at6656,26171086.0,26178361.0,+
GCF_024679095.1,Chr 30,NC_066541.1,19208at6656,7313612.0,7306961.0,-
GCF_024679095.1,Chr 7,NC_066512.1,19289at6656,28549148.0,28543336.0,-
GCF_024679095.1,Chr 40,NC_066520.1,19590at6656,7914332.0,7860282.0,-
GCF_024679095.1,Chr 61,NC_066534.1,19760at6656,7958045.0,7847584.0,-
GCF_024679095.1,Chr 3,NC_066522.1,20093at6656,12893874.0,12911172.0,+
GCF_024679095.1,Chr 29,NC_066565.1,20267at6656,3053641.0,3063718.0,+
GCF_024679095.1,Chr 35,NC_066552.1,20935at6656,4247824.0,4241877.0,-
GCF_024679095.1,Chr 28,NC_066546.1,20936at6656,1291010.0,1247208.0,-
GCF_024679095.1,Chr 39,NC_066519.1,21019at6656,12680474.0,12667535.0,-
GCF_024679095.1,Chr 10,NC_066577.1,21361at6656,6325607.0,6307842.0,-
GCF_024679095.1,Chr 4,NC_066543.1,21367at6656,13467358.0,13473616.0,+
GCF_024679095.1,Chr 10,NC_066577.1,21385at6656,6722337.0,6715160.0,-
GCF_024679095.1,Chr 46,NC_066535.1,22098at6656,17728456.0,17719033.0,-
GCF_024679095.1,Chr 56,NC_066574.1,22148at6656,2783223.0,2775266.0,-
GCF_024679095.1,Chr 17,NC_066561.1,22358at6656,4942167.0,4967043.0,+
GCF_024679095.1,Chr 9,NC_066523.1,22364at6656,972870.0,985320.0,+
GCF_024679095.1,Chr 27,NC_066548.1,22468at6656,1788965.0,1801648.0,+
GCF_024679095.1,Chr 16,NC_066524.1,22611at6656,12417617.0,12410194.0,-
GCF_024679095.1,Chr 8,NC_066544.1,22887at6656,17226355.0,17236587.0,+
GCF_024679095.1,Chr 10,NC_066577.1,23309at6656,7189239.0,7175770.0,-
GCF_024679095.1,Chr 19,NC_066510.1,23388at6656,15151583.0,15162322.0,+
GCF_024679095.1,Chr 68,NC_066555.1,23429at6656,7040928.0,7035059.0,-
GCF_024679095.1,Chr 6,NC_066545.1,23917at6656,16172410.0,16181948.0,+
GCF_024679095.1,Chr 20,NC_066559.1,24255at6656,9639010.0,9627913.0,-
GCF_024679095.1,Chr 23,NC_066527.1,24459at6656,20723009.0,20734213.0,+
GCF_024679095.1,Chr 62,NC_066514.1,24573at6656,1660803.0,1672844.0,+
GCF_024679095.1,Chr 48,NC_066521.1,25554at6656,13910326.0,13904281.0,-
GCF_024679095.1,Chr 70,NC_066553.1,26078at6656,8643179.0,8629471.0,-
GCF_024679095.1,Chr 13,NC_066530.1,26653at6656,2855107.0,2856948.0,+
GCF_024679095.1,Chr 15,NC_066525.1,26734at6656,2900153.0,2909006.0,+
GCF_024679095.1,Chr 16,NC_066524.1,27198at6656,20403663.0,20416774.0,+
GCF_024679095.1,Chr 38,NC_066575.1,27515at6656,2931032.0,2940801.0,+
GCF_024679095.1,Chr 23,NC_066527.1,27617at6656,8174736.0,8152714.0,-
GCF_024679095.1,Chr 12,NC_066516.1,27655at6656,11284137.0,11368340.0,+
GCF_024679095.1,Chr 7,NC_066512.1,28325at6656,19199128.0,19176587.0,-
GCF_024679095.1,Chr 7,NC_066512.1,28380at6656,28108003.0,28151723.0,+
GCF_024679095.1,Chr 52,NC_066526.1,28519at6656,10616201.0,10623011.0,+
GCF_024679095.1,Chr 48,NC_066521.1,28685at6656,18361314.0,18357531.0,-
GCF_024679095.1,Chr 71,NW_026111557.1,28872at6656,45886.0,58689.0,+
GCF_024679095.1,Chr 19,NC_066510.1,29213at6656,24742667.0,24748653.0,+
GCF_024679095.1,Chr 2,NC_066533.1,29237at6656,10011039.0,10024466.0,+
GCF_024679095.1,Chr 8,NC_066544.1,29365at6656,8057170.0,8063717.0,+
GCF_024679095.1,Chr 28,NC_066546.1,29730at6656,17315013.0,17312287.0,-
GCF_024679095.1,Chr 14,NC_066540.1,29744at6656,17374948.0,17385806.0,+
GCF_024679095.1,Chr 33,NC_066550.1,30156at6656,10396126.0,10388737.0,-
GCF_024679095.1,Chr 16,NC_066524.1,30184at6656,18527810.0,18537021.0,+
GCF_024679095.1,Chr 18,NC_066558.1,30267at6656,1853951.0,1836728.0,-
GCF_024679095.1,Chr 38,NC_066575.1,30463at6656,3552257.0,3561159.0,+
GCF_024679095.1,Chr 13,NC_066530.1,30512at6656,3271341.0,3260280.0,-
GCF_024679095.1,Chr 24,NC_066532.1,30526at6656,2994333.0,2992207.0,-
GCF_024679095.1,Chr 43,NC_066563.1,30642at6656,664544.0,675819.0,+
GCF_024679095.1,Chr 16,NC_066524.1,30822at6656,15973296.0,15980443.0,+
GCF_024679095.1,Chr 26,NC_066567.1,30918at6656,1761356.0,1770113.0,+
GCF_024679095.1,Chr 3,NC_066522.1,30962at6656,10903424.0,10933523.0,+
GCF_024679095.1,Chr 16,NC_066524.1,31014at6656,13104781.0,13101173.0,-
GCF_024679095.1,Chr 60,NC_066551.1,31119at6656,7127906.0,7122578.0,-
GCF_024679095.1,Chr 22,NC_066513.1,31196at6656,19104532.0,19063198.0,-
GCF_024679095.1,Chr 36,NC_066572.1,31333at6656,2727448.0,2710898.0,-
GCF_024679095.1,Chr 21,NC_066542.1,31480at6656,12151856.0,12167591.0,+
GCF_024679095.1,Chr 13,NC_066530.1,31634at6656,14172204.0,14180659.0,+
GCF_024679095.1,Chr 7,NC_066512.1,31886at6656,27723414.0,27719398.0,-
GCF_024679095.1,Chr 6,NC_066545.1,31919at6656,4195711.0,4179888.0,-
GCF_024679095.1,Chr 66,NC_066566.1,32694at6656,4720685.0,4712785.0,-
GCF_024679095.1,Chr 19,NC_066510.1,32733at6656,31065198.0,31070269.0,+
GCF_024679095.1,Chr 9,NC_066523.1,32851at6656,9248015.0,9209746.0,-
GCF_024679095.1,Chr 24,NC_066532.1,33187at6656,16519914.0,16509515.0,-
GCF_024679095.1,Chr 28,NC_066546.1,33566at6656,6188276.0,6177640.0,-
GCF_024679095.1,Chr 45,NC_066560.1,33794at6656,5261927.0,5245963.0,-
GCF_024679095.1,Chr 7,NC_066512.1,34586at6656,23574552.0,23559746.0,-
GCF_024679095.1,Chr 13,NC_066530.1,34917at6656,1186486.0,1178856.0,-
GCF_024679095.1,Chr 32,NC_066511.1,35035at6656,8671945.0,8650583.0,-
GCF_024679095.1,Chr 25,NC_066536.1,35548at6656,17397753.0,17401058.0,+
GCF_024679095.1,Chr 24,NC_066532.1,35680at6656,13727573.0,13719771.0,-
GCF_024679095.1,Chr 45,NC_066560.1,35708at6656,6208431.0,6217499.0,+
GCF_024679095.1,Chr 58,NC_066528.1,35995at6656,9453734.0,9487490.0,+
GCF_024679095.1,Chr 4,NC_066543.1,36374at6656,4956647.0,4949433.0,-
GCF_024679095.1,Chr 61,NC_066534.1,36463at6656,17701239.0,17696412.0,-
GCF_024679095.1,Chr 9,NC_066523.1,37297at6656,19114350.0,19094363.0,-
GCF_024679095.1,Chr 46,NC_066535.1,37387at6656,4795265.0,4857566.0,+
GCF_024679095.1,Chr 47,NC_066517.1,37678at6656,22959880.0,22966085.0,+
GCF_024679095.1,Chr 35,NC_066552.1,38140at6656,11210984.0,11198514.0,-
GCF_024679095.1,Chr 28,NC_066546.1,38186at6656,13585602.0,13578827.0,-
GCF_024679095.1,Chr 69,NC_066531.1,38303at6656,1733063.0,1751410.0,+
GCF_024679095.1,Chr 21,NC_066542.1,38391at6656,6628661.0,6622645.0,-
GCF_024679095.1,Chr 27,NC_066548.1,38567at6656,7466243.0,7458092.0,-
GCF_024679095.1,Chr 30,NC_066541.1,38819at6656,3876503.0,3891236.0,+
GCF_024679095.1,Chr 18,NC_066558.1,38928at6656,3053360.0,3060670.0,+
GCF_024679095.1,Chr 49,NC_066570.1,39506at6656,4186380.0,4175791.0,-
GCF_024679095.1,Chr 11,NC_066529.1,39548at6656,11294814.0,11289460.0,-
GCF_024679095.1,Chr 34,NC_066539.1,39783at6656,1066672.0,1167928.0,+
GCF_024679095.1,Chr 65,NC_066578.1,39809at6656,2705048.0,2712441.0,+
GCF_024679095.1,Chr 39,NC_066519.1,39821at6656,19230397.0,19263973.0,+
GCF_024679095.1,Chr 10,NC_066577.1,40065at6656,6595136.0,6605185.0,+
GCF_024679095.1,Chr 3,NC_066522.1,40092at6656,18785737.0,18778652.0,-
GCF_024679095.1,Chr 40,NC_066520.1,40213at6656,20502010.0,20508933.0,+
GCF_024679095.1,Chr 1,NC_066537.1,40240at6656,18121369.0,18110132.0,-
GCF_024679095.1,Chr 32,NC_066511.1,40319at6656,36707.0,135855.0,+
GCF_024679095.1,Chr 54,NC_066556.1,40323at6656,799588.0,790796.0,-
GCF_024679095.1,Chr 30,NC_066541.1,40399at6656,3521457.0,3505520.0,-
GCF_024679095.1,Chr 47,NC_066517.1,40691at6656,1416645.0,1448523.0,+
GCF_024679095.1,Chr 37,NC_066538.1,40929at6656,17499427.0,17505443.0,+
GCF_024679095.1,Chr 1,NC_066537.1,41522at6656,16737010.0,16724412.0,-
GCF_024679095.1,Chr 33,NC_066550.1,41990at6656,10405166.0,10411096.0,+
GCF_024679095.1,Chr 13,NC_066530.1,42577at6656,16457757.0,16468189.0,+
GCF_024679095.1,Chr 63,NC_066576.1,42622at6656,7162009.0,7152917.0,-
GCF_024679095.1,Chr 13,NC_066530.1,42819at6656,3251270.0,3229249.0,-
GCF_024679095.1,Chr 36,NC_066572.1,42842at6656,654932.0,653923.0,-
GCF_024679095.1,Chr 12,NC_066516.1,42943at6656,18924101.0,18933127.0,+
GCF_024679095.1,Chr 49,NC_066570.1,42992at6656,2271608.0,2259456.0,-
GCF_024679095.1,Chr 6,NC_066545.1,43045at6656,14883044.0,14888495.0,+
GCF_024679095.1,Chr 3,NC_066522.1,43236at6656,10865969.0,10884620.0,+
GCF_024679095.1,Chr 25,NC_066536.1,43245at6656,4575675.0,4563879.0,-
GCF_024679095.1,Chr 29,NC_066565.1,43728at6656,1007785.0,985592.0,-
GCF_024679095.1,Chr 17,NC_066561.1,43774at6656,8935783.0,8939128.0,+
GCF_024679095.1,Chr 39,NC_066519.1,44123at6656,14030036.0,14022730.0,-
GCF_024679095.1,Chr 54,NC_066556.1,44389at6656,6229527.0,6240997.0,+
GCF_024679095.1,Chr 2,NC_066533.1,44504at6656,15223836.0,15218603.0,-
GCF_024679095.1,Chr 7,NC_066512.1,44630at6656,27756925.0,27761259.0,+
GCF_024679095.1,Chr 15,NC_066525.1,44694at6656,10241539.0,10224076.0,-
GCF_024679095.1,Chr 43,NC_066563.1,44953at6656,4115103.0,4106722.0,-
GCF_024679095.1,Chr 27,NC_066548.1,45367at6656,13188297.0,13204847.0,+
GCF_024679095.1,Chr 13,NC_066530.1,45528at6656,1093143.0,1104900.0,+
GCF_024679095.1,Chr 60,NC_066551.1,45556at6656,14888068.0,14926203.0,+
GCF_024679095.1,Chr 44,NC_066518.1,45732at6656,1384622.0,1377386.0,-
GCF_024679095.1,Chr 61,NC_066534.1,45915at6656,821666.0,811417.0,-
GCF_024679095.1,Chr 50,NC_066509.1,46430at6656,9802750.0,9794862.0,-
GCF_024679095.1,Chr 21,NC_066542.1,46437at6656,6277694.0,6272664.0,-
GCF_024679095.1,Chr 20,NC_066559.1,46671at6656,8879790.0,8885374.0,+
GCF_024679095.1,Chr 45,NC_066560.1,46679at6656,11424243.0,11432647.0,+
GCF_024679095.1,Chr 1,NC_066537.1,46692at6656,16918670.0,16934559.0,+
GCF_024679095.1,Chr 65,NC_066578.1,46750at6656,2301323.0,2288581.0,-
GCF_024679095.1,Chr 32,NC_066511.1,46960at6656,17971359.0,17966863.0,-
GCF_024679095.1,Chr 47,NC_066517.1,47270at6656,2559556.0,2552912.0,-
GCF_024679095.1,Chr 11,NC_066529.1,47443at6656,9477653.0,9461137.0,-
GCF_024679095.1,Chr 1,NC_066537.1,47500at6656,8386370.0,8398310.0,+
GCF_024679095.1,Chr 26,NC_066567.1,47967at6656,1889490.0,1913489.0,+
GCF_024679095.1,Chr 5,NC_066549.1,48195at6656,15328664.0,15324250.0,-
GCF_024679095.1,Chr 58,NC_066528.1,48519at6656,15598978.0,15585287.0,-
GCF_024679095.1,Chr 17,NC_066561.1,48657at6656,4034066.0,4062297.0,+
GCF_024679095.1,Chr 3,NC_066522.1,48836at6656,8330070.0,8325253.0,-
GCF_024679095.1,Chr 21,NC_066542.1,49070at6656,10069991.0,10078784.0,+
GCF_024679095.1,Chr 73,NW_026110595.1,49936at6656,112901.0,101909.0,-
GCF_024679095.1,Chr 48,NC_066521.1,50191at6656,22568211.0,22563153.0,-
GCF_024679095.1,Chr 5,NC_066549.1,50493at6656,13357777.0,13359891.0,+
GCF_024679095.1,Chr 15,NC_066525.1,50792at6656,10062430.0,10078211.0,+
GCF_024679095.1,Chr 32,NC_066511.1,50947at6656,6218553.0,6209981.0,-
GCF_024679095.1,Chr 35,NC_066552.1,51037at6656,11845625.0,11836489.0,-
GCF_024679095.1,Chr 17,NC_066561.1,51280at6656,2632888.0,2638949.0,+
GCF_024679095.1,Chr 43,NC_066563.1,51364at6656,10762235.0,10769166.0,+
GCF_024679095.1,Chr 56,NC_066574.1,51757at6656,8213797.0,8209338.0,-
GCF_024679095.1,Chr 60,NC_066551.1,52210at6656,5527783.0,5523943.0,-
GCF_024679095.1,Chr 17,NC_066561.1,52224at6656,3228771.0,3233334.0,+
GCF_024679095.1,Chr 28,NC_066546.1,52320at6656,2370584.0,2383084.0,+
GCF_024679095.1,Chr 72,NW_026110330.1,52422at6656,39029.0,43361.0,+
GCF_024679095.1,Chr 16,NC_066524.1,52643at6656,21944650.0,21935664.0,-
GCF_024679095.1,Chr 51,NC_066554.1,52828at6656,8552616.0,8549323.0,-
GCF_024679095.1,Chr 50,NC_066509.1,53201at6656,14590126.0,14629795.0,+
GCF_024679095.1,Chr 14,NC_066540.1,53298at6656,16428665.0,16420108.0,-
GCF_024679095.1,Chr 23,NC_066527.1,53318at6656,20809126.0,20816282.0,+
GCF_024679095.1,Chr 15,NC_066525.1,53993at6656,17867927.0,17869042.0,+
GCF_024679095.1,Chr 21,NC_066542.1,54236at6656,10177330.0,10185538.0,+
GCF_024679095.1,Chr 26,NC_066567.1,54527at6656,307855.0,312283.0,+
GCF_024679095.1,Chr 15,NC_066525.1,54679at6656,13787112.0,13794650.0,+
GCF_024679095.1,Chr 28,NC_066546.1,55036at6656,5166594.0,5152850.0,-
GCF_024679095.1,Chr 7,NC_066512.1,55094at6656,22729800.0,22720592.0,-
GCF_024679095.1,Chr 38,NC_066575.1,55108at6656,365465.0,376378.0,+
GCF_024679095.1,Chr 28,NC_066546.1,55260at6656,9258856.0,9245996.0,-
GCF_024679095.1,Chr 20,NC_066559.1,55417at6656,3982515.0,3996736.0,+
GCF_024679095.1,Chr 11,NC_066529.1,55450at6656,2748053.0,2754410.0,+
GCF_024679095.1,Chr 44,NC_066518.1,55599at6656,362854.0,368112.0,+
GCF_024679095.1,Chr 56,NC_066574.1,55847at6656,7319565.0,7329113.0,+
GCF_024679095.1,Chr 1,NC_066537.1,55953at6656,6057192.0,6031512.0,-
GCF_024679095.1,Chr 17,NC_066561.1,56010at6656,6322220.0,6333502.0,+
GCF_024679095.1,Chr 18,NC_066558.1,56322at6656,1287283.0,1296307.0,+
GCF_024679095.1,Chr 14,NC_066540.1,56449at6656,5768682.0,5710314.0,-
GCF_024679095.1,Chr 47,NC_066517.1,56523at6656,25272690.0,25279242.0,+
GCF_024679095.1,Chr 3,NC_066522.1,56687at6656,22439720.0,22538536.0,+
GCF_024679095.1,Chr 64,NC_066573.1,56836at6656,6599977.0,6602922.0,+
GCF_024679095.1,Chr 58,NC_066528.1,57262at6656,15386696.0,15391525.0,+
GCF_024679095.1,Chr 66,NC_066566.1,57605at6656,9198706.0,9183626.0,-
GCF_024679095.1,Chr 59,NC_066571.1,57624at6656,4326534.0,4321404.0,-
GCF_024679095.1,Chr 11,NC_066529.1,57932at6656,12489341.0,12487629.0,-
GCF_024679095.1,Chr 22,NC_066513.1,58027at6656,20968066.0,20976748.0,+
GCF_024679095.1,Chr 20,NC_066559.1,58110at6656,3621071.0,3613390.0,-
GCF_024679095.1,Chr 58,NC_066528.1,58276at6656,14505511.0,14498927.0,-
GCF_024679095.1,Chr 34,NC_066539.1,59084at6656,7473658.0,7482472.0,+
GCF_024679095.1,Chr 4,NC_066543.1,59193at6656,4788486.0,4780883.0,-
GCF_024679095.1,Chr 25,NC_066536.1,59197at6656,13855255.0,13834071.0,-
GCF_024679095.1,Chr 23,NC_066527.1,59200at6656,12970212.0,12947730.0,-
GCF_024679095.1,Chr 10,NC_066577.1,59226at6656,7930243.0,7940232.0,+
GCF_024679095.1,Chr 14,NC_066540.1,59393at6656,17168437.0,17163146.0,-
GCF_024679095.1,Chr 11,NC_066529.1,59430at6656,10354950.0,10360489.0,+
GCF_024679095.1,Chr 13,NC_066530.1,59681at6656,11372991.0,11380780.0,+
GCF_024679095.1,Chr 6,NC_066545.1,59824at6656,5580737.0,5592235.0,+
GCF_024679095.1,Chr 8,NC_066544.1,59833at6656,6294972.0,6292018.0,-
GCF_024679095.1,Chr 48,NC_066521.1,60067at6656,22205085.0,22200498.0,-
GCF_024679095.1,Chr 37,NC_066538.1,60299at6656,5939516.0,5944971.0,+
GCF_024679095.1,Chr 30,NC_066541.1,60333at6656,7027811.0,7035773.0,+
GCF_024679095.1,Chr 12,NC_066516.1,60356at6656,13346040.0,13353576.0,+
GCF_024679095.1,Chr 14,NC_066540.1,60468at6656,16014026.0,15996770.0,-
GCF_024679095.1,Chr 7,NC_066512.1,60682at6656,22670535.0,22676021.0,+
GCF_024679095.1,Chr 8,NC_066544.1,60729at6656,10004724.0,9994222.0,-
GCF_024679095.1,Chr 16,NC_066524.1,60750at6656,20461993.0,20514762.0,+
GCF_024679095.1,Chr 46,NC_066535.1,60762at6656,8881991.0,8872484.0,-
GCF_024679095.1,Chr 54,NC_066556.1,61081at6656,7082625.0,7078573.0,-
GCF_024679095.1,Chr 35,NC_066552.1,61096at6656,7208614.0,7206260.0,-
GCF_024679095.1,Chr 52,NC_066526.1,61153at6656,19942816.0,19947204.0,+
GCF_024679095.1,Chr 25,NC_066536.1,61180at6656,500948.0,518529.0,+
GCF_024679095.1,Chr 45,NC_066560.1,61261at6656,5895696.0,5902943.0,+
GCF_024679095.1,Chr 25,NC_066536.1,61577at6656,13937620.0,13945380.0,+
GCF_024679095.1,Chr 64,NC_066573.1,61612at6656,6092250.0,6103136.0,+
GCF_024679095.1,Chr 10,NC_066577.1,62275at6656,7375600.0,7367777.0,-
GCF_024679095.1,Chr 3,NC_066522.1,62580at6656,2162808.0,2167434.0,+
GCF_024679095.1,Chr 39,NC_066519.1,62678at6656,2494360.0,2490896.0,-
GCF_024679095.1,Chr 10,NC_066577.1,62914at6656,5241387.0,5221417.0,-
GCF_024679095.1,Chr 2,NC_066533.1,62979at6656,10258769.0,10254749.0,-
GCF_024679095.1,Chr 6,NC_066545.1,63193at6656,15972139.0,15970880.0,-
GCF_024679095.1,Chr 31,NC_066547.1,63228at6656,8333984.0,8325322.0,-
GCF_024679095.1,Chr 38,NC_066575.1,63461at6656,9315465.0,9318705.0,+
GCF_024679095.1,Chr 21,NC_066542.1,63923at6656,18088622.0,18076529.0,-
GCF_024679095.1,Chr 51,NC_066554.1,63924at6656,509135.0,495202.0,-
GCF_024679095.1,Chr 17,NC_066561.1,64046at6656,9755178.0,9780432.0,+
GCF_024679095.1,Chr 26,NC_066567.1,64896at6656,1312120.0,1304655.0,-
GCF_024679095.1,Chr 41,NC_066569.1,65490at6656,6712179.0,6707924.0,-
GCF_024679095.1,Chr 22,NC_066513.1,65508at6656,28031398.0,28026742.0,-
GCF_024679095.1,Chr 4,NC_066543.1,65532at6656,11227743.0,11221639.0,-
GCF_024679095.1,Chr 56,NC_066574.1,65949at6656,3129687.0,3122531.0,-
GCF_024679095.1,Chr 41,NC_066569.1,66028at6656,10947789.0,10951043.0,+
GCF_024679095.1,Chr 28,NC_066546.1,66229at6656,13920978.0,13924401.0,+
GCF_024679095.1,Chr 3,NC_066522.1,66299at6656,7255961.0,7247212.0,-
GCF_024679095.1,Chr 51,NC_066554.1,66770at6656,10801449.0,10819540.0,+
GCF_024679095.1,Chr 50,NC_066509.1,67113at6656,16933474.0,16964087.0,+
GCF_024679095.1,Chr 47,NC_066517.1,67166at6656,16177453.0,16139613.0,-
GCF_024679095.1,Chr 13,NC_066530.1,67191at6656,9283776.0,9245553.0,-
GCF_024679095.1,Chr 62,NC_066514.1,67491at6656,4182501.0,4150963.0,-
GCF_024679095.1,Chr 2,NC_066533.1,67583at6656,1134526.0,1075499.0,-
GCF_024679095.1,Chr 16,NC_066524.1,67710at6656,15825814.0,15821224.0,-
GCF_024679095.1,Chr 3,NC_066522.1,68468at6656,7847614.0,7836320.0,-
GCF_024679095.1,Chr 5,NC_066549.1,68491at6656,6960476.0,6969545.0,+
GCF_024679095.1,Chr 17,NC_066561.1,68731at6656,6338669.0,6346329.0,+
GCF_024679095.1,Chr 10,NC_066577.1,68876at6656,6425158.0,6412750.0,-
GCF_024679095.1,Chr 3,NC_066522.1,68939at6656,2738345.0,2753998.0,+
GCF_024679095.1,Chr 67,NC_066564.1,68961at6656,6373644.0,6375313.0,+
GCF_024679095.1,Chr 40,NC_066520.1,68981at6656,21502303.0,21506084.0,+
GCF_024679095.1,Chr 37,NC_066538.1,68987at6656,6740761.0,6730488.0,-
GCF_024679095.1,Chr 5,NC_066549.1,69201at6656,14999354.0,15018757.0,+
GCF_024679095.1,Chr 37,NC_066538.1,69238at6656,14675864.0,14670412.0,-
GCF_024679095.1,Chr 11,NC_066529.1,69284at6656,10339834.0,10341709.0,+
GCF_024679095.1,Chr 1,NC_066537.1,69394at6656,4213872.0,4209967.0,-
GCF_024679095.1,Chr 55,NC_066557.1,69403at6656,5166765.0,5157629.0,-
GCF_024679095.1,Chr 36,NC_066572.1,69742at6656,2752763.0,2744270.0,-
GCF_024679095.1,Chr 15,NC_066525.1,69897at6656,8415518.0,8424895.0,+
GCF_024679095.1,Chr 8,NC_066544.1,70078at6656,15168479.0,15164308.0,-
GCF_024679095.1,Chr 18,NC_066558.1,70201at6656,1873307.0,1865710.0,-
GCF_024679095.1,Chr 6,NC_066545.1,70550at6656,11250517.0,11244783.0,-
GCF_024679095.1,Chr 25,NC_066536.1,70663at6656,17238551.0,17246162.0,+
GCF_024679095.1,Chr 31,NC_066547.1,71018at6656,3574663.0,3572865.0,-
GCF_024679095.1,Chr 8,NC_066544.1,71110at6656,8850380.0,8861862.0,+
GCF_024679095.1,Chr 18,NC_066558.1,71129at6656,636446.0,624957.0,-
GCF_024679095.1,Chr 18,NC_066558.1,71199at6656,6207608.0,6214247.0,+
GCF_024679095.1,Chr 29,NC_066565.1,71251at6656,237475.0,226763.0,-
GCF_024679095.1,Chr 5,NC_066549.1,71483at6656,5186571.0,5179845.0,-
GCF_024679095.1,Chr 22,NC_066513.1,71937at6656,26784858.0,26779763.0,-
GCF_024679095.1,Chr 62,NC_066514.1,72450at6656,4606105.0,4576197.0,-
GCF_024679095.1,Chr 21,NC_066542.1,72578at6656,15761900.0,15755727.0,-
GCF_024679095.1,Chr 5,NC_066549.1,72583at6656,14119581.0,14131405.0,+
GCF_024679095.1,Chr 5,NC_066549.1,72586at6656,2147226.0,2140974.0,-
GCF_024679095.1,Chr 14,NC_066540.1,72782at6656,17356941.0,17350703.0,-
GCF_024679095.1,Chr 5,NC_066549.1,72857at6656,15272216.0,15275287.0,+
GCF_024679095.1,Chr 20,NC_066559.1,73084at6656,10904917.0,10909915.0,+
GCF_024679095.1,Chr 57,NC_066568.1,73301at6656,713740.0,718704.0,+
GCF_024679095.1,Chr 37,NC_066538.1,73455at6656,13446760.0,13436141.0,-
GCF_024679095.1,Chr 14,NC_066540.1,73456at6656,10305066.0,10351033.0,+
GCF_024679095.1,Chr 69,NC_066531.1,73547at6656,1644114.0,1639714.0,-
GCF_024679095.1,Chr 49,NC_066570.1,74384at6656,7635229.0,7636757.0,+
GCF_024679095.1,Chr 1,NC_066537.1,74655at6656,12599311.0,12588305.0,-
GCF_024679095.1,Chr 40,NC_066520.1,74692at6656,13198638.0,13203448.0,+
GCF_024679095.1,Chr 2,NC_066533.1,74836at6656,10050644.0,10056752.0,+
GCF_024679095.1,Chr 23,NC_066527.1,75692at6656,19200214.0,19192076.0,-
GCF_024679095.1,Chr 7,NC_066512.1,75704at6656,27751835.0,27729127.0,-
GCF_024679095.1,Chr 39,NC_066519.1,75764at6656,19088610.0,19102904.0,+
GCF_024679095.1,Chr 8,NC_066544.1,75982at6656,6296901.0,6301097.0,+
GCF_024679095.1,Chr 16,NC_066524.1,76308at6656,15638631.0,15633929.0,-
GCF_024679095.1,Chr 37,NC_066538.1,76342at6656,17489888.0,17497284.0,+
GCF_024679095.1,Chr 1,NC_066537.1,76573at6656,6638195.0,6641187.0,+
GCF_024679095.1,Chr 11,NC_066529.1,76745at6656,1861481.0,1866076.0,+
GCF_024679095.1,Chr 36,NC_066572.1,76812at6656,449622.0,453191.0,+
GCF_024679095.1,Chr 30,NC_066541.1,77197at6656,14550560.0,14546261.0,-
GCF_024679095.1,Chr 3,NC_066522.1,77688at6656,7003082.0,7010684.0,+
GCF_024679095.1,Chr 32,NC_066511.1,77770at6656,6244825.0,6256285.0,+
GCF_024679095.1,Chr 50,NC_066509.1,77883at6656,4542376.0,4538589.0,-
GCF_024679095.1,Chr 6,NC_066545.1,77976at6656,11440663.0,11446944.0,+
GCF_024679095.1,Chr 67,NC_066564.1,77987at6656,5374882.0,5371388.0,-
GCF_024679095.1,Chr 10,NC_066577.1,78110at6656,6475195.0,6468652.0,-
GCF_024679095.1,Chr 27,NC_066548.1,78202at6656,2096868.0,2105678.0,+
GCF_024679095.1,Chr 29,NC_066565.1,78254at6656,2623100.0,2616260.0,-
GCF_024679095.1,Chr 19,NC_066510.1,78695at6656,5482525.0,5551266.0,+
GCF_024679095.1,Chr 22,NC_066513.1,78758at6656,19333729.0,19329329.0,-
GCF_024679095.1,Chr 20,NC_066559.1,78854at6656,10756654.0,10763102.0,+
GCF_024679095.1,Chr 53,NC_066515.1,78919at6656,25717736.0,25713857.0,-
GCF_024679095.1,Chr 43,NC_066563.1,78968at6656,10963858.0,10962650.0,-
GCF_024679095.1,Chr 11,NC_066529.1,79377at6656,1164116.0,1156246.0,-
GCF_024679095.1,Chr 13,NC_066530.1,79915at6656,13933306.0,13937508.0,+
GCF_024679095.1,Chr 23,NC_066527.1,79993at6656,19524149.0,19531455.0,+
GCF_024679095.1,Chr 49,NC_066570.1,80067at6656,2317762.0,2312932.0,-
GCF_024679095.1,Chr 16,NC_066524.1,80294at6656,14112207.0,14115998.0,+
GCF_024679095.1,Chr 18,NC_066558.1,80317at6656,6583356.0,6590741.0,+
GCF_024679095.1,Chr 27,NC_066548.1,80348at6656,7034221.0,7026427.0,-
GCF_024679095.1,Chr 23,NC_066527.1,80689at6656,341334.0,349576.0,+
GCF_024679095.1,Chr 59,NC_066571.1,80693at6656,5859810.0,5866258.0,+
GCF_024679095.1,Chr 16,NC_066524.1,80948at6656,16558189.0,16562411.0,+
GCF_024679095.1,Chr 67,NC_066564.1,81292at6656,1471851.0,1474607.0,+
GCF_024679095.1,Chr 48,NC_066521.1,81307at6656,12405662.0,12394393.0,-
GCF_024679095.1,Chr 22,NC_066513.1,81406at6656,25634791.0,25638129.0,+
GCF_024679095.1,Chr 7,NC_066512.1,81413at6656,13335225.0,13358235.0,+
GCF_024679095.1,Chr 22,NC_066513.1,81423at6656,21504697.0,21480412.0,-
GCF_024679095.1,Chr 22,NC_066513.1,81650at6656,17016311.0,17025119.0,+
GCF_024679095.1,Chr 27,NC_066548.1,81703at6656,13546711.0,13532462.0,-
GCF_024679095.1,Chr 31,NC_066547.1,81708at6656,10590634.0,10601820.0,+
GCF_024679095.1,Chr 31,NC_066547.1,81950at6656,11450136.0,11455923.0,+
GCF_024679095.1,Chr 17,NC_066561.1,83102at6656,5720411.0,5725252.0,+
GCF_024679095.1,Chr 5,NC_066549.1,83164at6656,8054504.0,8036842.0,-
GCF_024679095.1,Chr 21,NC_066542.1,83350at6656,10279205.0,10272502.0,-
GCF_024679095.1,Chr 3,NC_066522.1,83372at6656,18926047.0,18919826.0,-
GCF_024679095.1,Chr 29,NC_066565.1,83376at6656,1726371.0,1718121.0,-
GCF_024679095.1,Chr 13,NC_066530.1,83613at6656,16504684.0,16503791.0,-
GCF_024679095.1,Chr 40,NC_066520.1,83673at6656,13219369.0,13224180.0,+
GCF_024679095.1,Chr 52,NC_066526.1,83755at6656,13869501.0,13876346.0,+
GCF_024679095.1,Chr 60,NC_066551.1,83765at6656,4978810.0,4985301.0,+
GCF_024679095.1,Chr 60,NC_066551.1,84028at6656,5310737.0,5315593.0,+
GCF_024679095.1,Chr 8,NC_066544.1,84097at6656,14288850.0,14283741.0,-
GCF_024679095.1,Chr 13,NC_066530.1,84149at6656,10632808.0,10647663.0,+
GCF_024679095.1,Chr 2,NC_066533.1,84169at6656,10955053.0,10958434.0,+
GCF_024679095.1,Chr 46,NC_066535.1,84576at6656,13130951.0,13136699.0,+
GCF_024679095.1,Chr 30,NC_066541.1,84819at6656,3643641.0,3653979.0,+
GCF_024679095.1,Chr 7,NC_066512.1,84925at6656,26630200.0,26631234.0,+
GCF_024679095.1,Chr 14,NC_066540.1,85103at6656,14175638.0,14187503.0,+
GCF_024679095.1,Chr 9,NC_066523.1,85509at6656,6074259.0,6068648.0,-
GCF_024679095.1,Chr 13,NC_066530.1,85574at6656,15449524.0,15451499.0,+
GCF_024679095.1,Chr 59,NC_066571.1,85680at6656,4288244.0,4295578.0,+
GCF_024679095.1,Chr 3,NC_066522.1,85810at6656,13658594.0,13650809.0,-
GCF_024679095.1,Chr 52,NC_066526.1,86262at6656,13783549.0,13777688.0,-
GCF_024679095.1,Chr 8,NC_066544.1,86318at6656,2792710.0,2853253.0,+
GCF_024679095.1,Chr 2,NC_066533.1,86488at6656,17432614.0,17402479.0,-
GCF_024679095.1,Chr 42,NC_066562.1,86654at6656,5196062.0,5194428.0,-
GCF_024679095.1,Chr 63,NC_066576.1,86889at6656,3627217.0,3620679.0,-
GCF_024679095.1,Chr 4,NC_066543.1,86930at6656,10819234.0,10813342.0,-
GCF_024679095.1,Chr 70,NC_066553.1,87014at6656,5820812.0,5811850.0,-
GCF_024679095.1,Chr 46,NC_066535.1,87089at6656,15286055.0,15277799.0,-
GCF_024679095.1,Chr 46,NC_066535.1,87103at6656,9191417.0,9182304.0,-
GCF_024679095.1,Chr 29,NC_066565.1,87114at6656,926271.0,924559.0,-
GCF_024679095.1,Chr 9,NC_066523.1,87139at6656,7220234.0,7235015.0,+
GCF_024679095.1,Chr 54,NC_066556.1,87142at6656,6175637.0,6179295.0,+
GCF_024679095.1,Chr 42,NC_066562.1,87527at6656,4143788.0,4148511.0,+
GCF_024679095.1,Chr 11,NC_066529.1,87575at6656,8428368.0,8423492.0,-
GCF_024679095.1,Chr 58,NC_066528.1,87728at6656,16133296.0,16142861.0,+
GCF_024679095.1,Chr 48,NC_066521.1,87910at6656,16299845.0,16297473.0,-
GCF_024679095.1,Chr 50,NC_066509.1,87928at6656,2213655.0,2216411.0,+
GCF_024679095.1,Chr 49,NC_066570.1,87933at6656,8420682.0,8408277.0,-
GCF_024679095.1,Chr 48,NC_066521.1,88051at6656,10503024.0,10516167.0,+
GCF_024679095.1,Chr 1,NC_066537.1,88711at6656,15950681.0,15940077.0,-
GCF_024679095.1,Chr 59,NC_066571.1,89064at6656,11166098.0,11160765.0,-
GCF_024679095.1,Chr 33,NC_066550.1,89153at6656,13614858.0,13609591.0,-
GCF_024679095.1,Chr 19,NC_066510.1,89713at6656,20115520.0,20103962.0,-
GCF_024679095.1,Chr 24,NC_066532.1,89810at6656,3934026.0,3923149.0,-
GCF_024679095.1,Chr 66,NC_066566.1,89840at6656,7869117.0,7890045.0,+
GCF_024679095.1,Chr 6,NC_066545.1,89864at6656,14669977.0,14663640.0,-
GCF_024679095.1,Chr 26,NC_066567.1,90126at6656,8349975.0,8354537.0,+
GCF_024679095.1,Chr 19,NC_066510.1,90322at6656,1513123.0,1514436.0,+
GCF_024679095.1,Chr 42,NC_066562.1,90580at6656,4958183.0,4965452.0,+
GCF_024679095.1,Chr 27,NC_066548.1,90600at6656,12979755.0,12993416.0,+
GCF_024679095.1,Chr 44,NC_066518.1,90822at6656,463229.0,454604.0,-
GCF_024679095.1,Chr 10,NC_066577.1,90928at6656,4868733.0,4856992.0,-
GCF_024679095.1,Chr 57,NC_066568.1,90931at6656,9963194.0,9956190.0,-
GCF_024679095.1,Chr 5,NC_066549.1,91002at6656,15027608.0,15031224.0,+
GCF_024679095.1,Chr 17,NC_066561.1,91005at6656,7291493.0,7285625.0,-
GCF_024679095.1,Chr 1,NC_066537.1,91313at6656,4278160.0,4275281.0,-
GCF_024679095.1,Chr 19,NC_066510.1,91418at6656,31165401.0,31161339.0,-
GCF_024679095.1,Chr 26,NC_066567.1,91468at6656,4112518.0,4107295.0,-
GCF_024679095.1,Chr 47,NC_066517.1,91933at6656,15790346.0,15797020.0,+
GCF_024679095.1,Chr 21,NC_066542.1,91946at6656,15122410.0,15138049.0,+
GCF_024679095.1,Chr 25,NC_066536.1,92167at6656,16295337.0,16291453.0,-
GCF_024679095.1,Chr 68,NC_066555.1,92184at6656,7400748.0,7407461.0,+
GCF_024679095.1,Chr 22,NC_066513.1,92576at6656,22188902.0,22178797.0,-
GCF_024679095.1,Chr 12,NC_066516.1,92777at6656,12391728.0,12394910.0,+
GCF_024679095.1,Chr 18,NC_066558.1,92854at6656,2907660.0,2915712.0,+
GCF_024679095.1,Chr 4,NC_066543.1,93061at6656,15781140.0,15783361.0,+
GCF_024679095.1,Chr 33,NC_066550.1,93085at6656,13566662.0,13563071.0,-
GCF_024679095.1,Chr 12,NC_066516.1,93152at6656,22228896.0,22236779.0,+
GCF_024679095.1,Chr 6,NC_066545.1,93408at6656,15123560.0,15213118.0,+
GCF_024679095.1,Chr 61,NC_066534.1,93432at6656,11542546.0,11555960.0,+
GCF_024679095.1,Chr 36,NC_066572.1,93483at6656,3072480.0,3055970.0,-
GCF_024679095.1,Chr 17,NC_066561.1,93507at6656,3217608.0,3208910.0,-
GCF_024679095.1,Chr 11,NC_066529.1,93535at6656,16834570.0,16822147.0,-
GCF_024679095.1,Chr 65,NC_066578.1,93797at6656,1491979.0,1497744.0,+
GCF_024679095.1,Chr 42,NC_066562.1,94054at6656,3335870.0,3319383.0,-
GCF_024679095.1,Chr 37,NC_066538.1,94238at6656,17285975.0,17289372.0,+
GCF_024679095.1,Chr 55,NC_066557.1,94304at6656,9532394.0,9525337.0,-
GCF_024679095.1,Chr 26,NC_066567.1,94473at6656,2891601.0,2897896.0,+
GCF_024679095.1,Chr 44,NC_066518.1,94476at6656,2025167.0,2018870.0,-
GCF_024679095.1,Chr 23,NC_066527.1,94842at6656,19169291.0,19173115.0,+
GCF_024679095.1,Chr 14,NC_066540.1,94878at6656,17639774.0,17634043.0,-
GCF_024679095.1,Chr 63,NC_066576.1,95028at6656,8361388.0,8358155.0,-
GCF_024679095.1,Chr 4,NC_066543.1,95089at6656,6832804.0,6837503.0,+
GCF_024679095.1,Chr 36,NC_066572.1,95294at6656,742291.0,745610.0,+
GCF_024679095.1,Chr 8,NC_066544.1,95524at6656,12203281.0,12222419.0,+
GCF_024679095.1,Chr 24,NC_066532.1,96251at6656,14860420.0,14864995.0,+
GCF_024679095.1,Chr 37,NC_066538.1,96592at6656,6892925.0,6896305.0,+
GCF_024679095.1,Chr 6,NC_066545.1,96601at6656,15380173.0,15384173.0,+
GCF_024679095.1,Chr 4,NC_066543.1,96956at6656,7176071.0,7171542.0,-
GCF_024679095.1,Chr 29,NC_066565.1,96971at6656,505888.0,510719.0,+
GCF_024679095.1,Chr 15,NC_066525.1,97225at6656,4891930.0,4895597.0,+
GCF_024679095.1,Chr 7,NC_066512.1,97492at6656,20804386.0,20798959.0,-
GCF_024679095.1,Chr 28,NC_066546.1,97749at6656,13588755.0,13611379.0,+
GCF_024679095.1,Chr 29,NC_066565.1,97763at6656,1068818.0,1062030.0,-
GCF_024679095.1,Chr 25,NC_066536.1,97865at6656,6224811.0,6213147.0,-
GCF_024679095.1,Chr 25,NC_066536.1,98066at6656,638831.0,629515.0,-
GCF_024679095.1,Chr 54,NC_066556.1,98251at6656,6791480.0,6783302.0,-
GCF_024679095.1,Chr 14,NC_066540.1,98620at6656,14459927.0,14466704.0,+
GCF_024679095.1,Chr 15,NC_066525.1,98755at6656,10047878.0,10037381.0,-
GCF_024679095.1,Chr 3,NC_066522.1,98821at6656,7233376.0,7245879.0,+
GCF_024679095.1,Chr 8,NC_066544.1,98845at6656,17719601.0,17725150.0,+
GCF_024679095.1,Chr 34,NC_066539.1,98927at6656,15294778.0,15294182.0,-
GCF_024679095.1,Chr 2,NC_066533.1,98948at6656,9387094.0,9389630.0,+
GCF_024679095.1,Chr 74,NW_026111529.1,99204at6656,478785.0,481936.0,+
GCF_024679095.1,Chr 19,NC_066510.1,99270at6656,25707697.0,25702968.0,-
GCF_024679095.1,Chr 55,NC_066557.1,99307at6656,10174492.0,10168006.0,-
GCF_024679095.1,Chr 11,NC_066529.1,99377at6656,18666907.0,18666059.0,-
GCF_024679095.1,Chr 44,NC_066518.1,99519at6656,15720326.0,15717623.0,-
GCF_024679095.1,Chr 11,NC_066529.1,99625at6656,18273279.0,18263577.0,-
GCF_024679095.1,Chr 7,NC_066512.1,99998at6656,27848062.0,27846376.0,-
GCF_024679095.1,Chr 10,NC_066577.1,100070at6656,6447717.0,6450798.0,+
GCF_024679095.1,Chr 2,NC_066533.1,100136at6656,10201619.0,10205050.0,+
GCF_024679095.1,Chr 7,NC_066512.1,100227at6656,24883645.0,24884892.0,+
GCF_024679095.1,Chr 15,NC_066525.1,100296at6656,3497898.0,3500953.0,+
GCF_024679095.1,Chr 6,NC_066545.1,100612at6656,11266249.0,11262599.0,-
GCF_024679095.1,Chr 19,NC_066510.1,100664at6656,15207618.0,15211483.0,+
GCF_024679095.1,Chr 47,NC_066517.1,100673at6656,22623038.0,22625123.0,+
GCF_024679095.1,Chr 20,NC_066559.1,100760at6656,12724075.0,12748235.0,+
GCF_024679095.1,Chr 42,NC_066562.1,101349at6656,3155716.0,3162618.0,+
GCF_024679095.1,Chr 45,NC_066560.1,101359at6656,10919901.0,10916431.0,-
GCF_024679095.1,Chr 27,NC_066548.1,101491at6656,3016373.0,3021058.0,+
GCF_024679095.1,Chr 23,NC_066527.1,101531at6656,15349814.0,15357209.0,+
GCF_024679095.1,Chr 41,NC_066569.1,101621at6656,6508265.0,6499372.0,-
GCF_024679095.1,Chr 2,NC_066533.1,101727at6656,14268393.0,14262263.0,-
GCF_024679095.1,Chr 12,NC_066516.1,101761at6656,23407841.0,23409849.0,+
GCF_024679095.1,Chr 50,NC_066509.1,101767at6656,14079653.0,14087249.0,+
GCF_024679095.1,Chr 22,NC_066513.1,101829at6656,27252315.0,27246329.0,-
GCF_024679095.1,Chr 14,NC_066540.1,101886at6656,15217956.0,15221463.0,+
GCF_024679095.1,Chr 5,NC_066549.1,102321at6656,10947735.0,10943128.0,-
GCF_024679095.1,Chr 3,NC_066522.1,102714at6656,8042270.0,8047885.0,+
GCF_024679095.1,Chr 64,NC_066573.1,102770at6656,10355848.0,10358981.0,+
GCF_024679095.1,Chr 12,NC_066516.1,103125at6656,13535335.0,13550280.0,+
GCF_024679095.1,Chr 1,NC_066537.1,103207at6656,2660577.0,2637400.0,-
GCF_024679095.1,Chr 29,NC_066565.1,103479at6656,4932381.0,4903435.0,-
GCF_024679095.1,Chr 37,NC_066538.1,103590at6656,98547.0,92740.0,-
GCF_024679095.1,Chr 64,NC_066573.1,103747at6656,6424842.0,6441843.0,+
GCF_024679095.1,Chr 3,NC_066522.1,103749at6656,18883251.0,18877998.0,-
GCF_024679095.1,Chr 57,NC_066568.1,103752at6656,730106.0,737832.0,+
GCF_024679095.1,Chr 1,NC_066537.1,103908at6656,10308031.0,10313395.0,+
GCF_024679095.1,Chr 6,NC_066545.1,103914at6656,17438523.0,17426132.0,-
GCF_024679095.1,Chr 54,NC_066556.1,104063at6656,8944158.0,9023892.0,+
GCF_024679095.1,Chr 46,NC_066535.1,104122at6656,4581201.0,4559526.0,-
GCF_024679095.1,Chr 36,NC_066572.1,104198at6656,1642179.0,1597474.0,-
GCF_024679095.1,Chr 6,NC_066545.1,104410at6656,15299870.0,15295554.0,-
GCF_024679095.1,Chr 13,NC_066530.1,104588at6656,12302650.0,12310479.0,+
GCF_024679095.1,Chr 20,NC_066559.1,104595at6656,10447082.0,10442108.0,-
GCF_024679095.1,Chr 55,NC_066557.1,104604at6656,2502355.0,2525640.0,+
GCF_024679095.1,Chr 43,NC_066563.1,105000at6656,3749835.0,3756446.0,+
GCF_024679095.1,Chr 1,NC_066537.1,105099at6656,12298075.0,12196879.0,-
GCF_024679095.1,Chr 58,NC_066528.1,105170at6656,13598634.0,13566246.0,-
GCF_024679095.1,Chr 1,NC_066537.1,105364at6656,17052654.0,17048499.0,-
GCF_024679095.1,Chr 3,NC_066522.1,105771at6656,16814682.0,16810365.0,-
GCF_024679095.1,Chr 43,NC_066563.1,105887at6656,445424.0,459778.0,+
GCF_024679095.1,Chr 63,NC_066576.1,106116at6656,3718391.0,3723036.0,+
GCF_024679095.1,Chr 2,NC_066533.1,106126at6656,9078921.0,9074244.0,-
GCF_024679095.1,Chr 11,NC_066529.1,106466at6656,1205218.0,1201023.0,-
GCF_024679095.1,Chr 21,NC_066542.1,106634at6656,6581702.0,6579532.0,-
GCF_024679095.1,Chr 25,NC_066536.1,106639at6656,12069048.0,12063821.0,-
GCF_024679095.1,Chr 18,NC_066558.1,106788at6656,5647399.0,5653970.0,+
GCF_024679095.1,Chr 45,NC_066560.1,106988at6656,1079801.0,1080940.0,+
GCF_024679095.1,Chr 4,NC_066543.1,107030at6656,15286109.0,15296144.0,+
GCF_024679095.1,Chr 10,NC_066577.1,107139at6656,7628960.0,7626272.0,-
GCF_024679095.1,Chr 66,NC_066566.1,107226at6656,2795331.0,2807233.0,+
GCF_024679095.1,Chr 15,NC_066525.1,107353at6656,16359756.0,16360796.0,+
GCF_024679095.1,Chr 15,NC_066525.1,107427at6656,14991071.0,14987300.0,-
GCF_024679095.1,Chr 26,NC_066567.1,107802at6656,1998146.0,2011486.0,+
GCF_024679095.1,Chr 57,NC_066568.1,107806at6656,3760368.0,3768132.0,+
GCF_024679095.1,Chr 12,NC_066516.1,107844at6656,11244703.0,11250938.0,+
GCF_024679095.1,Chr 5,NC_066549.1,108162at6656,6959156.0,6955531.0,-
GCF_024679095.1,Chr 31,NC_066547.1,108207at6656,11695516.0,11702828.0,+
GCF_024679095.1,Chr 9,NC_066523.1,108693at6656,3993621.0,3989437.0,-
GCF_024679095.1,Chr 33,NC_066550.1,108702at6656,9902093.0,9899996.0,-
GCF_024679095.1,Chr 44,NC_066518.1,108705at6656,1374786.0,1352467.0,-
GCF_024679095.1,Chr 20,NC_066559.1,108808at6656,52137.0,63395.0,+
GCF_024679095.1,Chr 24,NC_066532.1,109131at6656,19366335.0,19364133.0,-
GCF_024679095.1,Chr 31,NC_066547.1,109174at6656,3585184.0,3581606.0,-
GCF_024679095.1,Chr 34,NC_066539.1,109325at6656,10741771.0,10748497.0,+
GCF_024679095.1,Chr 9,NC_066523.1,109444at6656,21836856.0,21886206.0,+
GCF_024679095.1,Chr 9,NC_066523.1,109484at6656,17913067.0,17908161.0,-
GCF_024679095.1,Chr 51,NC_066554.1,109562at6656,8581285.0,8582472.0,+
GCF_024679095.1,Chr 66,NC_066566.1,109664at6656,4173065.0,3984941.0,-
GCF_024679095.1,Chr 19,NC_066510.1,109724at6656,29886270.0,29882805.0,-
GCF_024679095.1,Chr 40,NC_066520.1,109793at6656,18204358.0,18202710.0,-
GCF_024679095.1,Chr 31,NC_066547.1,109923at6656,9100911.0,9093650.0,-
GCF_024679095.1,Chr 75,NW_026111831.1,110129at6656,730778.0,736035.0,+
GCF_024679095.1,Chr 7,NC_066512.1,110504at6656,13283443.0,13243159.0,-
GCF_024679095.1,Chr 50,NC_066509.1,110787at6656,14989499.0,14977148.0,-
GCF_024679095.1,Chr 38,NC_066575.1,110982at6656,5775510.0,5781908.0,+
GCF_024679095.1,Chr 41,NC_066569.1,111082at6656,9980805.0,9984607.0,+
GCF_024679095.1,Chr 23,NC_066527.1,111153at6656,13293662.0,13300148.0,+
GCF_024679095.1,Chr 39,NC_066519.1,111236at6656,14196417.0,14199040.0,+
GCF_024679095.1,Chr 59,NC_066571.1,111239at6656,10150604.0,10147589.0,-
GCF_024679095.1,Chr 9,NC_066523.1,111545at6656,11345949.0,11336514.0,-
GCF_024679095.1,Chr 28,NC_066546.1,112281at6656,14207944.0,14210670.0,+
GCF_024679095.1,Chr 42,NC_066562.1,112328at6656,3083090.0,3080100.0,-
GCF_024679095.1,Chr 36,NC_066572.1,112360at6656,1408390.0,1401269.0,-
GCF_024679095.1,Chr 63,NC_066576.1,112556at6656,4598650.0,4604786.0,+
GCF_024679095.1,Chr 34,NC_066539.1,112634at6656,15754865.0,15757640.0,+
GCF_024679095.1,Chr 53,NC_066515.1,112645at6656,15718838.0,15746709.0,+
GCF_024679095.1,Chr 32,NC_066511.1,112759at6656,6298048.0,6290482.0,-
GCF_024679095.1,Chr 62,NC_066514.1,113015at6656,22260742.0,22273581.0,+
GCF_024679095.1,Chr 15,NC_066525.1,113300at6656,16408602.0,16414491.0,+
GCF_024679095.1,Chr 38,NC_066575.1,113604at6656,5952286.0,5953892.0,+
GCF_024679095.1,Chr 56,NC_066574.1,113622at6656,4645748.0,4640369.0,-
GCF_024679095.1,Chr 61,NC_066534.1,113641at6656,19439928.0,19434169.0,-
GCF_024679095.1,Chr 49,NC_066570.1,113668at6656,2321887.0,2324489.0,+
GCF_024679095.1,Chr 37,NC_066538.1,113713at6656,1286668.0,1292449.0,+
GCF_024679095.1,Chr 1,NC_066537.1,113817at6656,9661288.0,9659351.0,-
GCF_024679095.1,Chr 35,NC_066552.1,113818at6656,11990429.0,11993240.0,+
GCF_024679095.1,Chr 26,NC_066567.1,113865at6656,615979.0,613615.0,-
GCF_024679095.1,Chr 2,NC_066533.1,114019at6656,15407549.0,15410010.0,+
GCF_024679095.1,Chr 53,NC_066515.1,114360at6656,20657558.0,20662006.0,+
GCF_024679095.1,Chr 40,NC_066520.1,114463at6656,23960428.0,23957624.0,-
GCF_024679095.1,Chr 41,NC_066569.1,114609at6656,3294284.0,3290510.0,-
GCF_024679095.1,Chr 65,NC_066578.1,114738at6656,7291073.0,7296159.0,+
GCF_024679095.1,Chr 2,NC_066533.1,114765at6656,5960927.0,5970502.0,+
GCF_024679095.1,Chr 28,NC_066546.1,115001at6656,6729653.0,6735617.0,+
GCF_024679095.1,Chr 20,NC_066559.1,115208at6656,2772919.0,2764131.0,-
GCF_024679095.1,Chr 56,NC_066574.1,115229at6656,7944029.0,7938950.0,-
GCF_024679095.1,Chr 6,NC_066545.1,115252at6656,14859849.0,14863303.0,+
GCF_024679095.1,Chr 4,NC_066543.1,115256at6656,15940367.0,15938217.0,-
GCF_024679095.1,Chr 34,NC_066539.1,115462at6656,10172927.0,10167061.0,-
GCF_024679095.1,Chr 1,NC_066537.1,115537at6656,17054692.0,17062474.0,+
GCF_024679095.1,Chr 50,NC_066509.1,115841at6656,7261036.0,7264778.0,+
GCF_024679095.1,Chr 6,NC_066545.1,115917at6656,6765191.0,6758057.0,-
GCF_024679095.1,Chr 49,NC_066570.1,115986at6656,2335393.0,2334551.0,-
GCF_024679095.1,Chr 34,NC_066539.1,116117at6656,10818937.0,10813939.0,-
GCF_024679095.1,Chr 10,NC_066577.1,116401at6656,5945356.0,5920349.0,-
GCF_024679095.1,Chr 11,NC_066529.1,116608at6656,10285687.0,10272025.0,-
GCF_024679095.1,Chr 18,NC_066558.1,116804at6656,1922962.0,1921379.0,-
GCF_024679095.1,Chr 27,NC_066548.1,116982at6656,1701340.0,1698566.0,-
GCF_024679095.1,Chr 59,NC_066571.1,117335at6656,7355524.0,7396951.0,+
GCF_024679095.1,Chr 51,NC_066554.1,117399at6656,530621.0,540379.0,+
GCF_024679095.1,Chr 22,NC_066513.1,117413at6656,28006077.0,28000472.0,-
GCF_024679095.1,Chr 32,NC_066511.1,117586at6656,17388096.0,17365493.0,-
GCF_024679095.1,Chr 28,NC_066546.1,117742at6656,11642028.0,11638162.0,-
GCF_024679095.1,Chr 34,NC_066539.1,117811at6656,15541325.0,15542895.0,+
GCF_024679095.1,Chr 4,NC_066543.1,117843at6656,4777006.0,4772510.0,-
GCF_024679095.1,Chr 18,NC_066558.1,117947at6656,2649346.0,2657694.0,+
GCF_024679095.1,Chr 19,NC_066510.1,118014at6656,6959583.0,6979743.0,+
GCF_024679095.1,Chr 31,NC_066547.1,118037at6656,11665694.0,11662362.0,-
GCF_024679095.1,Chr 1,NC_066537.1,118496at6656,5710316.0,5705487.0,-
GCF_024679095.1,Chr 9,NC_066523.1,118527at6656,16924413.0,16928712.0,+
GCF_024679095.1,Chr 34,NC_066539.1,118761at6656,3067407.0,3062653.0,-
GCF_024679095.1,Chr 39,NC_066519.1,118780at6656,13041284.0,13042755.0,+
GCF_024679095.1,Chr 45,NC_066560.1,118807at6656,6138018.0,6141012.0,+
GCF_024679095.1,Chr 48,NC_066521.1,118831at6656,14777676.0,14771044.0,-
GCF_024679095.1,Chr 38,NC_066575.1,118904at6656,5271519.0,5268249.0,-
GCF_024679095.1,Chr 55,NC_066557.1,119012at6656,9246760.0,9235566.0,-
GCF_024679095.1,Chr 7,NC_066512.1,119144at6656,28646841.0,28651144.0,+
GCF_024679095.1,Chr 9,NC_066523.1,119194at6656,9995659.0,10008902.0,+
GCF_024679095.1,Chr 19,NC_066510.1,119438at6656,31188305.0,31184062.0,-
GCF_024679095.1,Chr 30,NC_066541.1,119541at6656,4283116.0,4286094.0,+
GCF_024679095.1,Chr 35,NC_066552.1,119951at6656,12441979.0,12434422.0,-
GCF_024679095.1,Chr 64,NC_066573.1,120047at6656,9070455.0,9074537.0,+
GCF_024679095.1,Chr 20,NC_066559.1,120445at6656,1091449.0,1095404.0,+
GCF_024679095.1,Chr 67,NC_066564.1,120875at6656,3625685.0,3636588.0,+
GCF_024679095.1,Chr 55,NC_066557.1,120958at6656,5244825.0,5240441.0,-
GCF_024679095.1,Chr 58,NC_066528.1,121002at6656,20539224.0,20543675.0,+
GCF_024679095.1,Chr 1,NC_066537.1,121558at6656,16682359.0,16689054.0,+
GCF_024679095.1,Chr 7,NC_066512.1,121847at6656,21936509.0,21929508.0,-
GCF_024679095.1,Chr 20,NC_066559.1,121894at6656,340540.0,349467.0,+
GCF_024679095.1,Chr 62,NC_066514.1,122526at6656,1556234.0,1546278.0,-
GCF_024679095.1,Chr 20,NC_066559.1,122665at6656,12181905.0,12207012.0,+
GCF_024679095.1,Chr 33,NC_066550.1,122816at6656,8469427.0,8466050.0,-
GCF_024679095.1,Chr 15,NC_066525.1,123035at6656,1832970.0,1834996.0,+
GCF_024679095.1,Chr 49,NC_066570.1,123320at6656,2331111.0,2328999.0,-
GCF_024679095.1,Chr 33,NC_066550.1,123672at6656,3142008.0,3102748.0,-
GCF_024679095.1,Chr 42,NC_066562.1,123790at6656,10121630.0,10128119.0,+
GCF_024679095.1,Chr 38,NC_066575.1,123853at6656,2904516.0,2901330.0,-
GCF_024679095.1,Chr 52,NC_066526.1,124174at6656,21391071.0,21388167.0,-
GCF_024679095.1,Chr 4,NC_066543.1,124400at6656,1223780.0,1228744.0,+
GCF_024679095.1,Chr 19,NC_066510.1,124452at6656,6697249.0,6764730.0,+
GCF_024679095.1,Chr 22,NC_066513.1,124628at6656,26956188.0,26957021.0,+
GCF_024679095.1,Chr 14,NC_066540.1,124707at6656,13436065.0,13423747.0,-
GCF_024679095.1,Chr 4,NC_066543.1,124720at6656,15970612.0,15976005.0,+
GCF_024679095.1,Chr 2,NC_066533.1,124730at6656,12130846.0,12127739.0,-
GCF_024679095.1,Chr 57,NC_066568.1,124981at6656,9796948.0,9793104.0,-
GCF_024679095.1,Chr 35,NC_066552.1,125100at6656,10940051.0,10937000.0,-
GCF_024679095.1,Chr 10,NC_066577.1,125127at6656,8119690.0,8123159.0,+
GCF_024679095.1,Chr 25,NC_066536.1,125210at6656,3736646.0,3731923.0,-
GCF_024679095.1,Chr 10,NC_066577.1,125234at6656,3587721.0,3591541.0,+
GCF_024679095.1,Chr 1,NC_066537.1,125238at6656,11848040.0,11845386.0,-
GCF_024679095.1,Chr 9,NC_066523.1,125414at6656,11796563.0,11793418.0,-
GCF_024679095.1,Chr 27,NC_066548.1,125452at6656,13274651.0,13269772.0,-
GCF_024679095.1,Chr 33,NC_066550.1,125716at6656,8953641.0,8949598.0,-
GCF_024679095.1,Chr 26,NC_066567.1,126074at6656,953438.0,960233.0,+
GCF_024679095.1,Chr 43,NC_066563.1,126225at6656,10785128.0,10785589.0,+
GCF_024679095.1,Chr 50,NC_066509.1,126442at6656,3382131.0,3379364.0,-
GCF_024679095.1,Chr 33,NC_066550.1,126483at6656,14074381.0,14076117.0,+
GCF_024679095.1,Chr 12,NC_066516.1,126733at6656,13392129.0,13389500.0,-
GCF_024679095.1,Chr 20,NC_066559.1,127349at6656,10836501.0,10842825.0,+
GCF_024679095.1,Chr 35,NC_066552.1,127511at6656,12422134.0,12424921.0,+
GCF_024679095.1,Chr 36,NC_066572.1,127602at6656,1480100.0,1479310.0,-
GCF_024679095.1,Chr 45,NC_066560.1,127649at6656,11658920.0,11662062.0,+
GCF_024679095.1,Chr 30,NC_066541.1,127661at6656,4967325.0,4964134.0,-
GCF_024679095.1,Chr 13,NC_066530.1,127775at6656,2841338.0,2849076.0,+
GCF_024679095.1,Chr 8,NC_066544.1,127998at6656,783111.0,777084.0,-
GCF_024679095.1,Chr 1,NC_066537.1,128030at6656,6448256.0,6451535.0,+
GCF_024679095.1,Chr 31,NC_066547.1,128188at6656,2127696.0,2129621.0,+
GCF_024679095.1,Chr 52,NC_066526.1,128216at6656,21369557.0,21366374.0,-
GCF_024679095.1,Chr 8,NC_066544.1,128331at6656,6910987.0,6914231.0,+
GCF_024679095.1,Chr 9,NC_066523.1,128464at6656,21948662.0,21952604.0,+
GCF_024679095.1,Chr 4,NC_066543.1,128916at6656,2090169.0,2093401.0,+
GCF_024679095.1,Chr 22,NC_066513.1,129077at6656,2815005.0,2904526.0,+
GCF_024679095.1,Chr 12,NC_066516.1,129131at6656,2938643.0,2982692.0,+
GCF_024679095.1,Chr 43,NC_066563.1,129200at6656,4847112.0,4843311.0,-
GCF_024679095.1,Chr 15,NC_066525.1,129593at6656,7234917.0,7238949.0,+
GCF_024679095.1,Chr 64,NC_066573.1,129618at6656,7694594.0,7703801.0,+
GCF_024679095.1,Chr 18,NC_066558.1,129675at6656,1731032.0,1725439.0,-
GCF_024679095.1,Chr 56,NC_066574.1,129886at6656,7389495.0,7392104.0,+
GCF_024679095.1,Chr 22,NC_066513.1,129989at6656,25057877.0,25061382.0,+
GCF_024679095.1,Chr 5,NC_066549.1,130105at6656,15243666.0,15243122.0,-
GCF_024679095.1,Chr 4,NC_066543.1,130126at6656,1255771.0,1255049.0,-
GCF_024679095.1,Chr 50,NC_066509.1,130176at6656,7230579.0,7234303.0,+
GCF_024679095.1,Chr 39,NC_066519.1,130514at6656,13721525.0,13719429.0,-
GCF_024679095.1,Chr 39,NC_066519.1,130563at6656,18531309.0,18536491.0,+
GCF_024679095.1,Chr 53,NC_066515.1,130663at6656,22250348.0,22246208.0,-
GCF_024679095.1,Chr 26,NC_066567.1,130825at6656,1337763.0,1337098.0,-
GCF_024679095.1,Chr 36,NC_066572.1,130923at6656,728795.0,725632.0,-
GCF_024679095.1,Chr 44,NC_066518.1,131276at6656,443738.0,444919.0,+
GCF_024679095.1,Chr 12,NC_066516.1,131495at6656,12368635.0,12365341.0,-
GCF_024679095.1,Chr 51,NC_066554.1,131516at6656,12045601.0,12048456.0,+
GCF_024679095.1,Chr 24,NC_066532.1,131588at6656,16105381.0,16109201.0,+
GCF_024679095.1,Chr 34,NC_066539.1,131642at6656,10705849.0,10708665.0,+
GCF_024679095.1,Chr 68,NC_066555.1,131668at6656,189818.0,194057.0,+
GCF_024679095.1,Chr 52,NC_066526.1,131720at6656,1962232.0,1962900.0,+
GCF_024679095.1,Chr 12,NC_066516.1,131751at6656,9138494.0,9129601.0,-
GCF_024679095.1,Chr 6,NC_066545.1,131921at6656,11212614.0,11211687.0,-
GCF_024679095.1,Chr 32,NC_066511.1,132329at6656,27161554.0,27153785.0,-
GCF_024679095.1,Chr 57,NC_066568.1,132340at6656,9750205.0,9745605.0,-
GCF_024679095.1,Chr 24,NC_066532.1,132441at6656,3820815.0,3807770.0,-
GCF_024679095.1,Chr 3,NC_066522.1,132495at6656,3060549.0,3076203.0,+
GCF_024679095.1,Chr 9,NC_066523.1,132760at6656,7464564.0,7472934.0,+
GCF_024679095.1,Chr 58,NC_066528.1,132857at6656,13443511.0,13437707.0,-
GCF_024679095.1,Chr 33,NC_066550.1,133329at6656,13141808.0,13140903.0,-
GCF_024679095.1,Chr 42,NC_066562.1,133422at6656,8215070.0,8212367.0,-
GCF_024679095.1,Chr 1,NC_066537.1,133603at6656,5663562.0,5665429.0,+
GCF_024679095.1,Chr 4,NC_066543.1,133735at6656,14740322.0,14746190.0,+
GCF_024679095.1,Chr 59,NC_066571.1,133949at6656,9759938.0,9757165.0,-
GCF_024679095.1,Chr 3,NC_066522.1,134073at6656,22752376.0,22755095.0,+
GCF_024679095.1,Chr 12,NC_066516.1,134209at6656,19981586.0,19978277.0,-
GCF_024679095.1,Chr 35,NC_066552.1,134216at6656,860940.0,853368.0,-
GCF_024679095.1,Chr 11,NC_066529.1,134708at6656,689441.0,698248.0,+
GCF_024679095.1,Chr 45,NC_066560.1,134776at6656,11642151.0,11639780.0,-
GCF_024679095.1,Chr 41,NC_066569.1,134835at6656,6867201.0,6864960.0,-
GCF_024679095.1,Chr 31,NC_066547.1,134853at6656,16214918.0,16219000.0,+
GCF_024679095.1,Chr 41,NC_066569.1,134865at6656,8763069.0,8767310.0,+
GCF_024679095.1,Chr 40,NC_066520.1,134885at6656,21590217.0,21588142.0,-
GCF_024679095.1,Chr 6,NC_066545.1,135065at6656,7599261.0,7571099.0,-
GCF_024679095.1,Chr 7,NC_066512.1,135075at6656,20761127.0,20763297.0,+
GCF_024679095.1,Chr 42,NC_066562.1,135107at6656,3217325.0,3210000.0,-
GCF_024679095.1,Chr 2,NC_066533.1,135123at6656,9620922.0,9619134.0,-
GCF_024679095.1,Chr 37,NC_066538.1,135203at6656,14592474.0,14589751.0,-
GCF_024679095.1,Chr 9,NC_066523.1,135204at6656,15500912.0,15509573.0,+
GCF_024679095.1,Chr 43,NC_066563.1,135215at6656,508476.0,510021.0,+
GCF_024679095.1,Chr 29,NC_066565.1,135357at6656,4345487.0,4441602.0,+
GCF_024679095.1,Chr 20,NC_066559.1,135373at6656,1155344.0,1149069.0,-
GCF_024679095.1,Chr 13,NC_066530.1,135391at6656,20336391.0,20329986.0,-
GCF_024679095.1,Chr 30,NC_066541.1,135526at6656,2872285.0,2864756.0,-
GCF_024679095.1,Chr 47,NC_066517.1,135676at6656,22782014.0,22786533.0,+
GCF_024679095.1,Chr 8,NC_066544.1,135690at6656,10724793.0,10718589.0,-
GCF_024679095.1,Chr 56,NC_066574.1,135702at6656,2793675.0,2796363.0,+
GCF_024679095.1,Chr 52,NC_066526.1,135764at6656,13823350.0,13828016.0,+
GCF_024679095.1,Chr 36,NC_066572.1,135828at6656,2540213.0,2543714.0,+
GCF_024679095.1,Chr 5,NC_066549.1,135859at6656,7913907.0,7904544.0,-
GCF_024679095.1,Chr 58,NC_066528.1,135975at6656,18720448.0,18723852.0,+
GCF_024679095.1,Chr 1,NC_066537.1,135994at6656,9807702.0,9810157.0,+
GCF_024679095.1,Chr 18,NC_066558.1,136055at6656,2663624.0,2661180.0,-
GCF_024679095.1,Chr 2,NC_066533.1,136119at6656,9113036.0,9106383.0,-
GCF_024679095.1,Chr 21,NC_066542.1,136224at6656,15104365.0,15110566.0,+
GCF_024679095.1,Chr 34,NC_066539.1,136365at6656,2971508.0,2969858.0,-
GCF_024679095.1,Chr 38,NC_066575.1,136559at6656,272346.0,270476.0,-
GCF_024679095.1,Chr 57,NC_066568.1,136888at6656,9897103.0,9898071.0,+
GCF_024679095.1,Chr 68,NC_066555.1,137050at6656,6841377.0,6838649.0,-
GCF_024679095.1,Chr 65,NC_066578.1,137197at6656,2980482.0,2976457.0,-
GCF_024679095.1,Chr 21,NC_066542.1,137202at6656,12282025.0,12275634.0,-
GCF_024679095.1,Chr 23,NC_066527.1,137334at6656,16545429.0,16543315.0,-
GCF_024679095.1,Chr 28,NC_066546.1,137338at6656,707378.0,728679.0,+
GCF_024679095.1,Chr 46,NC_066535.1,137422at6656,14937699.0,14939587.0,+
GCF_024679095.1,Chr 39,NC_066519.1,137609at6656,17890105.0,17889098.0,-
GCF_024679095.1,Chr 21,NC_066542.1,137688at6656,6236405.0,6239777.0,+
GCF_024679095.1,Chr 7,NC_066512.1,137709at6656,27341233.0,27340292.0,-
GCF_024679095.1,Chr 31,NC_066547.1,137711at6656,12070682.0,12072075.0,+
GCF_024679095.1,Chr 31,NC_066547.1,138243at6656,13590933.0,13602073.0,+
GCF_024679095.1,Chr 52,NC_066526.1,138379at6656,4011286.0,4013835.0,+
GCF_024679095.1,Chr 23,NC_066527.1,138401at6656,19765840.0,19763398.0,-
GCF_024679095.1,Chr 46,NC_066535.1,138502at6656,8534261.0,8535040.0,+
GCF_024679095.1,Chr 12,NC_066516.1,138553at6656,12409369.0,12403771.0,-
GCF_024679095.1,Chr 38,NC_066575.1,138659at6656,2894652.0,2897186.0,+
GCF_024679095.1,Chr 6,NC_066545.1,138684at6656,15387551.0,15385558.0,-
GCF_024679095.1,Chr 8,NC_066544.1,138937at6656,17709909.0,17706486.0,-
GCF_024679095.1,Chr 61,NC_066534.1,139217at6656,18312539.0,18312054.0,-
GCF_024679095.1,Chr 5,NC_066549.1,139553at6656,13316695.0,13309718.0,-
GCF_024679095.1,Chr 1,NC_066537.1,139638at6656,12582876.0,12581265.0,-
GCF_024679095.1,Chr 51,NC_066554.1,139744at6656,8526908.0,8522019.0,-
GCF_024679095.1,Chr 9,NC_066523.1,139834at6656,7330595.0,7332931.0,+
GCF_024679095.1,Chr 12,NC_066516.1,140197at6656,5726312.0,5729524.0,+
GCF_024679095.1,Chr 35,NC_066552.1,140198at6656,5129424.0,5131745.0,+
GCF_024679095.1,Chr 32,NC_066511.1,140403at6656,21378996.0,21364856.0,-
GCF_024679095.1,Chr 53,NC_066515.1,140461at6656,26646144.0,26643380.0,-
GCF_024679095.1,Chr 8,NC_066544.1,140693at6656,6342240.0,6349372.0,+
GCF_024679095.1,Chr 4,NC_066543.1,140874at6656,15301751.0,15299516.0,-
GCF_024679095.1,Chr 55,NC_066557.1,140903at6656,11881491.0,11877919.0,-
GCF_024679095.1,Chr 14,NC_066540.1,141031at6656,17958962.0,17919643.0,-
GCF_024679095.1,Chr 35,NC_066552.1,141163at6656,5173622.0,5176285.0,+
GCF_024679095.1,Chr 21,NC_066542.1,141166at6656,6644375.0,6674057.0,+
GCF_024679095.1,Chr 60,NC_066551.1,141175at6656,1894110.0,1878314.0,-
GCF_024679095.1,Chr 10,NC_066577.1,141298at6656,7942722.0,7944482.0,+
GCF_024679095.1,Chr 12,NC_066516.1,141804at6656,9107467.0,9103818.0,-
GCF_024679095.1,Chr 4,NC_066543.1,141859at6656,13184193.0,13185536.0,+
GCF_024679095.1,Chr 26,NC_066567.1,141916at6656,6323076.0,6325764.0,+
GCF_024679095.1,Chr 17,NC_066561.1,142388at6656,2950322.0,2943739.0,-
GCF_024679095.1,Chr 2,NC_066533.1,142415at6656,12115644.0,12113846.0,-
GCF_024679095.1,Chr 8,NC_066544.1,142613at6656,16019634.0,16017440.0,-
GCF_024679095.1,Chr 63,NC_066576.1,142833at6656,6539714.0,6538257.0,-
GCF_024679095.1,Chr 51,NC_066554.1,143154at6656,126451.0,121101.0,-
GCF_024679095.1,Chr 26,NC_066567.1,143279at6656,604052.0,605406.0,+
GCF_024679095.1,Chr 65,NC_066578.1,143459at6656,4543741.0,4546387.0,+
GCF_024679095.1,Chr 9,NC_066523.1,143489at6656,6130169.0,6127674.0,-
GCF_024679095.1,Chr 39,NC_066519.1,143626at6656,20712344.0,20714705.0,+
GCF_024679095.1,Chr 2,NC_066533.1,144337at6656,10063238.0,10064332.0,+
GCF_024679095.1,Chr 66,NC_066566.1,144652at6656,3765564.0,3760726.0,-
GCF_024679095.1,Chr 48,NC_066521.1,144851at6656,19463399.0,19462516.0,-
GCF_024679095.1,Chr 25,NC_066536.1,144853at6656,3597469.0,3599626.0,+
GCF_024679095.1,Chr 8,NC_066544.1,145102at6656,12823394.0,12822621.0,-
GCF_024679095.1,Chr 46,NC_066535.1,145443at6656,14881867.0,14886314.0,+
GCF_024679095.1,Chr 65,NC_066578.1,145811at6656,6411652.0,6416587.0,+
GCF_024679095.1,Chr 21,NC_066542.1,145996at6656,4771097.0,4772322.0,+
GCF_024679095.1,Chr 54,NC_066556.1,146007at6656,8584408.0,8585701.0,+
GCF_024679095.1,Chr 27,NC_066548.1,146087at6656,7594343.0,7596590.0,+
GCF_024679095.1,Chr 11,NC_066529.1,146102at6656,1208106.0,1210918.0,+
GCF_024679095.1,Chr 25,NC_066536.1,146103at6656,3574975.0,3579202.0,+
GCF_024679095.1,Chr 40,NC_066520.1,146383at6656,23716213.0,23715257.0,-
GCF_024679095.1,Chr 17,NC_066561.1,146600at6656,2626602.0,2622464.0,-
GCF_024679095.1,Chr 53,NC_066515.1,146920at6656,25710813.0,25711752.0,+
GCF_024679095.1,Chr 10,NC_066577.1,147002at6656,5354503.0,5328539.0,-
GCF_024679095.1,Chr 57,NC_066568.1,147025at6656,9688462.0,9690777.0,+
GCF_024679095.1,Chr 33,NC_066550.1,147657at6656,13086841.0,13083165.0,-
GCF_024679095.1,Chr 1,NC_066537.1,147723at6656,7695929.0,7694990.0,-
GCF_024679095.1,Chr 76,NW_026112301.1,147852at6656,30542.0,34300.0,+
GCF_024679095.1,Chr 15,NC_066525.1,147980at6656,15711562.0,15709468.0,-
GCF_024679095.1,Chr 69,NC_066531.1,148619at6656,2184704.0,2182347.0,-
GCF_024679095.1,Chr 16,NC_066524.1,148713at6656,22003893.0,22004210.0,+
GCF_024679095.1,Chr 30,NC_066541.1,148851at6656,2928185.0,2951762.0,+
GCF_024679095.1,Chr 42,NC_066562.1,148890at6656,1370148.0,1373822.0,+
GCF_024679095.1,Chr 30,NC_066541.1,149101at6656,9822621.0,9830579.0,+
GCF_024679095.1,Chr 14,NC_066540.1,149126at6656,10635409.0,10644612.0,+
GCF_024679095.1,Chr 41,NC_066569.1,149251at6656,10629084.0,10625064.0,-
GCF_024679095.1,Chr 77,NW_026111532.1,149405at6656,1250613.0,1248865.0,-
GCF_024679095.1,Chr 49,NC_066570.1,149680at6656,9556186.0,9511308.0,-
GCF_024679095.1,Chr 30,NC_066541.1,149753at6656,14919841.0,14918760.0,-
GCF_024679095.1,Chr 27,NC_066548.1,149796at6656,5486831.0,5483043.0,-
GCF_024679095.1,Chr 24,NC_066532.1,149819at6656,14906341.0,14904285.0,-
GCF_024679095.1,Chr 11,NC_066529.1,149973at6656,17828722.0,17827645.0,-
GCF_024679095.1,Chr 60,NC_066551.1,149977at6656,6793849.0,6790535.0,-
GCF_024679095.1,Chr 1,NC_066537.1,150005at6656,8407331.0,8406052.0,-
GCF_024679095.1,Chr 29,NC_066565.1,150137at6656,1933394.0,1937164.0,+
GCF_024679095.1,Chr 61,NC_066534.1,150182at6656,11859690.0,11854656.0,-
GCF_024679095.1,Chr 15,NC_066525.1,150251at6656,2703089.0,2706121.0,+
GCF_024679095.1,Chr 5,NC_066549.1,150327at6656,6953372.0,6950594.0,-
GCF_024679095.1,Chr 41,NC_066569.1,150479at6656,3706012.0,3708111.0,+
GCF_024679095.1,Chr 18,NC_066558.1,150583at6656,3399670.0,3397287.0,-
GCF_024679095.1,Chr 44,NC_066518.1,150585at6656,11467468.0,11462288.0,-
GCF_024679095.1,Chr 37,NC_066538.1,150667at6656,696660.0,698752.0,+
GCF_024679095.1,Chr 4,NC_066543.1,150765at6656,4965912.0,4970982.0,+
GCF_024679095.1,Chr 2,NC_066533.1,151102at6656,17588463.0,17589843.0,+
GCF_024679095.1,Chr 78,NW_026110932.1,151111at6656,39421.0,38930.0,-
GCF_024679095.1,Chr 32,NC_066511.1,151114at6656,9032515.0,9027331.0,-
GCF_024679095.1,Chr 62,NC_066514.1,151393at6656,25311825.0,25310170.0,-
GCF_024679095.1,Chr 44,NC_066518.1,151436at6656,9969293.0,9976357.0,+
GCF_024679095.1,Chr 41,NC_066569.1,151642at6656,9782373.0,9780159.0,-
GCF_024679095.1,Chr 5,NC_066549.1,152032at6656,5188454.0,5190092.0,+
GCF_024679095.1,Chr 42,NC_066562.1,152109at6656,5788734.0,5784628.0,-
GCF_024679095.1,Chr 31,NC_066547.1,152402at6656,4064909.0,4067606.0,+
GCF_024679095.1,Chr 79,NW_026111650.1,152534at6656,95851.0,107640.0,+
GCF_024679095.1,Chr 16,NC_066524.1,152871at6656,16530204.0,16532687.0,+
GCF_024679095.1,Chr 34,NC_066539.1,153155at6656,4768973.0,4774532.0,+
GCF_024679095.1,Chr 32,NC_066511.1,153232at6656,25823424.0,25827318.0,+
GCF_024679095.1,Chr 23,NC_066527.1,153312at6656,16503902.0,16501248.0,-
GCF_024679095.1,Chr 16,NC_066524.1,153534at6656,8612988.0,8617421.0,+
GCF_024679095.1,Chr 19,NC_066510.1,153693at6656,15231744.0,15231152.0,-
GCF_024679095.1,Chr 23,NC_066527.1,153873at6656,5334062.0,5330185.0,-
GCF_024679095.1,Chr 4,NC_066543.1,154133at6656,3994832.0,3996670.0,+
GCF_024679095.1,Chr 3,NC_066522.1,154415at6656,14519404.0,14524459.0,+
GCF_024679095.1,Chr 3,NC_066522.1,154507at6656,22171411.0,22170394.0,-
GCF_024679095.1,Chr 43,NC_066563.1,156057at6656,235212.0,230404.0,-
GCF_024679095.1,Chr 4,NC_066543.1,156081at6656,6998060.0,6999950.0,+
GCF_024679095.1,Chr 9,NC_066523.1,156111at6656,21955991.0,21959971.0,+
GCF_024679095.1,Chr 18,NC_066558.1,156305at6656,2072127.0,2071095.0,-
GCF_024679095.1,Chr 43,NC_066563.1,156395at6656,1960599.0,1965316.0,+
GCF_024679095.1,Chr 24,NC_066532.1,156728at6656,2623917.0,2627106.0,+
GCF_024679095.1,Chr 29,NC_066565.1,156882at6656,1714890.0,1712164.0,-
GCF_024679095.1,Chr 66,NC_066566.1,156975at6656,3780843.0,3779923.0,-
GCF_024679095.1,Chr 10,NC_066577.1,157486at6656,7169412.0,7172142.0,+
GCF_024679095.1,Chr 10,NC_066577.1,157579at6656,3568499.0,3566589.0,-
GCF_024679095.1,Chr 40,NC_066520.1,157851at6656,21592315.0,21593039.0,+
GCF_024679095.1,Chr 5,NC_066549.1,157879at6656,2135605.0,2138455.0,+
GCF_024679095.1,Chr 12,NC_066516.1,158194at6656,12424355.0,12425590.0,+
GCF_024679095.1,Chr 32,NC_066511.1,158760at6656,21422518.0,21436907.0,+
GCF_024679095.1,Chr 47,NC_066517.1,159231at6656,20123641.0,20122320.0,-
GCF_024679095.1,Chr 35,NC_066552.1,159420at6656,942756.0,945884.0,+
GCF_024679095.1,Chr 24,NC_066532.1,159542at6656,890869.0,891561.0,+
GCF_024679095.1,Chr 11,NC_066529.1,160675at6656,17889349.0,17882895.0,-
GCF_024679095.1,Chr 33,NC_066550.1,160705at6656,9907178.0,9910840.0,+
GCF_024679095.1,Chr 22,NC_066513.1,161435at6656,2883834.0,2876108.0,-
GCF_024679095.1,Chr 10,NC_066577.1,162059at6656,6092114.0,6082254.0,-
GCF_024679095.1,Chr 57,NC_066568.1,162147at6656,2137556.0,2138287.0,+
GCF_024679095.1,Chr 38,NC_066575.1,162594at6656,192865.0,143189.0,-
GCF_024679095.1,Chr 26,NC_066567.1,162628at6656,1471551.0,1473840.0,+
GCF_024679095.1,Chr 24,NC_066532.1,162841at6656,19413004.0,19410963.0,-
GCF_024679095.1,Chr 16,NC_066524.1,163670at6656,21672559.0,21669362.0,-
GCF_024679095.1,Chr 68,NC_066555.1,163896at6656,7182708.0,7183968.0,+
GCF_024679095.1,Chr 80,NW_026111832.1,164354at6656,554203.0,556162.0,+
GCF_024679095.1,Chr 16,NC_066524.1,164512at6656,18751562.0,18750628.0,-
GCF_024679095.1,Chr 28,NC_066546.1,165142at6656,17153624.0,17155494.0,+
GCF_024679095.1,Chr 55,NC_066557.1,165207at6656,9059039.0,9057667.0,-
GCF_024679095.1,Chr 29,NC_066565.1,166476at6656,6923784.0,6915359.0,-
GCF_024679095.1,Chr 47,NC_066517.1,166479at6656,22078830.0,22082864.0,+
GCF_024679095.1,Chr 49,NC_066570.1,166485at6656,1158039.0,1158683.0,+
GCF_024679095.1,Chr 9,NC_066523.1,169220at6656,7342418.0,7336943.0,-
GCF_035594125.1,Chr 40,NC_087199.1,774at6656,2553125.0,2611234.0,+
GCF_035594125.1,Chr 11,NC_087182.1,980at6656,3059113.0,2942586.0,-
GCF_035594125.1,Chr 3,NC_087151.1,997at6656,11222988.0,11210039.0,-
GCF_035594125.1,Chr 39,NC_087163.1,1166at6656,3210891.0,3191183.0,-
GCF_035594125.1,Chr 33,NC_087165.1,1885at6656,20666092.0,20732720.0,+
GCF_035594125.1,Chr 39,NC_087163.1,1990at6656,4281893.0,4310338.0,+
GCF_035594125.1,Chr 24,NC_087175.1,2148at6656,1654261.0,1645958.0,-
GCF_035594125.1,Chr 13,NC_087183.1,2456at6656,12691459.0,12701949.0,+
GCF_035594125.1,Chr 18,NC_087178.1,2473at6656,7840979.0,7824846.0,-
GCF_035594125.1,Chr 13,NC_087183.1,3310at6656,18038624.0,18051102.0,+
GCF_035594125.1,Chr 27,NC_087186.1,3585at6656,8099797.0,7908182.0,-
GCF_035594125.1,Chr 40,NC_087199.1,3644at6656,932823.0,918651.0,-
GCF_035594125.1,Chr 21,NC_087171.1,4136at6656,18025182.0,18054558.0,+
GCF_035594125.1,Chr 4,NC_087160.1,4227at6656,434202.0,388862.0,-
GCF_035594125.1,Chr 7,NC_087157.1,4864at6656,34492666.0,34523354.0,+
GCF_035594125.1,Chr 5,NC_087168.1,5277at6656,15008470.0,15019049.0,+
GCF_035594125.1,Chr 41,NW_026973666.1,5616at6656,3408603.0,3398564.0,-
GCF_035594125.1,Chr 8,NC_087170.1,6453at6656,8839457.0,8851435.0,+
GCF_035594125.1,Chr 7,NC_087157.1,6563at6656,6140529.0,6130819.0,-
GCF_035594125.1,Chr 28,NC_087196.1,6715at6656,4296874.0,4280375.0,-
GCF_035594125.1,Chr 44,NC_087185.1,6820at6656,105502.0,128060.0,+
GCF_035594125.1,Chr 51,NW_026973669.1,7210at6656,2409469.0,2373167.0,-
GCF_035594125.1,Chr 17,NC_087162.1,8145at6656,296334.0,306565.0,+
GCF_035594125.1,Chr 47,NW_026973667.1,8495at6656,2349669.0,2345740.0,-
GCF_035594125.1,Chr 54,NW_026973670.1,8847at6656,485021.0,496887.0,+
GCF_035594125.1,Chr 19,NC_087166.1,8913at6656,23688448.0,23706162.0,+
GCF_035594125.1,Chr 16,NC_087159.1,9647at6656,6947235.0,6942047.0,-
GCF_035594125.1,Chr 21,NC_087171.1,9648at6656,13592968.0,13606744.0,+
GCF_035594125.1,Chr 35,NC_087184.1,10240at6656,12478871.0,12430205.0,-
GCF_035594125.1,Chr 1,NC_087152.1,10573at6656,16523323.0,16559427.0,+
GCF_035594125.1,Chr 53,NW_026973683.1,11384at6656,1032657.0,998418.0,-
GCF_035594125.1,Chr 11,NC_087182.1,12029at6656,10487915.0,10593853.0,+
GCF_035594125.1,Chr 25,NC_087193.1,12174at6656,6592615.0,6646211.0,+
GCF_035594125.1,Chr 46,NC_087177.1,12383at6656,11589705.0,11593509.0,+
GCF_035594125.1,Chr 16,NC_087159.1,12771at6656,25272869.0,25269954.0,-
GCF_035594125.1,Chr 34,NC_087188.1,12846at6656,6727183.0,6711419.0,-
GCF_035594125.1,Chr 5,NC_087168.1,13019at6656,23536119.0,23528608.0,-
GCF_035594125.1,Chr 1,NC_087152.1,13051at6656,32384219.0,32290420.0,-
GCF_035594125.1,Chr 13,NC_087183.1,13736at6656,12650853.0,12662690.0,+
GCF_035594125.1,Chr 12,NC_087161.1,13833at6656,17205479.0,17203074.0,-
GCF_035594125.1,Chr 18,NC_087178.1,13858at6656,19213777.0,19211108.0,-
GCF_035594125.1,Chr 18,NC_087178.1,13890at6656,2826346.0,2819343.0,-
GCF_035594125.1,Chr 21,NC_087171.1,13934at6656,9985666.0,9975500.0,-
GCF_035594125.1,Chr 10,NC_087179.1,14090at6656,18575765.0,18567541.0,-
GCF_035594125.1,Chr 32,NC_087190.1,14257at6656,3072675.0,3060301.0,-
GCF_035594125.1,Chr 17,NC_087162.1,14447at6656,17927829.0,17910025.0,-
GCF_035594125.1,Chr 34,NC_087188.1,14995at6656,7482079.0,7471466.0,-
GCF_035594125.1,Chr 15,NC_087172.1,15200at6656,20434782.0,20447712.0,+
GCF_035594125.1,Chr 48,NC_087194.1,15697at6656,1438356.0,1426491.0,-
GCF_035594125.1,Chr 10,NC_087179.1,15905at6656,11677659.0,11687899.0,+
GCF_035594125.1,Chr 14,NC_087156.1,16061at6656,25449606.0,25440215.0,-
GCF_035594125.1,Chr 6,NC_087154.1,16084at6656,7870624.0,7852117.0,-
GCF_035594125.1,Chr 11,NC_087182.1,16220at6656,2508728.0,2503688.0,-
GCF_035594125.1,Chr 14,NC_087156.1,16630at6656,25715533.0,25698682.0,-
GCF_035594125.1,Chr 43,NC_087173.1,16648at6656,9525128.0,9520328.0,-
GCF_035594125.1,Chr 10,NC_087179.1,17096at6656,19161239.0,19150209.0,-
GCF_035594125.1,Chr 8,NC_087170.1,17122at6656,18104436.0,18120768.0,+
GCF_035594125.1,Chr 46,NC_087177.1,17128at6656,2605782.0,2585475.0,-
GCF_035594125.1,Chr 9,NC_087158.1,17748at6656,19084758.0,19118653.0,+
GCF_035594125.1,Chr 28,NC_087196.1,18036at6656,8464888.0,8588511.0,+
GCF_035594125.1,Chr 1,NC_087152.1,18055at6656,5987063.0,6009990.0,+
GCF_035594125.1,Chr 17,NC_087162.1,18073at6656,18823795.0,18829255.0,+
GCF_035594125.1,Chr 18,NC_087178.1,18630at6656,1754114.0,1742768.0,-
GCF_035594125.1,Chr 14,NC_087156.1,18929at6656,32500182.0,32494081.0,-
GCF_035594125.1,Chr 15,NC_087172.1,19044at6656,6551506.0,6563324.0,+
GCF_035594125.1,Chr 12,NC_087161.1,19058at6656,27995676.0,27999974.0,+
GCF_035594125.1,Chr 30,NC_087164.1,19104at6656,25437042.0,25440787.0,+
GCF_035594125.1,Chr 34,NC_087188.1,19129at6656,15429070.0,15422831.0,-
GCF_035594125.1,Chr 27,NC_087186.1,19208at6656,11029709.0,11026576.0,-
GCF_035594125.1,Chr 7,NC_087157.1,19289at6656,34064637.0,34051400.0,-
GCF_035594125.1,Chr 3,NC_087151.1,19590at6656,5886646.0,5900008.0,+
GCF_035594125.1,Chr 22,NC_087155.1,19760at6656,14019383.0,14044831.0,+
GCF_035594125.1,Chr 1,NC_087152.1,20093at6656,5861629.0,5881051.0,+
GCF_035594125.1,Chr 13,NC_087183.1,20162at6656,15531641.0,15466068.0,-
GCF_035594125.1,Chr 25,NC_087193.1,20267at6656,7485419.0,7495334.0,+
GCF_035594125.1,Chr 35,NC_087184.1,20935at6656,9659011.0,9665325.0,+
GCF_035594125.1,Chr 36,NC_087181.1,20936at6656,11494598.0,11501599.0,+
GCF_035594125.1,Chr 38,NC_087176.1,21019at6656,5510876.0,5497090.0,-
GCF_035594125.1,Chr 20,NW_026973668.1,21361at6656,1000911.0,987881.0,-
GCF_035594125.1,Chr 4,NC_087160.1,21367at6656,2216467.0,2211055.0,-
GCF_035594125.1,Chr 22,NC_087155.1,22098at6656,24099000.0,24082809.0,-
GCF_035594125.1,Chr 6,NC_087154.1,22148at6656,11867369.0,12015118.0,+
GCF_035594125.1,Chr 11,NC_087182.1,22358at6656,17854785.0,17875628.0,+
GCF_035594125.1,Chr 6,NC_087154.1,22364at6656,20403717.0,20428344.0,+
GCF_035594125.1,Chr 14,NC_087156.1,22468at6656,3683292.0,3660049.0,-
GCF_035594125.1,Chr 25,NC_087193.1,22611at6656,6483468.0,6488801.0,+
GCF_035594125.1,Chr 8,NC_087170.1,22887at6656,14857033.0,14847754.0,-
GCF_035594125.1,Chr 20,NW_026973668.1,23309at6656,550517.0,544614.0,-
GCF_035594125.1,Chr 27,NC_087186.1,23388at6656,3550526.0,3463711.0,-
GCF_035594125.1,Chr 52,NC_087192.1,23429at6656,1829897.0,1840980.0,+
GCF_035594125.1,Chr 12,NC_087161.1,23917at6656,4881207.0,4866660.0,-
GCF_035594125.1,Chr 2,NC_087153.1,24255at6656,39188978.0,39197223.0,+
GCF_035594125.1,Chr 26,NC_087167.1,24427at6656,6696844.0,6682443.0,-
GCF_035594125.1,Chr 24,NC_087175.1,24459at6656,360373.0,367326.0,+
GCF_035594125.1,Chr 12,NC_087161.1,24573at6656,11355498.0,11254918.0,-
GCF_035594125.1,Chr 43,NC_087173.1,25554at6656,11724288.0,11717712.0,-
GCF_035594125.1,Chr 30,NC_087164.1,25680at6656,12754299.0,12752061.0,-
GCF_035594125.1,Chr 9,NC_087158.1,26078at6656,2194040.0,2187938.0,-
GCF_035594125.1,Chr 5,NC_087168.1,26653at6656,17384036.0,17382195.0,-
GCF_035594125.1,Chr 3,NC_087151.1,26734at6656,14819185.0,14838464.0,+
GCF_035594125.1,Chr 25,NC_087193.1,27198at6656,4390523.0,4377680.0,-
GCF_035594125.1,Chr 15,NC_087172.1,27515at6656,6945308.0,6954261.0,+
GCF_035594125.1,Chr 24,NC_087175.1,27617at6656,1275794.0,1271467.0,-
GCF_035594125.1,Chr 2,NC_087153.1,27655at6656,17320048.0,17372683.0,+
GCF_035594125.1,Chr 7,NC_087157.1,28325at6656,10541302.0,10513191.0,-
GCF_035594125.1,Chr 7,NC_087157.1,28380at6656,10200750.0,10256913.0,+
GCF_035594125.1,Chr 44,NC_087185.1,28519at6656,2094359.0,2089406.0,-
GCF_035594125.1,Chr 43,NC_087173.1,28685at6656,11259342.0,11266666.0,+
GCF_035594125.1,Chr 54,NW_026973670.1,28872at6656,1584254.0,1576912.0,-
GCF_035594125.1,Chr 17,NC_087162.1,29213at6656,7151767.0,7110773.0,-
GCF_035594125.1,Chr 13,NC_087183.1,29237at6656,10506928.0,10496163.0,-
GCF_035594125.1,Chr 8,NC_087170.1,29365at6656,18319865.0,18325509.0,+
GCF_035594125.1,Chr 36,NC_087181.1,29730at6656,15203018.0,15200165.0,-
GCF_035594125.1,Chr 40,NC_087199.1,29744at6656,1171088.0,1178917.0,+
GCF_035594125.1,Chr 32,NC_087190.1,30156at6656,5176060.0,5188435.0,+
GCF_035594125.1,Chr 25,NC_087193.1,30184at6656,10814998.0,10807788.0,-
GCF_035594125.1,Chr 28,NC_087196.1,30267at6656,9571064.0,9558805.0,-
GCF_035594125.1,Chr 15,NC_087172.1,30463at6656,7633416.0,7662250.0,+
GCF_035594125.1,Chr 5,NC_087168.1,30512at6656,12053807.0,12066272.0,+
GCF_035594125.1,Chr 30,NC_087164.1,30526at6656,9811890.0,9804121.0,-
GCF_035594125.1,Chr 11,NC_087182.1,30642at6656,14470200.0,14479125.0,+
GCF_035594125.1,Chr 25,NC_087193.1,30822at6656,5860040.0,5854992.0,-
GCF_035594125.1,Chr 37,NC_087189.1,30918at6656,3922133.0,3933846.0,+
GCF_035594125.1,Chr 1,NC_087152.1,30962at6656,18294106.0,18280055.0,-
GCF_035594125.1,Chr 25,NC_087193.1,31014at6656,5204411.0,5201148.0,-
GCF_035594125.1,Chr 39,NC_087163.1,31119at6656,21199111.0,21193764.0,-
GCF_035594125.1,Chr 29,NC_087180.1,31196at6656,19139584.0,19110561.0,-
GCF_035594125.1,Chr 47,NW_026973667.1,31333at6656,1548861.0,1559253.0,+
GCF_035594125.1,Chr 26,NC_087167.1,31480at6656,3589066.0,3612614.0,+
GCF_035594125.1,Chr 9,NC_087158.1,31615at6656,25536294.0,25556112.0,+
GCF_035594125.1,Chr 5,NC_087168.1,31634at6656,15420690.0,15426139.0,+
GCF_035594125.1,Chr 43,NC_087173.1,31820at6656,5947597.0,5941318.0,-
GCF_035594125.1,Chr 7,NC_087157.1,31886at6656,2337597.0,2343929.0,+
GCF_035594125.1,Chr 12,NC_087161.1,31919at6656,2833262.0,2819700.0,-
GCF_035594125.1,Chr 4,NC_087160.1,32694at6656,24096387.0,24089020.0,-
GCF_035594125.1,Chr 17,NC_087162.1,32733at6656,157774.0,154496.0,-
GCF_035594125.1,Chr 6,NC_087154.1,32851at6656,33206715.0,33186009.0,-
GCF_035594125.1,Chr 21,NC_087171.1,33187at6656,3855983.0,3865121.0,+
GCF_035594125.1,Chr 36,NC_087181.1,33566at6656,17647169.0,17657919.0,+
GCF_035594125.1,Chr 15,NC_087172.1,33794at6656,18816184.0,18829267.0,+
GCF_035594125.1,Chr 7,NC_087157.1,34586at6656,3976438.0,3957213.0,-
GCF_035594125.1,Chr 5,NC_087168.1,34917at6656,17331874.0,17338213.0,+
GCF_035594125.1,Chr 21,NC_087171.1,35680at6656,10127195.0,10130351.0,+
GCF_035594125.1,Chr 15,NC_087172.1,35708at6656,14224001.0,14217749.0,-
GCF_035594125.1,Chr 3,NC_087151.1,35995at6656,17943112.0,17784411.0,-
GCF_035594125.1,Chr 4,NC_087160.1,36374at6656,6096269.0,6090617.0,-
GCF_035594125.1,Chr 5,NC_087168.1,36387at6656,22163492.0,22158654.0,-
GCF_035594125.1,Chr 9,NC_087158.1,36403at6656,731021.0,719810.0,-
GCF_035594125.1,Chr 22,NC_087155.1,36463at6656,9113394.0,9130401.0,+
GCF_035594125.1,Chr 6,NC_087154.1,37297at6656,4942402.0,4951373.0,+
GCF_035594125.1,Chr 22,NC_087155.1,37387at6656,35651291.0,35607358.0,-
GCF_035594125.1,Chr 50,NC_087169.1,37678at6656,20844841.0,20838895.0,-
GCF_035594125.1,Chr 35,NC_087184.1,38140at6656,1412740.0,1426584.0,+
GCF_035594125.1,Chr 33,NC_087165.1,38303at6656,20078936.0,20083626.0,+
GCF_035594125.1,Chr 26,NC_087167.1,38391at6656,9434051.0,9445248.0,+
GCF_035594125.1,Chr 14,NC_087156.1,38567at6656,21000556.0,21009925.0,+
GCF_035594125.1,Chr 27,NC_087186.1,38819at6656,5814355.0,5804940.0,-
GCF_035594125.1,Chr 28,NC_087196.1,38928at6656,4885297.0,4890915.0,+
GCF_035594125.1,Chr 8,NC_087170.1,39506at6656,19529806.0,19523088.0,-
GCF_035594125.1,Chr 9,NC_087158.1,39548at6656,3880737.0,3890309.0,+
GCF_035594125.1,Chr 14,NC_087156.1,39783at6656,22487460.0,22475945.0,-
GCF_035594125.1,Chr 3,NC_087151.1,39809at6656,416852.0,425181.0,+
GCF_035594125.1,Chr 38,NC_087176.1,39821at6656,3826860.0,3801025.0,-
GCF_035594125.1,Chr 20,NW_026973668.1,40065at6656,3076675.0,3058733.0,-
GCF_035594125.1,Chr 1,NC_087152.1,40092at6656,1827603.0,1835536.0,+
GCF_035594125.1,Chr 33,NC_087165.1,40213at6656,21368185.0,21358021.0,-
GCF_035594125.1,Chr 10,NC_087179.1,40240at6656,18644497.0,18675157.0,+
GCF_035594125.1,Chr 30,NC_087164.1,40319at6656,21616130.0,21583082.0,-
GCF_035594125.1,Chr 18,NC_087178.1,40323at6656,7806178.0,7817911.0,+
GCF_035594125.1,Chr 27,NC_087186.1,40399at6656,13335894.0,13329957.0,-
GCF_035594125.1,Chr 50,NC_087169.1,40691at6656,16235378.0,16228142.0,-
GCF_035594125.1,Chr 23,NC_087187.1,40929at6656,6175242.0,6166045.0,-
GCF_035594125.1,Chr 10,NC_087179.1,41522at6656,10380856.0,10373580.0,-
GCF_035594125.1,Chr 32,NC_087190.1,41990at6656,5170713.0,5160829.0,-
GCF_035594125.1,Chr 5,NC_087168.1,42577at6656,22461530.0,22470780.0,+
GCF_035594125.1,Chr 31,NC_087174.1,42622at6656,3892559.0,3898109.0,+
GCF_035594125.1,Chr 5,NC_087168.1,42819at6656,12079128.0,12091729.0,+
GCF_035594125.1,Chr 2,NC_087153.1,42842at6656,8916190.0,8913703.0,-
GCF_035594125.1,Chr 3,NC_087151.1,42929at6656,7846917.0,7723815.0,-
GCF_035594125.1,Chr 2,NC_087153.1,42943at6656,7856731.0,7868375.0,+
GCF_035594125.1,Chr 8,NC_087170.1,42992at6656,10958578.0,10978885.0,+
GCF_035594125.1,Chr 12,NC_087161.1,43045at6656,28461314.0,28453383.0,-
GCF_035594125.1,Chr 1,NC_087152.1,43236at6656,14183439.0,14171887.0,-
GCF_035594125.1,Chr 16,NC_087159.1,43245at6656,7688970.0,7710888.0,+
GCF_035594125.1,Chr 31,NC_087174.1,43540at6656,4032616.0,4029443.0,-
GCF_035594125.1,Chr 41,NW_026973666.1,43728at6656,3462368.0,3470062.0,+
GCF_035594125.1,Chr 11,NC_087182.1,43774at6656,10983658.0,11016093.0,+
GCF_035594125.1,Chr 8,NC_087170.1,44001at6656,17277761.0,17274843.0,-
GCF_035594125.1,Chr 38,NC_087176.1,44123at6656,1639653.0,1642992.0,+
GCF_035594125.1,Chr 23,NC_087187.1,44359at6656,5766319.0,5774255.0,+
GCF_035594125.1,Chr 18,NC_087178.1,44389at6656,7898108.0,7909489.0,+
GCF_035594125.1,Chr 13,NC_087183.1,44504at6656,17393156.0,17388434.0,-
GCF_035594125.1,Chr 7,NC_087157.1,44630at6656,8841378.0,8835986.0,-
GCF_035594125.1,Chr 3,NC_087151.1,44694at6656,27129566.0,27120910.0,-
GCF_035594125.1,Chr 11,NC_087182.1,44953at6656,5373988.0,5383049.0,+
GCF_035594125.1,Chr 2,NC_087153.1,45131at6656,13726313.0,13742419.0,+
GCF_035594125.1,Chr 14,NC_087156.1,45367at6656,29073262.0,29086257.0,+
GCF_035594125.1,Chr 5,NC_087168.1,45528at6656,22998147.0,23005494.0,+
GCF_035594125.1,Chr 39,NC_087163.1,45556at6656,26068090.0,26066047.0,-
GCF_035594125.1,Chr 46,NC_087177.1,45732at6656,2135518.0,2144052.0,+
GCF_035594125.1,Chr 42,NC_087197.1,45915at6656,1172295.0,1175412.0,+
GCF_035594125.1,Chr 31,NC_087174.1,46430at6656,9380005.0,9371536.0,-
GCF_035594125.1,Chr 26,NC_087167.1,46437at6656,1097178.0,1104948.0,+
GCF_035594125.1,Chr 2,NC_087153.1,46671at6656,39100616.0,39106593.0,+
GCF_035594125.1,Chr 15,NC_087172.1,46679at6656,17575917.0,17583223.0,+
GCF_035594125.1,Chr 10,NC_087179.1,46692at6656,10490919.0,10498144.0,+
GCF_035594125.1,Chr 3,NC_087151.1,46750at6656,12633429.0,12640558.0,+
GCF_035594125.1,Chr 21,NC_087171.1,46960at6656,4901620.0,4908828.0,+
GCF_035594125.1,Chr 50,NC_087169.1,47270at6656,22015685.0,22012727.0,-
GCF_035594125.1,Chr 9,NC_087158.1,47443at6656,4256112.0,4226296.0,-
GCF_035594125.1,Chr 11,NC_087182.1,47495at6656,16693608.0,16689081.0,-
GCF_035594125.1,Chr 10,NC_087179.1,47500at6656,14590547.0,14573851.0,-
GCF_035594125.1,Chr 37,NC_087189.1,47967at6656,2865451.0,2850474.0,-
GCF_035594125.1,Chr 1,NC_087152.1,48195at6656,10925811.0,10932964.0,+
GCF_035594125.1,Chr 20,NW_026973668.1,48466at6656,1228652.0,1214877.0,-
GCF_035594125.1,Chr 3,NC_087151.1,48519at6656,40328733.0,40321408.0,-
GCF_035594125.1,Chr 11,NC_087182.1,48657at6656,3093600.0,3107686.0,+
GCF_035594125.1,Chr 1,NC_087152.1,48836at6656,40119917.0,40123698.0,+
GCF_035594125.1,Chr 26,NC_087167.1,49070at6656,3557320.0,3552089.0,-
GCF_035594125.1,Chr 51,NW_026973669.1,49936at6656,2901784.0,2911568.0,+
GCF_035594125.1,Chr 5,NC_087168.1,50493at6656,23518815.0,23520926.0,+
GCF_035594125.1,Chr 16,NC_087159.1,50740at6656,13460043.0,13469735.0,+
GCF_035594125.1,Chr 3,NC_087151.1,50792at6656,3624055.0,3617294.0,-
GCF_035594125.1,Chr 30,NC_087164.1,50947at6656,15243376.0,15240479.0,-
GCF_035594125.1,Chr 35,NC_087184.1,51037at6656,14058617.0,14049823.0,-
GCF_035594125.1,Chr 11,NC_087182.1,51280at6656,5820250.0,5815496.0,-
GCF_035594125.1,Chr 11,NC_087182.1,51364at6656,7191096.0,7174314.0,-
GCF_035594125.1,Chr 6,NC_087154.1,51757at6656,4918290.0,4915648.0,-
GCF_035594125.1,Chr 17,NC_087162.1,52210at6656,26227200.0,26231402.0,+
GCF_035594125.1,Chr 11,NC_087182.1,52224at6656,1167328.0,1164421.0,-
GCF_035594125.1,Chr 36,NC_087181.1,52320at6656,12213544.0,12217065.0,+
GCF_035594125.1,Chr 55,NW_026973696.1,52422at6656,454558.0,453330.0,-
GCF_035594125.1,Chr 25,NC_087193.1,52643at6656,7569540.0,7583475.0,+
GCF_035594125.1,Chr 7,NC_087157.1,52828at6656,29744674.0,29752607.0,+
GCF_035594125.1,Chr 31,NC_087174.1,53201at6656,6589243.0,6582953.0,-
GCF_035594125.1,Chr 9,NC_087158.1,53243at6656,11240742.0,11183959.0,-
GCF_035594125.1,Chr 40,NC_087199.1,53298at6656,304577.0,298190.0,-
GCF_035594125.1,Chr 24,NC_087175.1,53318at6656,6775573.0,6781953.0,+
GCF_035594125.1,Chr 3,NC_087151.1,53993at6656,8488121.0,8487006.0,-
GCF_035594125.1,Chr 26,NC_087167.1,54236at6656,18938810.0,18804030.0,-
GCF_035594125.1,Chr 37,NC_087189.1,54527at6656,3014313.0,3021604.0,+
GCF_035594125.1,Chr 3,NC_087151.1,54679at6656,12651585.0,12656382.0,+
GCF_035594125.1,Chr 36,NC_087181.1,55036at6656,12518790.0,12507965.0,-
GCF_035594125.1,Chr 7,NC_087157.1,55094at6656,34290974.0,34282028.0,-
GCF_035594125.1,Chr 15,NC_087172.1,55108at6656,20776869.0,20868105.0,+
GCF_035594125.1,Chr 36,NC_087181.1,55260at6656,16445505.0,16441957.0,-
GCF_035594125.1,Chr 2,NC_087153.1,55417at6656,37253548.0,37244329.0,-
GCF_035594125.1,Chr 9,NC_087158.1,55450at6656,22740973.0,22735199.0,-
GCF_035594125.1,Chr 46,NC_087177.1,55599at6656,8014925.0,8009965.0,-
GCF_035594125.1,Chr 6,NC_087154.1,55847at6656,6686861.0,6667495.0,-
GCF_035594125.1,Chr 47,NW_026973667.1,55932at6656,3540650.0,3547006.0,+
GCF_035594125.1,Chr 11,NC_087182.1,56010at6656,4902950.0,4889018.0,-
GCF_035594125.1,Chr 40,NC_087199.1,56449at6656,1276689.0,1291730.0,+
GCF_035594125.1,Chr 50,NC_087169.1,56523at6656,21237829.0,21233678.0,-
GCF_035594125.1,Chr 1,NC_087152.1,56687at6656,39304752.0,39410876.0,+
GCF_035594125.1,Chr 3,NC_087151.1,57262at6656,40402292.0,40397502.0,-
GCF_035594125.1,Chr 4,NC_087160.1,57597at6656,181485.0,196789.0,+
GCF_035594125.1,Chr 4,NC_087160.1,57605at6656,25932750.0,25938269.0,+
GCF_035594125.1,Chr 18,NC_087178.1,57624at6656,14469221.0,14455451.0,-
GCF_035594125.1,Chr 9,NC_087158.1,57932at6656,21947549.0,21945837.0,-
GCF_035594125.1,Chr 10,NC_087179.1,58012at6656,17643723.0,17647684.0,+
GCF_035594125.1,Chr 29,NC_087180.1,58027at6656,16875822.0,16870278.0,-
GCF_035594125.1,Chr 2,NC_087153.1,58110at6656,38004740.0,37999105.0,-
GCF_035594125.1,Chr 34,NC_087188.1,58119at6656,13978411.0,13983477.0,+
GCF_035594125.1,Chr 3,NC_087151.1,58276at6656,34540803.0,34536558.0,-
GCF_035594125.1,Chr 14,NC_087156.1,59084at6656,29933062.0,29919825.0,-
GCF_035594125.1,Chr 4,NC_087160.1,59193at6656,5862627.0,5854744.0,-
GCF_035594125.1,Chr 16,NC_087159.1,59197at6656,7280438.0,7305208.0,+
GCF_035594125.1,Chr 24,NC_087175.1,59200at6656,6496040.0,6483724.0,-
GCF_035594125.1,Chr 23,NC_087187.1,59226at6656,2761791.0,2754663.0,-
GCF_035594125.1,Chr 40,NC_087199.1,59393at6656,567188.0,572123.0,+
GCF_035594125.1,Chr 9,NC_087158.1,59430at6656,15258866.0,15253001.0,-
GCF_035594125.1,Chr 5,NC_087168.1,59681at6656,16740885.0,16730680.0,-
GCF_035594125.1,Chr 12,NC_087161.1,59824at6656,18268037.0,18286073.0,+
GCF_035594125.1,Chr 8,NC_087170.1,59833at6656,19251694.0,19248330.0,-
GCF_035594125.1,Chr 43,NC_087173.1,60067at6656,16799847.0,16789907.0,-
GCF_035594125.1,Chr 23,NC_087187.1,60299at6656,7258237.0,7264982.0,+
GCF_035594125.1,Chr 27,NC_087186.1,60333at6656,4901750.0,4942866.0,+
GCF_035594125.1,Chr 2,NC_087153.1,60356at6656,13035705.0,13051634.0,+
GCF_035594125.1,Chr 21,NC_087171.1,60468at6656,19372720.0,19364989.0,-
GCF_035594125.1,Chr 7,NC_087157.1,60682at6656,9387447.0,9405693.0,+
GCF_035594125.1,Chr 8,NC_087170.1,60729at6656,12686116.0,12691448.0,+
GCF_035594125.1,Chr 25,NC_087193.1,60750at6656,6813561.0,6853949.0,+
GCF_035594125.1,Chr 22,NC_087155.1,60762at6656,28149380.0,28157613.0,+
GCF_035594125.1,Chr 18,NC_087178.1,61081at6656,7583281.0,7584729.0,+
GCF_035594125.1,Chr 35,NC_087184.1,61096at6656,4056795.0,4062511.0,+
GCF_035594125.1,Chr 44,NC_087185.1,61153at6656,16753039.0,16747902.0,-
GCF_035594125.1,Chr 16,NC_087159.1,61180at6656,4458272.0,4452197.0,-
GCF_035594125.1,Chr 15,NC_087172.1,61261at6656,13282061.0,13276032.0,-
GCF_035594125.1,Chr 16,NC_087159.1,61577at6656,4767798.0,4773948.0,+
GCF_035594125.1,Chr 16,NC_087159.1,61612at6656,450797.0,456528.0,+
GCF_035594125.1,Chr 20,NW_026973668.1,62275at6656,309789.0,302072.0,-
GCF_035594125.1,Chr 1,NC_087152.1,62580at6656,10266927.0,10262505.0,-
GCF_035594125.1,Chr 38,NC_087176.1,62678at6656,7327839.0,7324003.0,-
GCF_035594125.1,Chr 20,NW_026973668.1,62914at6656,676276.0,665821.0,-
GCF_035594125.1,Chr 13,NC_087183.1,62979at6656,5833537.0,5850183.0,+
GCF_035594125.1,Chr 12,NC_087161.1,63193at6656,26242117.0,26243385.0,+
GCF_035594125.1,Chr 19,NC_087166.1,63228at6656,6654705.0,6659833.0,+
GCF_035594125.1,Chr 15,NC_087172.1,63461at6656,1189710.0,1186625.0,-
GCF_035594125.1,Chr 33,NC_087165.1,63923at6656,2997311.0,3104560.0,+
GCF_035594125.1,Chr 7,NC_087157.1,63924at6656,9341988.0,9355555.0,+
GCF_035594125.1,Chr 11,NC_087182.1,64046at6656,11957315.0,11981044.0,+
GCF_035594125.1,Chr 37,NC_087189.1,64896at6656,12671576.0,12680974.0,+
GCF_035594125.1,Chr 42,NC_087197.1,65490at6656,1108568.0,1111677.0,+
GCF_035594125.1,Chr 29,NC_087180.1,65508at6656,19653723.0,19661897.0,+
GCF_035594125.1,Chr 4,NC_087160.1,65532at6656,8247443.0,8283721.0,+
GCF_035594125.1,Chr 6,NC_087154.1,65949at6656,4116667.0,4124480.0,+
GCF_035594125.1,Chr 42,NC_087197.1,66028at6656,4559897.0,4564669.0,+
GCF_035594125.1,Chr 36,NC_087181.1,66229at6656,12050436.0,12044787.0,-
GCF_035594125.1,Chr 1,NC_087152.1,66299at6656,809565.0,813605.0,+
GCF_035594125.1,Chr 47,NW_026973667.1,66366at6656,1174487.0,1182406.0,+
GCF_035594125.1,Chr 19,NC_087166.1,66597at6656,21216814.0,21238036.0,+
GCF_035594125.1,Chr 7,NC_087157.1,66770at6656,34641389.0,34659366.0,+
GCF_035594125.1,Chr 31,NC_087174.1,67113at6656,21637578.0,21644870.0,+
GCF_035594125.1,Chr 50,NC_087169.1,67166at6656,17309684.0,17320842.0,+
GCF_035594125.1,Chr 5,NC_087168.1,67191at6656,15125221.0,15120380.0,-
GCF_035594125.1,Chr 12,NC_087161.1,67491at6656,5773053.0,5767681.0,-
GCF_035594125.1,Chr 13,NC_087183.1,67583at6656,18282573.0,18286794.0,+
GCF_035594125.1,Chr 42,NC_087197.1,67710at6656,2015802.0,2019761.0,+
GCF_035594125.1,Chr 1,NC_087152.1,68468at6656,747986.0,741113.0,-
GCF_035594125.1,Chr 1,NC_087152.1,68491at6656,30916118.0,30933041.0,+
GCF_035594125.1,Chr 11,NC_087182.1,68731at6656,17407063.0,17399485.0,-
GCF_035594125.1,Chr 20,NW_026973668.1,68876at6656,1262880.0,1258267.0,-
GCF_035594125.1,Chr 1,NC_087152.1,68939at6656,36369745.0,36361690.0,-
GCF_035594125.1,Chr 39,NC_087163.1,68961at6656,21205991.0,21203669.0,-
GCF_035594125.1,Chr 33,NC_087165.1,68981at6656,5988840.0,5995904.0,+
GCF_035594125.1,Chr 23,NC_087187.1,68987at6656,3396999.0,3386619.0,-
GCF_035594125.1,Chr 5,NC_087168.1,69201at6656,6232014.0,6301189.0,+
GCF_035594125.1,Chr 23,NC_087187.1,69238at6656,2431687.0,2428299.0,-
GCF_035594125.1,Chr 9,NC_087158.1,69284at6656,15280002.0,15277209.0,-
GCF_035594125.1,Chr 10,NC_087179.1,69394at6656,9973027.0,9969543.0,-
GCF_035594125.1,Chr 48,NC_087194.1,69403at6656,2070573.0,2064999.0,-
GCF_035594125.1,Chr 47,NW_026973667.1,69742at6656,1604590.0,1599186.0,-
GCF_035594125.1,Chr 3,NC_087151.1,69897at6656,3494667.0,3502743.0,+
GCF_035594125.1,Chr 8,NC_087170.1,70078at6656,8915847.0,8911772.0,-
GCF_035594125.1,Chr 28,NC_087196.1,70201at6656,9581953.0,9575775.0,-
GCF_035594125.1,Chr 12,NC_087161.1,70550at6656,13028367.0,12921360.0,-
GCF_035594125.1,Chr 16,NC_087159.1,70663at6656,30606548.0,30598720.0,-
GCF_035594125.1,Chr 19,NC_087166.1,71018at6656,5106157.0,5109422.0,+
GCF_035594125.1,Chr 8,NC_087170.1,71110at6656,8444617.0,8449111.0,+
GCF_035594125.1,Chr 28,NC_087196.1,71129at6656,5402091.0,5383430.0,-
GCF_035594125.1,Chr 28,NC_087196.1,71199at6656,9694083.0,9687519.0,-
GCF_035594125.1,Chr 44,NC_087185.1,71230at6656,2892673.0,2888760.0,-
GCF_035594125.1,Chr 1,NC_087152.1,71483at6656,12257477.0,12263742.0,+
GCF_035594125.1,Chr 29,NC_087180.1,71937at6656,13667180.0,13658232.0,-
GCF_035594125.1,Chr 12,NC_087161.1,72450at6656,5575844.0,5590421.0,+
GCF_035594125.1,Chr 26,NC_087167.1,72578at6656,8520843.0,8528205.0,+
GCF_035594125.1,Chr 5,NC_087168.1,72583at6656,19034670.0,19030952.0,-
GCF_035594125.1,Chr 1,NC_087152.1,72586at6656,14207822.0,14200244.0,-
GCF_035594125.1,Chr 40,NC_087199.1,72782at6656,1161678.0,1158642.0,-
GCF_035594125.1,Chr 1,NC_087152.1,72857at6656,27924543.0,27902561.0,-
GCF_035594125.1,Chr 2,NC_087153.1,73084at6656,35460208.0,35454421.0,-
GCF_035594125.1,Chr 45,NC_087191.1,73301at6656,13255431.0,13271172.0,+
GCF_035594125.1,Chr 23,NC_087187.1,73455at6656,2898383.0,2904550.0,+
GCF_035594125.1,Chr 30,NC_087164.1,73456at6656,25191946.0,25231498.0,+
GCF_035594125.1,Chr 18,NC_087178.1,74030at6656,5341267.0,5336298.0,-
GCF_035594125.1,Chr 8,NC_087170.1,74384at6656,15490820.0,15489363.0,-
GCF_035594125.1,Chr 10,NC_087179.1,74655at6656,17985024.0,17991076.0,+
GCF_035594125.1,Chr 17,NC_087162.1,74692at6656,7279702.0,7274116.0,-
GCF_035594125.1,Chr 13,NC_087183.1,74836at6656,10481994.0,10476453.0,-
GCF_035594125.1,Chr 24,NC_087175.1,75692at6656,4250429.0,4243694.0,-
GCF_035594125.1,Chr 1,NC_087152.1,75704at6656,8538618.0,8514132.0,-
GCF_035594125.1,Chr 38,NC_087176.1,75764at6656,3019858.0,3046053.0,+
GCF_035594125.1,Chr 8,NC_087170.1,75982at6656,19253577.0,19256366.0,+
GCF_035594125.1,Chr 25,NC_087193.1,76308at6656,4677047.0,4680239.0,+
GCF_035594125.1,Chr 23,NC_087187.1,76342at6656,6180000.0,6176149.0,-
GCF_035594125.1,Chr 10,NC_087179.1,76573at6656,16152304.0,16156667.0,+
GCF_035594125.1,Chr 9,NC_087158.1,76745at6656,23090692.0,23095240.0,+
GCF_035594125.1,Chr 47,NW_026973667.1,76812at6656,2162531.0,2157402.0,-
GCF_035594125.1,Chr 27,NC_087186.1,77197at6656,8269207.0,8273698.0,+
GCF_035594125.1,Chr 1,NC_087152.1,77688at6656,32863837.0,32868281.0,+
GCF_035594125.1,Chr 30,NC_087164.1,77770at6656,15249855.0,15253175.0,+
GCF_035594125.1,Chr 31,NC_087174.1,77883at6656,376779.0,369188.0,-
GCF_035594125.1,Chr 12,NC_087161.1,77976at6656,28773562.0,28768406.0,-
GCF_035594125.1,Chr 39,NC_087163.1,77987at6656,2998182.0,3001876.0,+
GCF_035594125.1,Chr 20,NW_026973668.1,78110at6656,913692.0,916948.0,+
GCF_035594125.1,Chr 14,NC_087156.1,78202at6656,21907020.0,21895097.0,-
GCF_035594125.1,Chr 41,NW_026973666.1,78254at6656,3427723.0,3423947.0,-
GCF_035594125.1,Chr 17,NC_087162.1,78695at6656,7888067.0,7900128.0,+
GCF_035594125.1,Chr 29,NC_087180.1,78758at6656,19411600.0,19382419.0,-
GCF_035594125.1,Chr 45,NC_087191.1,78777at6656,843924.0,825926.0,-
GCF_035594125.1,Chr 2,NC_087153.1,78854at6656,39718464.0,39714378.0,-
GCF_035594125.1,Chr 34,NC_087188.1,78919at6656,7523246.0,7525798.0,+
GCF_035594125.1,Chr 34,NC_087188.1,78921at6656,13986039.0,13989734.0,+
GCF_035594125.1,Chr 21,NC_087171.1,78947at6656,15213550.0,15216651.0,+
GCF_035594125.1,Chr 11,NC_087182.1,78968at6656,5766200.0,5764959.0,-
GCF_035594125.1,Chr 33,NC_087165.1,79241at6656,14805918.0,14817733.0,+
GCF_035594125.1,Chr 9,NC_087158.1,79377at6656,26306205.0,26314643.0,+
GCF_035594125.1,Chr 5,NC_087168.1,79915at6656,18264847.0,18271905.0,+
GCF_035594125.1,Chr 24,NC_087175.1,79993at6656,4182005.0,4188090.0,+
GCF_035594125.1,Chr 8,NC_087170.1,80067at6656,18334675.0,18332238.0,-
GCF_035594125.1,Chr 25,NC_087193.1,80294at6656,5282636.0,5284574.0,+
GCF_035594125.1,Chr 28,NC_087196.1,80317at6656,9697437.0,9701684.0,+
GCF_035594125.1,Chr 13,NC_087183.1,80348at6656,17606612.0,17610791.0,+
GCF_035594125.1,Chr 24,NC_087175.1,80689at6656,21278377.0,21417981.0,+
GCF_035594125.1,Chr 18,NC_087178.1,80693at6656,12639548.0,12663942.0,+
GCF_035594125.1,Chr 25,NC_087193.1,80948at6656,6923989.0,6927856.0,+
GCF_035594125.1,Chr 39,NC_087163.1,81292at6656,6184293.0,6177771.0,-
GCF_035594125.1,Chr 43,NC_087173.1,81307at6656,17627089.0,17637885.0,+
GCF_035594125.1,Chr 29,NC_087180.1,81406at6656,13091314.0,13097062.0,+
GCF_035594125.1,Chr 7,NC_087157.1,81413at6656,4491595.0,4496729.0,+
GCF_035594125.1,Chr 29,NC_087180.1,81423at6656,13742278.0,13721035.0,-
GCF_035594125.1,Chr 29,NC_087180.1,81650at6656,6884382.0,6890599.0,+
GCF_035594125.1,Chr 14,NC_087156.1,81703at6656,25130465.0,25137693.0,+
GCF_035594125.1,Chr 19,NC_087166.1,81708at6656,13070279.0,13062205.0,-
GCF_035594125.1,Chr 51,NW_026973669.1,81919at6656,3265356.0,3262015.0,-
GCF_035594125.1,Chr 19,NC_087166.1,81950at6656,12094753.0,12102717.0,+
GCF_035594125.1,Chr 11,NC_087182.1,83102at6656,18352561.0,18358120.0,+
GCF_035594125.1,Chr 1,NC_087152.1,83164at6656,36159079.0,36181761.0,+
GCF_035594125.1,Chr 27,NC_087186.1,83303at6656,6358026.0,6350957.0,-
GCF_035594125.1,Chr 1,NC_087152.1,83350at6656,39023779.0,39030974.0,+
GCF_035594125.1,Chr 1,NC_087152.1,83372at6656,39045641.0,39035998.0,-
GCF_035594125.1,Chr 41,NW_026973666.1,83376at6656,4981214.0,4986817.0,+
GCF_035594125.1,Chr 5,NC_087168.1,83613at6656,22499528.0,22498626.0,-
GCF_035594125.1,Chr 33,NC_087165.1,83673at6656,23329056.0,23320251.0,-
GCF_035594125.1,Chr 35,NC_087184.1,83755at6656,3450421.0,3475225.0,+
GCF_035594125.1,Chr 39,NC_087163.1,83765at6656,24639966.0,24636740.0,-
GCF_035594125.1,Chr 39,NC_087163.1,84028at6656,26928247.0,26933998.0,+
GCF_035594125.1,Chr 8,NC_087170.1,84097at6656,20810802.0,20808213.0,-
GCF_035594125.1,Chr 32,NC_087190.1,84149at6656,10093581.0,10117043.0,+
GCF_035594125.1,Chr 13,NC_087183.1,84169at6656,12680582.0,12678296.0,-
GCF_035594125.1,Chr 15,NC_087172.1,84422at6656,15122837.0,15126156.0,+
GCF_035594125.1,Chr 22,NC_087155.1,84576at6656,31059034.0,31072238.0,+
GCF_035594125.1,Chr 27,NC_087186.1,84819at6656,5932984.0,5927715.0,-
GCF_035594125.1,Chr 7,NC_087157.1,84925at6656,27113761.0,27112727.0,-
GCF_035594125.1,Chr 40,NC_087199.1,85103at6656,2019669.0,2009029.0,-
GCF_035594125.1,Chr 6,NC_087154.1,85509at6656,21353446.0,21345638.0,-
GCF_035594125.1,Chr 5,NC_087168.1,85574at6656,17695841.0,17692007.0,-
GCF_035594125.1,Chr 18,NC_087178.1,85680at6656,1064212.0,1070579.0,+
GCF_035594125.1,Chr 1,NC_087152.1,85810at6656,31682631.0,31678815.0,-
GCF_035594125.1,Chr 44,NC_087185.1,86262at6656,16567837.0,16564524.0,-
GCF_035594125.1,Chr 8,NC_087170.1,86318at6656,9183797.0,9180258.0,-
GCF_035594125.1,Chr 13,NC_087183.1,86488at6656,15142674.0,15165794.0,+
GCF_035594125.1,Chr 19,NC_087166.1,86654at6656,24647641.0,24649236.0,+
GCF_035594125.1,Chr 5,NC_087168.1,86889at6656,22946082.0,22950514.0,+
GCF_035594125.1,Chr 4,NC_087160.1,86930at6656,4018679.0,4010964.0,-
GCF_035594125.1,Chr 9,NC_087158.1,87014at6656,9381407.0,9563729.0,+
GCF_035594125.1,Chr 22,NC_087155.1,87089at6656,27784658.0,27790063.0,+
GCF_035594125.1,Chr 22,NC_087155.1,87103at6656,32424971.0,32436076.0,+
GCF_035594125.1,Chr 41,NW_026973666.1,87114at6656,3760424.0,3758703.0,-
GCF_035594125.1,Chr 6,NC_087154.1,87139at6656,30841850.0,30837351.0,-
GCF_035594125.1,Chr 18,NC_087178.1,87142at6656,1461939.0,1459333.0,-
GCF_035594125.1,Chr 49,NC_087195.1,87527at6656,7052443.0,7046849.0,-
GCF_035594125.1,Chr 9,NC_087158.1,87575at6656,18716665.0,18706821.0,-
GCF_035594125.1,Chr 3,NC_087151.1,87728at6656,30847654.0,30863976.0,+
GCF_035594125.1,Chr 43,NC_087173.1,87910at6656,8855805.0,8850886.0,-
GCF_035594125.1,Chr 31,NC_087174.1,87928at6656,20597745.0,20603315.0,+
GCF_035594125.1,Chr 8,NC_087170.1,87933at6656,10282329.0,10273136.0,-
GCF_035594125.1,Chr 43,NC_087173.1,88051at6656,5915078.0,5923078.0,+
GCF_035594125.1,Chr 18,NC_087178.1,89064at6656,7943795.0,7946595.0,+
GCF_035594125.1,Chr 32,NC_087190.1,89153at6656,5123347.0,5110999.0,-
GCF_035594125.1,Chr 30,NC_087164.1,89677at6656,17403051.0,17406530.0,+
GCF_035594125.1,Chr 17,NC_087162.1,89713at6656,12889709.0,12893578.0,+
GCF_035594125.1,Chr 30,NC_087164.1,89810at6656,21459266.0,21435742.0,-
GCF_035594125.1,Chr 12,NC_087161.1,89864at6656,27993698.0,27988725.0,-
GCF_035594125.1,Chr 37,NC_087189.1,90126at6656,925433.0,920743.0,-
GCF_035594125.1,Chr 17,NC_087162.1,90322at6656,26542799.0,26544160.0,+
GCF_035594125.1,Chr 49,NC_087195.1,90580at6656,1124249.0,1129165.0,+
GCF_035594125.1,Chr 14,NC_087156.1,90600at6656,25262384.0,25256288.0,-
GCF_035594125.1,Chr 46,NC_087177.1,90822at6656,2184476.0,2180648.0,-
GCF_035594125.1,Chr 20,NW_026973668.1,90928at6656,639265.0,634618.0,-
GCF_035594125.1,Chr 45,NC_087191.1,90931at6656,12830946.0,12837317.0,+
GCF_035594125.1,Chr 5,NC_087168.1,91002at6656,6337452.0,6362759.0,+
GCF_035594125.1,Chr 11,NC_087182.1,91005at6656,16680161.0,16685098.0,+
GCF_035594125.1,Chr 10,NC_087179.1,91313at6656,10031829.0,10030553.0,-
GCF_035594125.1,Chr 17,NC_087162.1,91418at6656,93891.0,84201.0,-
GCF_035594125.1,Chr 37,NC_087189.1,91468at6656,2666014.0,2670589.0,+
GCF_035594125.1,Chr 50,NC_087169.1,91933at6656,23108944.0,23113124.0,+
GCF_035594125.1,Chr 26,NC_087167.1,91946at6656,11997298.0,11957619.0,-
GCF_035594125.1,Chr 32,NC_087190.1,92167at6656,10294738.0,10268193.0,-
GCF_035594125.1,Chr 52,NC_087192.1,92184at6656,10168731.0,10140859.0,-
GCF_035594125.1,Chr 19,NC_087166.1,92420at6656,11380127.0,11384709.0,+
GCF_035594125.1,Chr 29,NC_087180.1,92576at6656,14381567.0,14375745.0,-
GCF_035594125.1,Chr 2,NC_087153.1,92777at6656,12587701.0,12584734.0,-
GCF_035594125.1,Chr 28,NC_087196.1,92854at6656,8948921.0,8955435.0,+
GCF_035594125.1,Chr 4,NC_087160.1,93061at6656,17731922.0,17728573.0,-
GCF_035594125.1,Chr 32,NC_087190.1,93085at6656,13912023.0,13908936.0,-
GCF_035594125.1,Chr 2,NC_087153.1,93152at6656,18740084.0,18744137.0,+
GCF_035594125.1,Chr 12,NC_087161.1,93408at6656,28943478.0,28947311.0,+
GCF_035594125.1,Chr 22,NC_087155.1,93432at6656,14828428.0,14823917.0,-
GCF_035594125.1,Chr 47,NW_026973667.1,93483at6656,1943661.0,1952913.0,+
GCF_035594125.1,Chr 11,NC_087182.1,93507at6656,5859667.0,5862673.0,+
GCF_035594125.1,Chr 9,NC_087158.1,93535at6656,30474096.0,30467715.0,-
GCF_035594125.1,Chr 3,NC_087151.1,93797at6656,26172704.0,26177759.0,+
GCF_035594125.1,Chr 17,NC_087162.1,94054at6656,6184373.0,6176534.0,-
GCF_035594125.1,Chr 23,NC_087187.1,94238at6656,6011725.0,6015983.0,+
GCF_035594125.1,Chr 42,NC_087197.1,94263at6656,794875.0,791809.0,-
GCF_035594125.1,Chr 48,NC_087194.1,94304at6656,4410950.0,4416572.0,+
GCF_035594125.1,Chr 37,NC_087189.1,94473at6656,14424692.0,14419066.0,-
GCF_035594125.1,Chr 46,NC_087177.1,94476at6656,1686344.0,1693882.0,+
GCF_035594125.1,Chr 24,NC_087175.1,94842at6656,4033853.0,4027920.0,-
GCF_035594125.1,Chr 40,NC_087199.1,94878at6656,2475962.0,2478549.0,+
GCF_035594125.1,Chr 31,NC_087174.1,95028at6656,3144118.0,3147867.0,+
GCF_035594125.1,Chr 4,NC_087160.1,95089at6656,2944473.0,2947789.0,+
GCF_035594125.1,Chr 47,NW_026973667.1,95294at6656,3179429.0,3181418.0,+
GCF_035594125.1,Chr 8,NC_087170.1,95524at6656,17351599.0,17335218.0,-
GCF_035594125.1,Chr 21,NC_087171.1,96251at6656,15400289.0,15406157.0,+
GCF_035594125.1,Chr 21,NC_087171.1,96444at6656,4178014.0,4188314.0,+
GCF_035594125.1,Chr 45,NC_087191.1,96569at6656,11649807.0,11646762.0,-
GCF_035594125.1,Chr 23,NC_087187.1,96592at6656,3452544.0,3455940.0,+
GCF_035594125.1,Chr 12,NC_087161.1,96601at6656,26176663.0,26180323.0,+
GCF_035594125.1,Chr 4,NC_087160.1,96956at6656,3252286.0,3247380.0,-
GCF_035594125.1,Chr 41,NW_026973666.1,96971at6656,5123184.0,5127220.0,+
GCF_035594125.1,Chr 7,NC_087157.1,97492at6656,5940913.0,5936874.0,-
GCF_035594125.1,Chr 36,NC_087181.1,97749at6656,333493.0,317688.0,-
GCF_035594125.1,Chr 41,NW_026973666.1,97763at6656,4703550.0,4710407.0,+
GCF_035594125.1,Chr 16,NC_087159.1,97865at6656,23123225.0,23215117.0,+
GCF_035594125.1,Chr 16,NC_087159.1,98066at6656,4366828.0,4375169.0,+
GCF_035594125.1,Chr 18,NC_087178.1,98251at6656,13303709.0,13300277.0,-
GCF_035594125.1,Chr 40,NC_087199.1,98620at6656,2312341.0,2321475.0,+
GCF_035594125.1,Chr 3,NC_087151.1,98755at6656,1691364.0,1697833.0,+
GCF_035594125.1,Chr 1,NC_087152.1,98821at6656,821545.0,814333.0,-
GCF_035594125.1,Chr 2,NC_087153.1,98845at6656,37741337.0,37735594.0,-
GCF_035594125.1,Chr 20,NW_026973668.1,98927at6656,2535447.0,2536202.0,+
GCF_035594125.1,Chr 13,NC_087183.1,98948at6656,10935193.0,10931527.0,-
GCF_035594125.1,Chr 44,NC_087185.1,99204at6656,1067837.0,1066411.0,-
GCF_035594125.1,Chr 17,NC_087162.1,99270at6656,6219448.0,6214500.0,-
GCF_035594125.1,Chr 48,NC_087194.1,99307at6656,602061.0,605249.0,+
GCF_035594125.1,Chr 9,NC_087158.1,99377at6656,22057796.0,22055953.0,-
GCF_035594125.1,Chr 46,NC_087177.1,99519at6656,14274716.0,14280021.0,+
GCF_035594125.1,Chr 9,NC_087158.1,99625at6656,27299729.0,27302803.0,+
GCF_035594125.1,Chr 7,NC_087157.1,99998at6656,8707775.0,8711278.0,+
GCF_035594125.1,Chr 20,NW_026973668.1,100070at6656,925465.0,922218.0,-
GCF_035594125.1,Chr 13,NC_087183.1,100136at6656,5948094.0,5945728.0,-
GCF_035594125.1,Chr 16,NC_087159.1,100216at6656,9168577.0,9065538.0,-
GCF_035594125.1,Chr 3,NC_087151.1,100296at6656,30366867.0,30374355.0,+
GCF_035594125.1,Chr 12,NC_087161.1,100612at6656,28337216.0,28340808.0,+
GCF_035594125.1,Chr 17,NC_087162.1,100664at6656,13838937.0,13843366.0,+
GCF_035594125.1,Chr 50,NC_087169.1,100673at6656,20583904.0,20585846.0,+
GCF_035594125.1,Chr 2,NC_087153.1,100760at6656,38114321.0,38107447.0,-
GCF_035594125.1,Chr 49,NC_087195.1,101349at6656,2494877.0,2488818.0,-
GCF_035594125.1,Chr 15,NC_087172.1,101359at6656,20401822.0,20397772.0,-
GCF_035594125.1,Chr 16,NC_087159.1,101491at6656,16836596.0,16828682.0,-
GCF_035594125.1,Chr 24,NC_087175.1,101531at6656,3976017.0,3980640.0,+
GCF_035594125.1,Chr 42,NC_087197.1,101621at6656,1978891.0,1971288.0,-
GCF_035594125.1,Chr 13,NC_087183.1,101727at6656,8735169.0,8731248.0,-
GCF_035594125.1,Chr 2,NC_087153.1,101761at6656,19066932.0,19063574.0,-
GCF_035594125.1,Chr 31,NC_087174.1,101767at6656,13967018.0,13975336.0,+
GCF_035594125.1,Chr 29,NC_087180.1,101829at6656,17771561.0,17780044.0,+
GCF_035594125.1,Chr 40,NC_087199.1,101886at6656,3162976.0,3159121.0,-
GCF_035594125.1,Chr 1,NC_087152.1,102321at6656,8170023.0,8166602.0,-
GCF_035594125.1,Chr 1,NC_087152.1,102714at6656,40375207.0,40371112.0,-
GCF_035594125.1,Chr 16,NC_087159.1,102770at6656,10822954.0,10826205.0,+
GCF_035594125.1,Chr 1,NC_087152.1,103125at6656,14566284.0,14570685.0,+
GCF_035594125.1,Chr 13,NC_087183.1,103207at6656,8615881.0,8618509.0,+
GCF_035594125.1,Chr 41,NW_026973666.1,103479at6656,5110806.0,5118916.0,+
GCF_035594125.1,Chr 23,NC_087187.1,103590at6656,3160873.0,3155401.0,-
GCF_035594125.1,Chr 16,NC_087159.1,103747at6656,976879.0,962094.0,-
GCF_035594125.1,Chr 1,NC_087152.1,103749at6656,1735066.0,1741083.0,+
GCF_035594125.1,Chr 45,NC_087191.1,103752at6656,12736526.0,12729509.0,-
GCF_035594125.1,Chr 10,NC_087179.1,103908at6656,18561484.0,18565794.0,+
GCF_035594125.1,Chr 12,NC_087161.1,103914at6656,20636497.0,20617693.0,-
GCF_035594125.1,Chr 18,NC_087178.1,104063at6656,2870938.0,2867524.0,-
GCF_035594125.1,Chr 22,NC_087155.1,104122at6656,35826879.0,35850390.0,+
GCF_035594125.1,Chr 12,NC_087161.1,104410at6656,29134144.0,29118693.0,-
GCF_035594125.1,Chr 5,NC_087168.1,104588at6656,10364911.0,10357151.0,-
GCF_035594125.1,Chr 48,NC_087194.1,104604at6656,2061641.0,2056751.0,-
GCF_035594125.1,Chr 2,NC_087153.1,105000at6656,34616039.0,34612971.0,-
GCF_035594125.1,Chr 10,NC_087179.1,105099at6656,13514614.0,13506771.0,-
GCF_035594125.1,Chr 3,NC_087151.1,105170at6656,38608312.0,38624425.0,+
GCF_035594125.1,Chr 10,NC_087179.1,105364at6656,17329280.0,17326690.0,-
GCF_035594125.1,Chr 25,NC_087193.1,105771at6656,12794870.0,12799753.0,+
GCF_035594125.1,Chr 11,NC_087182.1,105887at6656,4545090.0,4577606.0,+
GCF_035594125.1,Chr 31,NC_087174.1,106116at6656,455328.0,460620.0,+
GCF_035594125.1,Chr 13,NC_087183.1,106126at6656,6893841.0,6889673.0,-
GCF_035594125.1,Chr 9,NC_087158.1,106466at6656,20422435.0,20426746.0,+
GCF_035594125.1,Chr 3,NC_087151.1,106470at6656,34622079.0,34563761.0,-
GCF_035594125.1,Chr 26,NC_087167.1,106634at6656,19092054.0,19118351.0,+
GCF_035594125.1,Chr 16,NC_087159.1,106639at6656,26013559.0,26020237.0,+
GCF_035594125.1,Chr 28,NC_087196.1,106788at6656,4145788.0,4142523.0,-
GCF_035594125.1,Chr 15,NC_087172.1,106988at6656,20731693.0,20732832.0,+
GCF_035594125.1,Chr 4,NC_087160.1,107030at6656,27572760.0,27587184.0,+
GCF_035594125.1,Chr 20,NW_026973668.1,107139at6656,2218619.0,2216386.0,-
GCF_035594125.1,Chr 4,NC_087160.1,107226at6656,23008774.0,22990090.0,-
GCF_035594125.1,Chr 3,NC_087151.1,107353at6656,10286873.0,10287913.0,+
GCF_035594125.1,Chr 3,NC_087151.1,107427at6656,11181519.0,11184622.0,+
GCF_035594125.1,Chr 23,NC_087187.1,107453at6656,6095235.0,6099096.0,+
GCF_035594125.1,Chr 33,NC_087165.1,107615at6656,21765500.0,21762556.0,-
GCF_035594125.1,Chr 37,NC_087189.1,107802at6656,4694710.0,4704158.0,+
GCF_035594125.1,Chr 45,NC_087191.1,107806at6656,12336272.0,12333155.0,-
GCF_035594125.1,Chr 2,NC_087153.1,107844at6656,17301195.0,17295555.0,-
GCF_035594125.1,Chr 1,NC_087152.1,108162at6656,30915163.0,30912120.0,-
GCF_035594125.1,Chr 23,NC_087187.1,108207at6656,2443736.0,2440543.0,-
GCF_035594125.1,Chr 45,NC_087191.1,108240at6656,262996.0,246063.0,-
GCF_035594125.1,Chr 6,NC_087154.1,108693at6656,21795972.0,21806229.0,+
GCF_035594125.1,Chr 32,NC_087190.1,108702at6656,10532588.0,10534911.0,+
GCF_035594125.1,Chr 46,NC_087177.1,108705at6656,15351311.0,15323052.0,-
GCF_035594125.1,Chr 2,NC_087153.1,108808at6656,40106640.0,40113828.0,+
GCF_035594125.1,Chr 19,NC_087166.1,109174at6656,5095166.0,5098824.0,+
GCF_035594125.1,Chr 14,NC_087156.1,109325at6656,9278023.0,9248550.0,-
GCF_035594125.1,Chr 6,NC_087154.1,109444at6656,8116720.0,8052903.0,-
GCF_035594125.1,Chr 32,NC_087190.1,109484at6656,4083050.0,4082271.0,-
GCF_035594125.1,Chr 7,NC_087157.1,109562at6656,29455341.0,29454153.0,-
GCF_035594125.1,Chr 4,NC_087160.1,109664at6656,25576801.0,25449217.0,-
GCF_035594125.1,Chr 17,NC_087162.1,109724at6656,20843312.0,20838408.0,-
GCF_035594125.1,Chr 33,NC_087165.1,109793at6656,11116916.0,11111237.0,-
GCF_035594125.1,Chr 19,NC_087166.1,109923at6656,14562551.0,14608393.0,+
GCF_035594125.1,Chr 55,NW_026973696.1,110129at6656,52897.0,58928.0,+
GCF_035594125.1,Chr 7,NC_087157.1,110504at6656,7747322.0,7774690.0,+
GCF_035594125.1,Chr 31,NC_087174.1,110787at6656,4706969.0,4709581.0,+
GCF_035594125.1,Chr 15,NC_087172.1,110982at6656,4708948.0,4699160.0,-
GCF_035594125.1,Chr 53,NW_026973683.1,111082at6656,309499.0,306942.0,-
GCF_035594125.1,Chr 24,NC_087175.1,111153at6656,7729372.0,7661254.0,-
GCF_035594125.1,Chr 38,NC_087176.1,111236at6656,11019442.0,11022818.0,+
GCF_035594125.1,Chr 18,NC_087178.1,111239at6656,19089355.0,19095356.0,+
GCF_035594125.1,Chr 6,NC_087154.1,111545at6656,25362127.0,25367421.0,+
GCF_035594125.1,Chr 48,NC_087194.1,111851at6656,2665304.0,2683648.0,+
GCF_035594125.1,Chr 36,NC_087181.1,112281at6656,16488842.0,16491650.0,+
GCF_035594125.1,Chr 49,NC_087195.1,112328at6656,2364739.0,2362413.0,-
GCF_035594125.1,Chr 47,NW_026973667.1,112360at6656,745589.0,751474.0,+
GCF_035594125.1,Chr 2,NC_087153.1,112556at6656,19132070.0,19121661.0,-
GCF_035594125.1,Chr 14,NC_087156.1,112634at6656,14450157.0,14451801.0,+
GCF_035594125.1,Chr 34,NC_087188.1,112645at6656,13904748.0,13911172.0,+
GCF_035594125.1,Chr 30,NC_087164.1,112759at6656,15271284.0,15269777.0,-
GCF_035594125.1,Chr 19,NC_087166.1,113015at6656,24812133.0,24819744.0,+
GCF_035594125.1,Chr 3,NC_087151.1,113300at6656,9963250.0,9958897.0,-
GCF_035594125.1,Chr 15,NC_087172.1,113604at6656,9783706.0,9761618.0,-
GCF_035594125.1,Chr 6,NC_087154.1,113622at6656,1380221.0,1368574.0,-
GCF_035594125.1,Chr 22,NC_087155.1,113641at6656,6300166.0,6307498.0,+
GCF_035594125.1,Chr 8,NC_087170.1,113668at6656,18337632.0,18339549.0,+
GCF_035594125.1,Chr 23,NC_087187.1,113713at6656,2158479.0,2153916.0,-
GCF_035594125.1,Chr 10,NC_087179.1,113817at6656,18539304.0,18541134.0,+
GCF_035594125.1,Chr 17,NC_087162.1,113818at6656,12805705.0,12829393.0,+
GCF_035594125.1,Chr 37,NC_087189.1,113865at6656,13414985.0,13421078.0,+
GCF_035594125.1,Chr 12,NC_087161.1,113960at6656,23521570.0,23515307.0,-
GCF_035594125.1,Chr 13,NC_087183.1,114019at6656,16590841.0,16588930.0,-
GCF_035594125.1,Chr 34,NC_087188.1,114360at6656,13746987.0,13750406.0,+
GCF_035594125.1,Chr 33,NC_087165.1,114463at6656,22594355.0,22598912.0,+
GCF_035594125.1,Chr 42,NC_087197.1,114609at6656,430662.0,434654.0,+
GCF_035594125.1,Chr 26,NC_087167.1,114738at6656,4755464.0,4747059.0,-
GCF_035594125.1,Chr 13,NC_087183.1,114765at6656,14347946.0,14343879.0,-
GCF_035594125.1,Chr 36,NC_087181.1,115001at6656,19165068.0,19173295.0,+
GCF_035594125.1,Chr 2,NC_087153.1,115208at6656,28806745.0,28821164.0,+
GCF_035594125.1,Chr 6,NC_087154.1,115229at6656,4682089.0,4676636.0,-
GCF_035594125.1,Chr 12,NC_087161.1,115252at6656,28242362.0,28248355.0,+
GCF_035594125.1,Chr 4,NC_087160.1,115256at6656,28058457.0,28057086.0,-
GCF_035594125.1,Chr 14,NC_087156.1,115462at6656,14446273.0,14442789.0,-
GCF_035594125.1,Chr 10,NC_087179.1,115537at6656,17335216.0,17341818.0,+
GCF_035594125.1,Chr 31,NC_087174.1,115841at6656,11714706.0,11710758.0,-
GCF_035594125.1,Chr 12,NC_087161.1,115917at6656,19124928.0,19122200.0,-
GCF_035594125.1,Chr 8,NC_087170.1,115986at6656,18350545.0,18354115.0,+
GCF_035594125.1,Chr 14,NC_087156.1,116117at6656,24969477.0,24975490.0,+
GCF_035594125.1,Chr 20,NW_026973668.1,116401at6656,1592613.0,1602988.0,+
GCF_035594125.1,Chr 9,NC_087158.1,116608at6656,15348076.0,15366695.0,+
GCF_035594125.1,Chr 38,NC_087176.1,116688at6656,9334095.0,9335705.0,+
GCF_035594125.1,Chr 28,NC_087196.1,116804at6656,9345526.0,9347286.0,+
GCF_035594125.1,Chr 26,NC_087167.1,116982at6656,6708515.0,6711492.0,+
GCF_035594125.1,Chr 9,NC_087158.1,117173at6656,711036.0,715399.0,+
GCF_035594125.1,Chr 18,NC_087178.1,117335at6656,4630089.0,4591204.0,-
GCF_035594125.1,Chr 7,NC_087157.1,117399at6656,9312375.0,9316984.0,+
GCF_035594125.1,Chr 29,NC_087180.1,117413at6656,19610853.0,19604832.0,-
GCF_035594125.1,Chr 21,NC_087171.1,117586at6656,17879575.0,17875660.0,-
GCF_035594125.1,Chr 36,NC_087181.1,117742at6656,6718426.0,6791292.0,+
GCF_035594125.1,Chr 14,NC_087156.1,117811at6656,32582672.0,32586180.0,+
GCF_035594125.1,Chr 4,NC_087160.1,117843at6656,5846132.0,5843218.0,-
GCF_035594125.1,Chr 28,NC_087196.1,117947at6656,4633295.0,4630059.0,-
GCF_035594125.1,Chr 17,NC_087162.1,118014at6656,16320816.0,16323622.0,+
GCF_035594125.1,Chr 19,NC_087166.1,118037at6656,4692376.0,4695540.0,+
GCF_035594125.1,Chr 10,NC_087179.1,118496at6656,16965425.0,16961660.0,-
GCF_035594125.1,Chr 6,NC_087154.1,118527at6656,11346251.0,11350563.0,+
GCF_035594125.1,Chr 14,NC_087156.1,118761at6656,4529080.0,4537113.0,+
GCF_035594125.1,Chr 38,NC_087176.1,118780at6656,13484429.0,13481341.0,-
GCF_035594125.1,Chr 15,NC_087172.1,118807at6656,14279665.0,14276451.0,-
GCF_035594125.1,Chr 43,NC_087173.1,118831at6656,3046251.0,3054271.0,+
GCF_035594125.1,Chr 15,NC_087172.1,118904at6656,5015482.0,5013614.0,-
GCF_035594125.1,Chr 48,NC_087194.1,119012at6656,4604669.0,4610602.0,+
GCF_035594125.1,Chr 7,NC_087157.1,119144at6656,34149795.0,34156688.0,+
GCF_035594125.1,Chr 53,NW_026973683.1,119188at6656,927539.0,930214.0,+
GCF_035594125.1,Chr 6,NC_087154.1,119194at6656,30634091.0,30627801.0,-
GCF_035594125.1,Chr 17,NC_087162.1,119438at6656,21528849.0,21518594.0,-
GCF_035594125.1,Chr 27,NC_087186.1,119541at6656,5571558.0,5569487.0,-
GCF_035594125.1,Chr 35,NC_087184.1,119951at6656,10137551.0,10141817.0,+
GCF_035594125.1,Chr 16,NC_087159.1,120047at6656,9485252.0,9491124.0,+
GCF_035594125.1,Chr 36,NC_087181.1,120383at6656,91704.0,88719.0,-
GCF_035594125.1,Chr 2,NC_087153.1,120445at6656,37567948.0,37573938.0,+
GCF_035594125.1,Chr 39,NC_087163.1,120875at6656,4354083.0,4345020.0,-
GCF_035594125.1,Chr 48,NC_087194.1,120958at6656,1439949.0,1443550.0,+
GCF_035594125.1,Chr 3,NC_087151.1,121002at6656,34118225.0,34128728.0,+
GCF_035594125.1,Chr 26,NC_087167.1,121530at6656,11282093.0,11279361.0,-
GCF_035594125.1,Chr 10,NC_087179.1,121558at6656,10351463.0,10352477.0,+
GCF_035594125.1,Chr 7,NC_087157.1,121847at6656,13607303.0,13612519.0,+
GCF_035594125.1,Chr 2,NC_087153.1,121894at6656,40688717.0,40685545.0,-
GCF_035594125.1,Chr 12,NC_087161.1,122526at6656,11819747.0,11856460.0,+
GCF_035594125.1,Chr 2,NC_087153.1,122665at6656,16312789.0,16299068.0,-
GCF_035594125.1,Chr 32,NC_087190.1,122816at6656,12767948.0,12770927.0,+
GCF_035594125.1,Chr 3,NC_087151.1,123035at6656,31715091.0,31718524.0,+
GCF_035594125.1,Chr 8,NC_087170.1,123320at6656,18346966.0,18345487.0,-
GCF_035594125.1,Chr 14,NC_087156.1,123409at6656,25657908.0,25661343.0,+
GCF_035594125.1,Chr 49,NC_087195.1,123790at6656,5626807.0,5634149.0,+
GCF_035594125.1,Chr 43,NC_087173.1,123793at6656,6851884.0,6789513.0,-
GCF_035594125.1,Chr 15,NC_087172.1,123853at6656,6921045.0,6913525.0,-
GCF_035594125.1,Chr 44,NC_087185.1,124174at6656,8016294.0,8013044.0,-
GCF_035594125.1,Chr 32,NC_087190.1,124282at6656,11756728.0,11752687.0,-
GCF_035594125.1,Chr 4,NC_087160.1,124400at6656,19041793.0,19039930.0,-
GCF_035594125.1,Chr 17,NC_087162.1,124452at6656,16249087.0,16267347.0,+
GCF_035594125.1,Chr 3,NC_087151.1,124628at6656,30346918.0,30347760.0,+
GCF_035594125.1,Chr 21,NC_087171.1,124707at6656,20861103.0,20854004.0,-
GCF_035594125.1,Chr 4,NC_087160.1,124720at6656,22029258.0,22035283.0,+
GCF_035594125.1,Chr 13,NC_087183.1,124730at6656,11523927.0,11528836.0,+
GCF_035594125.1,Chr 45,NC_087191.1,124981at6656,12983569.0,12985925.0,+
GCF_035594125.1,Chr 35,NC_087184.1,125100at6656,7945317.0,7940550.0,-
GCF_035594125.1,Chr 20,NW_026973668.1,125127at6656,1952378.0,1949604.0,-
GCF_035594125.1,Chr 16,NC_087159.1,125210at6656,2548156.0,2544011.0,-
GCF_035594125.1,Chr 20,NW_026973668.1,125234at6656,1843203.0,1846868.0,+
GCF_035594125.1,Chr 10,NC_087179.1,125238at6656,17278197.0,17282071.0,+
GCF_035594125.1,Chr 6,NC_087154.1,125414at6656,31454774.0,31449875.0,-
GCF_035594125.1,Chr 14,NC_087156.1,125452at6656,25721423.0,25722487.0,+
GCF_035594125.1,Chr 37,NC_087189.1,126074at6656,12454849.0,12461172.0,+
GCF_035594125.1,Chr 11,NC_087182.1,126225at6656,5709216.0,5708755.0,-
GCF_035594125.1,Chr 31,NC_087174.1,126442at6656,14704711.0,14699735.0,-
GCF_035594125.1,Chr 3,NC_087151.1,126483at6656,8521750.0,8518818.0,-
GCF_035594125.1,Chr 2,NC_087153.1,126733at6656,23856824.0,23875086.0,+
GCF_035594125.1,Chr 2,NC_087153.1,127349at6656,39661768.0,39655913.0,-
GCF_035594125.1,Chr 35,NC_087184.1,127511at6656,10148009.0,10146973.0,-
GCF_035594125.1,Chr 47,NW_026973667.1,127602at6656,954671.0,953505.0,-
GCF_035594125.1,Chr 15,NC_087172.1,127649at6656,20452007.0,20455664.0,+
GCF_035594125.1,Chr 27,NC_087186.1,127661at6656,5160226.0,5157279.0,-
GCF_035594125.1,Chr 5,NC_087168.1,127775at6656,17389344.0,17388269.0,-
GCF_035594125.1,Chr 8,NC_087170.1,127998at6656,16034769.0,16030866.0,-
GCF_035594125.1,Chr 10,NC_087179.1,128030at6656,13000191.0,12997458.0,-
GCF_035594125.1,Chr 19,NC_087166.1,128188at6656,14318947.0,14338515.0,+
GCF_035594125.1,Chr 44,NC_087185.1,128216at6656,5890204.0,5888518.0,-
GCF_035594125.1,Chr 8,NC_087170.1,128331at6656,15148138.0,15150074.0,+
GCF_035594125.1,Chr 6,NC_087154.1,128464at6656,7986948.0,7984398.0,-
GCF_035594125.1,Chr 4,NC_087160.1,128916at6656,12126834.0,12129580.0,+
GCF_035594125.1,Chr 29,NC_087180.1,129077at6656,6771113.0,6722750.0,-
GCF_035594125.1,Chr 2,NC_087153.1,129131at6656,11666343.0,11658600.0,-
GCF_035594125.1,Chr 10,NC_087179.1,129200at6656,11792060.0,11785527.0,-
GCF_035594125.1,Chr 3,NC_087151.1,129593at6656,13983047.0,13971382.0,-
GCF_035594125.1,Chr 28,NC_087196.1,129675at6656,9049121.0,9051417.0,+
GCF_035594125.1,Chr 6,NC_087154.1,129886at6656,4247434.0,4248405.0,+
GCF_035594125.1,Chr 14,NC_087156.1,129902at6656,32435291.0,32443200.0,+
GCF_035594125.1,Chr 29,NC_087180.1,129989at6656,10968416.0,10970638.0,+
GCF_035594125.1,Chr 1,NC_087152.1,130105at6656,28264202.0,28240124.0,-
GCF_035594125.1,Chr 4,NC_087160.1,130126at6656,18863979.0,18863251.0,-
GCF_035594125.1,Chr 31,NC_087174.1,130176at6656,11727647.0,11725697.0,-
GCF_035594125.1,Chr 6,NC_087154.1,130363at6656,19780154.0,19770482.0,-
GCF_035594125.1,Chr 38,NC_087176.1,130514at6656,5547149.0,5549758.0,+
GCF_035594125.1,Chr 38,NC_087176.1,130563at6656,9525207.0,9521953.0,-
GCF_035594125.1,Chr 34,NC_087188.1,130663at6656,7673083.0,7670347.0,-
GCF_035594125.1,Chr 46,NC_087177.1,131276at6656,7902519.0,7901347.0,-
GCF_035594125.1,Chr 2,NC_087153.1,131495at6656,12607800.0,12610287.0,+
GCF_035594125.1,Chr 7,NC_087157.1,131516at6656,29636722.0,29642530.0,+
GCF_035594125.1,Chr 21,NC_087171.1,131588at6656,15195004.0,15201266.0,+
GCF_035594125.1,Chr 14,NC_087156.1,131642at6656,9198657.0,9187870.0,-
GCF_035594125.1,Chr 52,NC_087192.1,131668at6656,2830734.0,2835021.0,+
GCF_035594125.1,Chr 44,NC_087185.1,131720at6656,15504741.0,15504088.0,-
GCF_035594125.1,Chr 2,NC_087153.1,131751at6656,13080725.0,13091545.0,+
GCF_035594125.1,Chr 12,NC_087161.1,131921at6656,28500658.0,28502244.0,+
GCF_035594125.1,Chr 30,NC_087164.1,132329at6656,17417823.0,17414403.0,-
GCF_035594125.1,Chr 45,NC_087191.1,132340at6656,12600713.0,12597180.0,-
GCF_035594125.1,Chr 30,NC_087164.1,132441at6656,16521115.0,16526248.0,+
GCF_035594125.1,Chr 1,NC_087152.1,132495at6656,10948729.0,10944837.0,-
GCF_035594125.1,Chr 6,NC_087154.1,132760at6656,31574174.0,31579180.0,+
GCF_035594125.1,Chr 3,NC_087151.1,132857at6656,38663778.0,38670784.0,+
GCF_035594125.1,Chr 49,NC_087195.1,133015at6656,1120555.0,1117686.0,-
GCF_035594125.1,Chr 32,NC_087190.1,133329at6656,4815542.0,4815081.0,-
GCF_035594125.1,Chr 38,NC_087176.1,133362at6656,7719883.0,7716826.0,-
GCF_035594125.1,Chr 49,NC_087195.1,133422at6656,4176997.0,4180589.0,+
GCF_035594125.1,Chr 10,NC_087179.1,133603at6656,11796693.0,11801419.0,+
GCF_035594125.1,Chr 4,NC_087160.1,133735at6656,28842763.0,28831106.0,-
GCF_035594125.1,Chr 18,NC_087178.1,133949at6656,8975264.0,8956294.0,-
GCF_035594125.1,Chr 5,NC_087168.1,134073at6656,2712848.0,2721299.0,+
GCF_035594125.1,Chr 2,NC_087153.1,134209at6656,23141682.0,23238210.0,+
GCF_035594125.1,Chr 35,NC_087184.1,134216at6656,15527244.0,15523202.0,-
GCF_035594125.1,Chr 10,NC_087179.1,134673at6656,14350823.0,14355371.0,+
GCF_035594125.1,Chr 9,NC_087158.1,134708at6656,29699721.0,29690354.0,-
GCF_035594125.1,Chr 15,NC_087172.1,134776at6656,16229516.0,16226823.0,-
GCF_035594125.1,Chr 42,NC_087197.1,134835at6656,1897350.0,1894981.0,-
GCF_035594125.1,Chr 19,NC_087166.1,134853at6656,10460338.0,10465300.0,+
GCF_035594125.1,Chr 42,NC_087197.1,134865at6656,2595346.0,2598886.0,+
GCF_035594125.1,Chr 33,NC_087165.1,134885at6656,20656662.0,20651206.0,-
GCF_035594125.1,Chr 12,NC_087161.1,135065at6656,17539555.0,17568942.0,+
GCF_035594125.1,Chr 7,NC_087157.1,135075at6656,5971080.0,5967616.0,-
GCF_035594125.1,Chr 22,NC_087155.1,135107at6656,21092734.0,21087068.0,-
GCF_035594125.1,Chr 13,NC_087183.1,135123at6656,10799840.0,10802366.0,+
GCF_035594125.1,Chr 23,NC_087187.1,135203at6656,2378017.0,2375886.0,-
GCF_035594125.1,Chr 6,NC_087154.1,135204at6656,19829483.0,19832622.0,+
GCF_035594125.1,Chr 11,NC_087182.1,135215at6656,4607704.0,4609220.0,+
GCF_035594125.1,Chr 41,NW_026973666.1,135357at6656,3637532.0,3635972.0,-
GCF_035594125.1,Chr 2,NC_087153.1,135373at6656,27870146.0,27897363.0,+
GCF_035594125.1,Chr 5,NC_087168.1,135391at6656,14338767.0,14343119.0,+
GCF_035594125.1,Chr 27,NC_087186.1,135526at6656,8771110.0,8768829.0,-
GCF_035594125.1,Chr 50,NC_087169.1,135676at6656,20701179.0,20703808.0,+
GCF_035594125.1,Chr 8,NC_087170.1,135690at6656,8830555.0,8826736.0,-
GCF_035594125.1,Chr 6,NC_087154.1,135702at6656,11829775.0,11831428.0,+
GCF_035594125.1,Chr 44,NC_087185.1,135764at6656,89068.0,85654.0,-
GCF_035594125.1,Chr 47,NW_026973667.1,135828at6656,1498408.0,1500090.0,+
GCF_035594125.1,Chr 29,NC_087180.1,135834at6656,3504196.0,3450134.0,-
GCF_035594125.1,Chr 1,NC_087152.1,135859at6656,13709504.0,13711417.0,+
GCF_035594125.1,Chr 3,NC_087151.1,135975at6656,39512952.0,39516837.0,+
GCF_035594125.1,Chr 22,NC_087155.1,135994at6656,14145083.0,14143556.0,-
GCF_035594125.1,Chr 28,NC_087196.1,136055at6656,4620511.0,4622491.0,+
GCF_035594125.1,Chr 13,NC_087183.1,136119at6656,7976094.0,7966631.0,-
GCF_035594125.1,Chr 9,NC_087158.1,136224at6656,27657409.0,27658960.0,+
GCF_035594125.1,Chr 14,NC_087156.1,136365at6656,24040075.0,24037139.0,-
GCF_035594125.1,Chr 15,NC_087172.1,136559at6656,687988.0,688749.0,+
GCF_035594125.1,Chr 45,NC_087191.1,136888at6656,12899056.0,12898027.0,-
GCF_035594125.1,Chr 52,NC_087192.1,137050at6656,8252595.0,8249477.0,-
GCF_035594125.1,Chr 3,NC_087151.1,137197at6656,25337629.0,25346228.0,+
GCF_035594125.1,Chr 26,NC_087167.1,137202at6656,3716387.0,3708486.0,-
GCF_035594125.1,Chr 24,NC_087175.1,137334at6656,2136886.0,2135154.0,-
GCF_035594125.1,Chr 36,NC_087181.1,137338at6656,9863988.0,9877384.0,+
GCF_035594125.1,Chr 22,NC_087155.1,137422at6656,28139945.0,28128366.0,-
GCF_035594125.1,Chr 38,NC_087176.1,137609at6656,10708296.0,10707325.0,-
GCF_035594125.1,Chr 26,NC_087167.1,137688at6656,13337384.0,13343368.0,+
GCF_035594125.1,Chr 7,NC_087157.1,137709at6656,14842630.0,14841431.0,-
GCF_035594125.1,Chr 19,NC_087166.1,137711at6656,9700834.0,9702317.0,+
GCF_035594125.1,Chr 19,NC_087166.1,138243at6656,10805508.0,10804094.0,-
GCF_035594125.1,Chr 24,NC_087175.1,138271at6656,1347069.0,1344007.0,-
GCF_035594125.1,Chr 44,NC_087185.1,138379at6656,13792711.0,13678702.0,-
GCF_035594125.1,Chr 24,NC_087175.1,138401at6656,6225368.0,6222715.0,-
GCF_035594125.1,Chr 22,NC_087155.1,138502at6656,4647859.0,4648632.0,+
GCF_035594125.1,Chr 2,NC_087153.1,138553at6656,12579863.0,12581187.0,+
GCF_035594125.1,Chr 15,NC_087172.1,138659at6656,6906228.0,6909076.0,+
GCF_035594125.1,Chr 12,NC_087161.1,138684at6656,26187702.0,26186076.0,-
GCF_035594125.1,Chr 9,NC_087158.1,138937at6656,20583207.0,20592505.0,+
GCF_035594125.1,Chr 29,NC_087180.1,139217at6656,18273227.0,18273886.0,+
GCF_035594125.1,Chr 1,NC_087152.1,139553at6656,33031534.0,33035635.0,+
GCF_035594125.1,Chr 10,NC_087179.1,139638at6656,17994089.0,17995939.0,+
GCF_035594125.1,Chr 7,NC_087157.1,139744at6656,29421273.0,29416563.0,-
GCF_035594125.1,Chr 6,NC_087154.1,139834at6656,30724156.0,30721398.0,-
GCF_035594125.1,Chr 2,NC_087153.1,140076at6656,12499161.0,12506141.0,+
GCF_035594125.1,Chr 2,NC_087153.1,140197at6656,13722821.0,13720241.0,-
GCF_035594125.1,Chr 35,NC_087184.1,140198at6656,16633241.0,16634653.0,+
GCF_035594125.1,Chr 30,NC_087164.1,140403at6656,10396433.0,10384337.0,-
GCF_035594125.1,Chr 34,NC_087188.1,140461at6656,6697887.0,6701214.0,+
GCF_035594125.1,Chr 8,NC_087170.1,140693at6656,14874784.0,14877684.0,+
GCF_035594125.1,Chr 4,NC_087160.1,140874at6656,27598996.0,27593880.0,-
GCF_035594125.1,Chr 48,NC_087194.1,140903at6656,235259.0,237430.0,+
GCF_035594125.1,Chr 40,NC_087199.1,141031at6656,1561832.0,1592647.0,+
GCF_035594125.1,Chr 35,NC_087184.1,141163at6656,16669117.0,16670874.0,+
GCF_035594125.1,Chr 26,NC_087167.1,141166at6656,9415970.0,9394608.0,-
GCF_035594125.1,Chr 39,NC_087163.1,141175at6656,2112767.0,2119618.0,+
GCF_035594125.1,Chr 20,NW_026973668.1,141298at6656,1944806.0,1943211.0,-
GCF_035594125.1,Chr 2,NC_087153.1,141804at6656,34604364.0,34602310.0,-
GCF_035594125.1,Chr 4,NC_087160.1,141859at6656,2550130.0,2548862.0,-
GCF_035594125.1,Chr 37,NC_087189.1,141916at6656,94666.0,92818.0,-
GCF_035594125.1,Chr 11,NC_087182.1,142388at6656,10982838.0,10961065.0,-
GCF_035594125.1,Chr 13,NC_087183.1,142415at6656,11538288.0,11540098.0,+
GCF_035594125.1,Chr 9,NC_087158.1,142522at6656,1823791.0,1821858.0,-
GCF_035594125.1,Chr 8,NC_087170.1,142613at6656,12609070.0,12611569.0,+
GCF_035594125.1,Chr 31,NC_087174.1,142833at6656,3973163.0,3972502.0,-
GCF_035594125.1,Chr 7,NC_087157.1,143154at6656,33078418.0,33000274.0,-
GCF_035594125.1,Chr 37,NC_087189.1,143279at6656,12388100.0,12392954.0,+
GCF_035594125.1,Chr 3,NC_087151.1,143459at6656,15880009.0,15889771.0,+
GCF_035594125.1,Chr 6,NC_087154.1,143489at6656,21384518.0,21381148.0,-
GCF_035594125.1,Chr 38,NC_087176.1,143626at6656,11063433.0,11065075.0,+
GCF_035594125.1,Chr 5,NC_087168.1,143709at6656,14588875.0,14585780.0,-
GCF_035594125.1,Chr 23,NC_087187.1,143930at6656,11267358.0,11278207.0,+
GCF_035594125.1,Chr 13,NC_087183.1,144337at6656,10468877.0,10466622.0,-
GCF_035594125.1,Chr 4,NC_087160.1,144652at6656,19579648.0,19582208.0,+
GCF_035594125.1,Chr 34,NC_087188.1,144836at6656,14279540.0,14280205.0,+
GCF_035594125.1,Chr 43,NC_087173.1,144851at6656,2136684.0,2135603.0,-
GCF_035594125.1,Chr 16,NC_087159.1,144853at6656,2437131.0,2438435.0,+
GCF_035594125.1,Chr 35,NC_087184.1,145033at6656,10947269.0,10944053.0,-
GCF_035594125.1,Chr 8,NC_087170.1,145102at6656,17048051.0,17049249.0,+
GCF_035594125.1,Chr 22,NC_087155.1,145443at6656,26640495.0,26644248.0,+
GCF_035594125.1,Chr 34,NC_087188.1,145610at6656,6333373.0,6339360.0,+
GCF_035594125.1,Chr 3,NC_087151.1,145811at6656,13673536.0,13677284.0,+
GCF_035594125.1,Chr 5,NC_087168.1,145996at6656,22975299.0,22972936.0,-
GCF_035594125.1,Chr 18,NC_087178.1,146007at6656,418023.0,416838.0,-
GCF_035594125.1,Chr 14,NC_087156.1,146087at6656,6569147.0,6563576.0,-
GCF_035594125.1,Chr 9,NC_087158.1,146102at6656,20417683.0,20411451.0,-
GCF_035594125.1,Chr 16,NC_087159.1,146103at6656,2420130.0,2422493.0,+
GCF_035594125.1,Chr 33,NC_087165.1,146383at6656,21778176.0,21777402.0,-
GCF_035594125.1,Chr 11,NC_087182.1,146600at6656,5822143.0,5824107.0,+
GCF_035594125.1,Chr 34,NC_087188.1,146920at6656,7529385.0,7528710.0,-
GCF_035594125.1,Chr 20,NW_026973668.1,147002at6656,1728916.0,1725993.0,-
GCF_035594125.1,Chr 2,NC_087153.1,147322at6656,39632736.0,39634275.0,+
GCF_035594125.1,Chr 49,NC_087195.1,147657at6656,491385.0,492793.0,+
GCF_035594125.1,Chr 10,NC_087179.1,147723at6656,13005074.0,13006984.0,+
GCF_035594125.1,Chr 56,NC_087198.1,147852at6656,7397737.0,7383352.0,-
GCF_035594125.1,Chr 27,NC_087186.1,147891at6656,10759167.0,10756652.0,-
GCF_035594125.1,Chr 3,NC_087151.1,147980at6656,41292484.0,41294218.0,+
GCF_035594125.1,Chr 26,NC_087167.1,148134at6656,10436566.0,10439785.0,+
GCF_035594125.1,Chr 33,NC_087165.1,148619at6656,20053983.0,20054998.0,+
GCF_035594125.1,Chr 25,NC_087193.1,148713at6656,7562219.0,7476737.0,-
GCF_035594125.1,Chr 27,NC_087186.1,148851at6656,8795204.0,8798441.0,+
GCF_035594125.1,Chr 49,NC_087195.1,148890at6656,232535.0,234062.0,+
GCF_035594125.1,Chr 27,NC_087186.1,149101at6656,6380115.0,6386588.0,+
GCF_035594125.1,Chr 21,NC_087171.1,149126at6656,3435718.0,3382462.0,-
GCF_035594125.1,Chr 42,NC_087197.1,149251at6656,2250671.0,2247606.0,-
GCF_035594125.1,Chr 19,NC_087166.1,149405at6656,510265.0,516118.0,+
GCF_035594125.1,Chr 5,NC_087168.1,149680at6656,17846156.0,17849370.0,+
GCF_035594125.1,Chr 27,NC_087186.1,149753at6656,7873450.0,7874690.0,+
GCF_035594125.1,Chr 14,NC_087156.1,149796at6656,26336585.0,26337781.0,+
GCF_035594125.1,Chr 21,NC_087171.1,149819at6656,10564994.0,10567080.0,+
GCF_035594125.1,Chr 39,NC_087163.1,149977at6656,26197403.0,26199970.0,+
GCF_035594125.1,Chr 10,NC_087179.1,150005at6656,14563365.0,14565197.0,+
GCF_035594125.1,Chr 32,NC_087190.1,150049at6656,10250586.0,10262586.0,+
GCF_035594125.1,Chr 41,NW_026973666.1,150137at6656,2837878.0,2834871.0,-
GCF_035594125.1,Chr 22,NC_087155.1,150182at6656,16040483.0,16036724.0,-
GCF_035594125.1,Chr 3,NC_087151.1,150251at6656,14516827.0,14524145.0,+
GCF_035594125.1,Chr 1,NC_087152.1,150327at6656,30904857.0,30902013.0,-
GCF_035594125.1,Chr 42,NC_087197.1,150479at6656,1633151.0,1632066.0,-
GCF_035594125.1,Chr 28,NC_087196.1,150583at6656,6042465.0,6044133.0,+
GCF_035594125.1,Chr 46,NC_087177.1,150585at6656,9184642.0,9188472.0,+
GCF_035594125.1,Chr 23,NC_087187.1,150667at6656,1315145.0,1317028.0,+
GCF_035594125.1,Chr 4,NC_087160.1,150765at6656,6107767.0,6114424.0,+
GCF_035594125.1,Chr 13,NC_087183.1,151102at6656,16781708.0,16810462.0,+
GCF_035594125.1,Chr 43,NC_087173.1,151111at6656,17171016.0,17170525.0,-
GCF_035594125.1,Chr 21,NC_087171.1,151114at6656,20244498.0,20245850.0,+
GCF_035594125.1,Chr 19,NC_087166.1,151393at6656,23760626.0,23759070.0,-
GCF_035594125.1,Chr 46,NC_087177.1,151436at6656,9213781.0,9223004.0,+
GCF_035594125.1,Chr 42,NC_087197.1,151642at6656,1067822.0,1069202.0,+
GCF_035594125.1,Chr 1,NC_087152.1,152032at6656,11128763.0,11125129.0,-
GCF_035594125.1,Chr 49,NC_087195.1,152109at6656,9729465.0,9701080.0,-
GCF_035594125.1,Chr 19,NC_087166.1,152402at6656,742764.0,751901.0,+
GCF_035594125.1,Chr 24,NC_087175.1,152534at6656,1788673.0,1789639.0,+
GCF_035594125.1,Chr 34,NC_087188.1,152871at6656,7676990.0,7677691.0,+
GCF_035594125.1,Chr 14,NC_087156.1,153155at6656,33911114.0,33917721.0,+
GCF_035594125.1,Chr 30,NC_087164.1,153232at6656,25250154.0,25253914.0,+
GCF_035594125.1,Chr 24,NC_087175.1,153312at6656,2101439.0,2099852.0,-
GCF_035594125.1,Chr 25,NC_087193.1,153534at6656,6402957.0,6404752.0,+
GCF_035594125.1,Chr 17,NC_087162.1,153693at6656,13866378.0,13859641.0,-
GCF_035594125.1,Chr 24,NC_087175.1,153873at6656,1766345.0,1763317.0,-
GCF_035594125.1,Chr 4,NC_087160.1,154133at6656,15145393.0,15147978.0,+
GCF_035594125.1,Chr 1,NC_087152.1,154415at6656,13449176.0,13452753.0,+
GCF_035594125.1,Chr 5,NC_087168.1,154507at6656,3006047.0,3011473.0,+
GCF_035594125.1,Chr 16,NC_087159.1,155285at6656,480523.0,482697.0,+
GCF_035594125.1,Chr 11,NC_087182.1,156057at6656,17414152.0,17416864.0,+
GCF_035594125.1,Chr 4,NC_087160.1,156081at6656,3084674.0,3086896.0,+
GCF_035594125.1,Chr 6,NC_087154.1,156111at6656,7980475.0,7972155.0,-
GCF_035594125.1,Chr 28,NC_087196.1,156305at6656,5330385.0,5332512.0,+
GCF_035594125.1,Chr 11,NC_087182.1,156395at6656,7983539.0,7987097.0,+
GCF_035594125.1,Chr 30,NC_087164.1,156728at6656,1223670.0,1259882.0,+
GCF_035594125.1,Chr 51,NW_026973669.1,156824at6656,2208744.0,2203838.0,-
GCF_035594125.1,Chr 41,NW_026973666.1,156882at6656,3361843.0,3358749.0,-
GCF_035594125.1,Chr 4,NC_087160.1,156975at6656,19554037.0,19554641.0,+
GCF_035594125.1,Chr 20,NW_026973668.1,157486at6656,541813.0,543553.0,+
GCF_035594125.1,Chr 51,NW_026973669.1,157579at6656,3203003.0,3203857.0,+
GCF_035594125.1,Chr 33,NC_087165.1,157851at6656,22328703.0,22329425.0,+
GCF_035594125.1,Chr 1,NC_087152.1,157879at6656,14193224.0,14198095.0,+
GCF_035594125.1,Chr 2,NC_087153.1,158194at6656,12563777.0,12563242.0,-
GCF_035594125.1,Chr 30,NC_087164.1,158760at6656,11335295.0,11330962.0,-
GCF_035594125.1,Chr 50,NC_087169.1,159231at6656,15311148.0,15310621.0,-
GCF_035594125.1,Chr 35,NC_087184.1,159420at6656,15706787.0,15703845.0,-
GCF_035594125.1,Chr 21,NC_087171.1,159542at6656,10537297.0,10539634.0,+
GCF_035594125.1,Chr 9,NC_087158.1,160675at6656,27576231.0,27580218.0,+
GCF_035594125.1,Chr 32,NC_087190.1,160705at6656,10527934.0,10518533.0,-
GCF_035594125.1,Chr 29,NC_087180.1,161435at6656,3585728.0,3577306.0,-
GCF_035594125.1,Chr 20,NW_026973668.1,162059at6656,2707501.0,2705121.0,-
GCF_035594125.1,Chr 45,NC_087191.1,162147at6656,13456217.0,13455468.0,-
GCF_035594125.1,Chr 15,NC_087172.1,162594at6656,795741.0,797050.0,+
GCF_035594125.1,Chr 37,NC_087189.1,162628at6656,14541996.0,14538070.0,-
GCF_035594125.1,Chr 25,NC_087193.1,163670at6656,6590423.0,6586030.0,-
GCF_035594125.1,Chr 52,NC_087192.1,163896at6656,1694092.0,1693520.0,-
GCF_035594125.1,Chr 51,NW_026973669.1,164354at6656,2081251.0,2079585.0,-
GCF_035594125.1,Chr 25,NC_087193.1,164512at6656,10621965.0,10622444.0,+
GCF_035594125.1,Chr 32,NC_087190.1,165142at6656,12228323.0,12230926.0,+
GCF_035594125.1,Chr 48,NC_087194.1,165207at6656,2819671.0,2821016.0,+
GCF_035594125.1,Chr 7,NC_087157.1,165493at6656,26550413.0,26546417.0,-
GCF_035594125.1,Chr 41,NW_026973666.1,166476at6656,2383636.0,2385518.0,+
GCF_035594125.1,Chr 50,NC_087169.1,166479at6656,13859595.0,13858003.0,-
GCF_035594125.1,Chr 8,NC_087170.1,166485at6656,11034906.0,11034393.0,-
GCF_035594125.1,Chr 6,NC_087154.1,169220at6656,30707104.0,30714542.0,+
GCF_036320965.1,Chr 7,NC_092234.1,774at6656,7449737.0,7352703.0,-
GCF_036320965.1,Chr 6,NC_092271.1,980at6656,26285219.0,26216225.0,-
GCF_036320965.1,Chr 15,NC_092280.1,997at6656,21317328.0,21339945.0,+
GCF_036320965.1,Chr 7,NC_092234.1,1166at6656,59406659.0,59710259.0,+
GCF_036320965.1,Chr 22,NC_092228.1,1885at6656,41156618.0,41247909.0,+
GCF_036320965.1,Chr 7,NC_092234.1,1990at6656,33999938.0,34533041.0,+
GCF_036320965.1,Chr 15,NC_092280.1,2148at6656,5462006.0,5417274.0,-
GCF_036320965.1,Chr 29,NC_092256.1,2456at6656,21803794.0,21770384.0,-
GCF_036320965.1,Chr 51,NC_092257.1,2473at6656,11246040.0,11309289.0,+
GCF_036320965.1,Chr 29,NC_092256.1,3310at6656,24137175.0,24079003.0,-
GCF_036320965.1,Chr 1,NC_092225.1,3585at6656,21114371.0,21482441.0,+
GCF_036320965.1,Chr 7,NC_092234.1,3644at6656,909075.0,1058046.0,+
GCF_036320965.1,Chr 20,NC_092227.1,4136at6656,5987303.0,5878539.0,-
GCF_036320965.1,Chr 19,NC_092242.1,4227at6656,60801592.0,60596143.0,-
GCF_036320965.1,Chr 18,NC_092273.1,4864at6656,10676093.0,10570355.0,-
GCF_036320965.1,Chr 57,NC_092295.1,5277at6656,3452123.0,3437967.0,-
GCF_036320965.1,Chr 31,NC_092288.1,5616at6656,299829.0,362626.0,+
GCF_036320965.1,Chr 47,NC_092286.1,6453at6656,1658843.0,2050840.0,+
GCF_036320965.1,Chr 18,NC_092273.1,6563at6656,5136610.0,5093510.0,-
GCF_036320965.1,Chr 24,NC_092244.1,6715at6656,5579435.0,5552638.0,-
GCF_036320965.1,Chr 33,NC_092278.1,6820at6656,23988528.0,24048405.0,+
GCF_036320965.1,Chr 25,NC_092269.1,7210at6656,39785652.0,39705992.0,-
GCF_036320965.1,Chr 58,NC_092251.1,8145at6656,16339557.0,16541089.0,+
GCF_036320965.1,Chr 3,NC_092240.1,8495at6656,7151328.0,7155131.0,+
GCF_036320965.1,Chr 33,NC_092278.1,8847at6656,22519491.0,22536465.0,+
GCF_036320965.1,Chr 16,NC_092266.1,8913at6656,24782529.0,24732693.0,-
GCF_036320965.1,Chr 55,NC_092265.1,9647at6656,1340887.0,1332144.0,-
GCF_036320965.1,Chr 37,NC_092241.1,9648at6656,46471559.0,46661801.0,+
GCF_036320965.1,Chr 34,NC_092250.1,10573at6656,20502096.0,20618180.0,+
GCF_036320965.1,Chr 59,NC_092268.1,11384at6656,5977836.0,5931982.0,-
GCF_036320965.1,Chr 6,NC_092271.1,12029at6656,29234345.0,29085590.0,-
GCF_036320965.1,Chr 17,NC_092232.1,12174at6656,31471265.0,32182687.0,+
GCF_036320965.1,Chr 41,NC_092239.1,12383at6656,3193341.0,3188512.0,-
GCF_036320965.1,Chr 55,NC_092265.1,12771at6656,38258.0,41173.0,+
GCF_036320965.1,Chr 10,NC_092291.1,13019at6656,18028404.0,18083065.0,+
GCF_036320965.1,Chr 34,NC_092250.1,13051at6656,1649842.0,1592502.0,-
GCF_036320965.1,Chr 29,NC_092256.1,13736at6656,22922687.0,22898023.0,-
GCF_036320965.1,Chr 36,NC_092274.1,13833at6656,6332677.0,6330206.0,-
GCF_036320965.1,Chr 46,NC_092289.1,13858at6656,23791824.0,23789173.0,-
GCF_036320965.1,Chr 20,NC_092227.1,13934at6656,66090967.0,65956297.0,-
GCF_036320965.1,Chr 27,NC_092262.1,14090at6656,11606412.0,11586055.0,-
GCF_036320965.1,Chr 35,NC_092287.1,14257at6656,23519524.0,23487995.0,-
GCF_036320965.1,Chr 61,NC_092258.1,14447at6656,11936891.0,11976566.0,+
GCF_036320965.1,Chr 11,NC_092224.1,15200at6656,15731521.0,15602872.0,-
GCF_036320965.1,Chr 45,NC_092252.1,15697at6656,8768076.0,8722958.0,-
GCF_036320965.1,Chr 26,NC_092226.1,15905at6656,62771050.0,62485365.0,-
GCF_036320965.1,Chr 12,NC_092270.1,16061at6656,8646564.0,8626113.0,-
GCF_036320965.1,Chr 21,NC_092261.1,16084at6656,6882549.0,6915267.0,+
GCF_036320965.1,Chr 6,NC_092271.1,16220at6656,29261928.0,29245963.0,-
GCF_036320965.1,Chr 39,NC_092236.1,16630at6656,11576674.0,11603028.0,+
GCF_036320965.1,Chr 38,NC_092229.1,16648at6656,32789053.0,32505951.0,-
GCF_036320965.1,Chr 27,NC_092262.1,17096at6656,12916407.0,12935717.0,+
GCF_036320965.1,Chr 33,NC_092278.1,17122at6656,23865378.0,23909091.0,+
GCF_036320965.1,Chr 41,NC_092239.1,17128at6656,4663689.0,4623537.0,-
GCF_036320965.1,Chr 4,NC_092243.1,17748at6656,60084254.0,60241043.0,+
GCF_036320965.1,Chr 24,NC_092244.1,18036at6656,17195044.0,17225625.0,+
GCF_036320965.1,Chr 34,NC_092250.1,18055at6656,19489528.0,19424766.0,-
GCF_036320965.1,Chr 50,NC_092281.1,18073at6656,23359542.0,23338341.0,-
GCF_036320965.1,Chr 46,NC_092289.1,18630at6656,22405149.0,22459638.0,+
GCF_036320965.1,Chr 12,NC_092270.1,18929at6656,4074799.0,4084889.0,+
GCF_036320965.1,Chr 11,NC_092224.1,19044at6656,76005016.0,76085418.0,+
GCF_036320965.1,Chr 25,NC_092269.1,19058at6656,3248129.0,3243389.0,-
GCF_036320965.1,Chr 62,NC_092247.1,19104at6656,10208559.0,10201248.0,-
GCF_036320965.1,Chr 28,NC_092233.1,19129at6656,15810880.0,15611992.0,-
GCF_036320965.1,Chr 1,NC_092225.1,19208at6656,20047808.0,20055425.0,+
GCF_036320965.1,Chr 18,NC_092273.1,19289at6656,7071847.0,7103409.0,+
GCF_036320965.1,Chr 53,NC_092267.1,19590at6656,6627765.0,6756668.0,+
GCF_036320965.1,Chr 19,NC_092242.1,19760at6656,14874403.0,14803432.0,-
GCF_036320965.1,Chr 5,NC_092254.1,20093at6656,3547434.0,3583716.0,+
GCF_036320965.1,Chr 29,NC_092256.1,20162at6656,23165472.0,23278780.0,+
GCF_036320965.1,Chr 2,NC_092230.1,20267at6656,44118361.0,44087901.0,-
GCF_036320965.1,Chr 56,NC_092282.1,20935at6656,2442343.0,2411712.0,-
GCF_036320965.1,Chr 20,NC_092227.1,20936at6656,75091606.0,74963118.0,-
GCF_036320965.1,Chr 1,NC_092225.1,21019at6656,28044842.0,28015057.0,-
GCF_036320965.1,Chr 2,NC_092230.1,21361at6656,47285732.0,47222993.0,-
GCF_036320965.1,Chr 44,NC_092285.1,21367at6656,1530596.0,1586369.0,+
GCF_036320965.1,Chr 2,NC_092230.1,21385at6656,35707540.0,35568203.0,-
GCF_036320965.1,Chr 19,NC_092242.1,22098at6656,2652853.0,2671763.0,+
GCF_036320965.1,Chr 23,NC_092260.1,22148at6656,4891463.0,4664206.0,-
GCF_036320965.1,Chr 6,NC_092271.1,22358at6656,21505634.0,21525993.0,+
GCF_036320965.1,Chr 23,NC_092260.1,22364at6656,8584717.0,8410636.0,-
GCF_036320965.1,Chr 39,NC_092236.1,22468at6656,5353534.0,5310504.0,-
GCF_036320965.1,Chr 17,NC_092232.1,22611at6656,50620993.0,50593665.0,-
GCF_036320965.1,Chr 47,NC_092286.1,22887at6656,4341308.0,4279307.0,-
GCF_036320965.1,Chr 2,NC_092230.1,23309at6656,51485905.0,51395167.0,-
GCF_036320965.1,Chr 61,NC_092258.1,23388at6656,2290295.0,2276267.0,-
GCF_036320965.1,Chr 66,NC_092264.1,23429at6656,14211529.0,14160619.0,-
GCF_036320965.1,Chr 63,NC_092248.1,23917at6656,3625404.0,3658614.0,+
GCF_036320965.1,Chr 8,NC_092255.1,24255at6656,12062078.0,12411860.0,+
GCF_036320965.1,Chr 22,NC_092228.1,24427at6656,42474122.0,42455591.0,-
GCF_036320965.1,Chr 15,NC_092280.1,24459at6656,1535788.0,1571619.0,+
GCF_036320965.1,Chr 38,NC_092229.1,25554at6656,42921772.0,43011996.0,+
GCF_036320965.1,Chr 20,NC_092227.1,25680at6656,2712344.0,2691338.0,-
GCF_036320965.1,Chr 4,NC_092243.1,26078at6656,74183959.0,74242993.0,+
GCF_036320965.1,Chr 5,NC_092254.1,26653at6656,5052193.0,5054034.0,+
GCF_036320965.1,Chr 1,NC_092225.1,26734at6656,69003824.0,68970141.0,-
GCF_036320965.1,Chr 13,NC_092235.1,27198at6656,67835556.0,67802620.0,-
GCF_036320965.1,Chr 11,NC_092224.1,27515at6656,75348199.0,75267247.0,-
GCF_036320965.1,Chr 48,NC_092253.1,27617at6656,8181819.0,8170964.0,-
GCF_036320965.1,Chr 49,NC_092259.1,27655at6656,1415249.0,1647991.0,+
GCF_036320965.1,Chr 22,NC_092228.1,28325at6656,9054948.0,8950440.0,-
GCF_036320965.1,Chr 18,NC_092273.1,28380at6656,14660683.0,14544819.0,-
GCF_036320965.1,Chr 13,NC_092235.1,28519at6656,56823258.0,56851067.0,+
GCF_036320965.1,Chr 38,NC_092229.1,28685at6656,5393509.0,5380183.0,-
GCF_036320965.1,Chr 33,NC_092278.1,28872at6656,27084287.0,26970542.0,-
GCF_036320965.1,Chr 50,NC_092281.1,29213at6656,10899909.0,10932681.0,+
GCF_036320965.1,Chr 16,NC_092266.1,29237at6656,16806079.0,16759354.0,-
GCF_036320965.1,Chr 47,NC_092286.1,29365at6656,8637973.0,8622259.0,-
GCF_036320965.1,Chr 7,NC_092234.1,29744at6656,3123863.0,3054303.0,-
GCF_036320965.1,Chr 35,NC_092287.1,30156at6656,5471997.0,5504673.0,+
GCF_036320965.1,Chr 13,NC_092235.1,30184at6656,63925898.0,63874425.0,-
GCF_036320965.1,Chr 24,NC_092244.1,30267at6656,6930618.0,6914081.0,-
GCF_036320965.1,Chr 11,NC_092224.1,30463at6656,71343759.0,71266663.0,-
GCF_036320965.1,Chr 10,NC_092291.1,30512at6656,13820713.0,13805046.0,-
GCF_036320965.1,Chr 37,NC_092241.1,30526at6656,9017037.0,9060575.0,+
GCF_036320965.1,Chr 6,NC_092271.1,30642at6656,28038543.0,28050971.0,+
GCF_036320965.1,Chr 17,NC_092232.1,30822at6656,35373516.0,35454002.0,+
GCF_036320965.1,Chr 9,NC_092237.1,30918at6656,1693527.0,1597677.0,-
GCF_036320965.1,Chr 13,NC_092235.1,31014at6656,70472808.0,70469344.0,-
GCF_036320965.1,Chr 7,NC_092234.1,31119at6656,48735739.0,48714867.0,-
GCF_036320965.1,Chr 14,NC_092238.1,31196at6656,25259807.0,25308752.0,+
GCF_036320965.1,Chr 3,NC_092240.1,31333at6656,4228568.0,4203564.0,-
GCF_036320965.1,Chr 53,NC_092267.1,31480at6656,8002782.0,7962511.0,-
GCF_036320965.1,Chr 4,NC_092243.1,31615at6656,74944716.0,74865323.0,-
GCF_036320965.1,Chr 10,NC_092291.1,31634at6656,19082701.0,19104707.0,+
GCF_036320965.1,Chr 38,NC_092229.1,31820at6656,2228425.0,2219448.0,-
GCF_036320965.1,Chr 18,NC_092273.1,31886at6656,8417032.0,8425860.0,+
GCF_036320965.1,Chr 63,NC_092248.1,31919at6656,13237792.0,13345117.0,+
GCF_036320965.1,Chr 63,NC_092248.1,32851at6656,8547758.0,8518958.0,-
GCF_036320965.1,Chr 11,NC_092224.1,33187at6656,54535369.0,54513956.0,-
GCF_036320965.1,Chr 54,NC_092231.1,33566at6656,21042316.0,21176647.0,+
GCF_036320965.1,Chr 11,NC_092224.1,33794at6656,66553906.0,66463964.0,-
GCF_036320965.1,Chr 18,NC_092273.1,34586at6656,1349270.0,1212210.0,-
GCF_036320965.1,Chr 5,NC_092254.1,34917at6656,3137485.0,3162376.0,+
GCF_036320965.1,Chr 39,NC_092236.1,35548at6656,61752262.0,61699789.0,-
GCF_036320965.1,Chr 62,NC_092247.1,35680at6656,3147020.0,3179601.0,+
GCF_036320965.1,Chr 40,NC_092246.1,35995at6656,22063884.0,22051274.0,-
GCF_036320965.1,Chr 42,NC_092284.1,36374at6656,4660853.0,4651067.0,-
GCF_036320965.1,Chr 10,NC_092291.1,36387at6656,10470520.0,10487643.0,+
GCF_036320965.1,Chr 52,NC_092290.1,36403at6656,10796898.0,10769627.0,-
GCF_036320965.1,Chr 9,NC_092237.1,36463at6656,59030870.0,59045117.0,+
GCF_036320965.1,Chr 13,NC_092235.1,37030at6656,22697943.0,22680837.0,-
GCF_036320965.1,Chr 23,NC_092260.1,37297at6656,27740624.0,27768531.0,+
GCF_036320965.1,Chr 9,NC_092237.1,37387at6656,60213406.0,60129262.0,-
GCF_036320965.1,Chr 33,NC_092278.1,37678at6656,37296973.0,37314515.0,+
GCF_036320965.1,Chr 56,NC_092282.1,38140at6656,4290772.0,4314029.0,+
GCF_036320965.1,Chr 26,NC_092226.1,38303at6656,19504139.0,19533277.0,+
GCF_036320965.1,Chr 53,NC_092267.1,38391at6656,16766372.0,16843494.0,+
GCF_036320965.1,Chr 12,NC_092270.1,38567at6656,1070430.0,1090261.0,+
GCF_036320965.1,Chr 1,NC_092225.1,38819at6656,30731900.0,30706636.0,-
GCF_036320965.1,Chr 24,NC_092244.1,38928at6656,11161701.0,11175411.0,+
GCF_036320965.1,Chr 47,NC_092286.1,39506at6656,326083.0,442885.0,+
GCF_036320965.1,Chr 4,NC_092243.1,39548at6656,74139521.0,74085342.0,-
GCF_036320965.1,Chr 35,NC_092287.1,39783at6656,484214.0,539127.0,+
GCF_036320965.1,Chr 55,NC_092265.1,39809at6656,18788194.0,18959916.0,+
GCF_036320965.1,Chr 1,NC_092225.1,39821at6656,26474799.0,26392913.0,-
GCF_036320965.1,Chr 2,NC_092230.1,40065at6656,44420628.0,44397964.0,-
GCF_036320965.1,Chr 10,NC_092291.1,40092at6656,15530253.0,15544544.0,+
GCF_036320965.1,Chr 53,NC_092267.1,40213at6656,8826336.0,8845215.0,+
GCF_036320965.1,Chr 27,NC_092262.1,40240at6656,4150161.0,4162123.0,+
GCF_036320965.1,Chr 20,NC_092227.1,40319at6656,72359257.0,72309962.0,-
GCF_036320965.1,Chr 46,NC_092289.1,40323at6656,16141424.0,16189683.0,+
GCF_036320965.1,Chr 11,NC_092224.1,40399at6656,91521476.0,91633308.0,+
GCF_036320965.1,Chr 69,NC_092272.1,40691at6656,2181448.0,2134161.0,-
GCF_036320965.1,Chr 32,NC_092279.1,40929at6656,21312369.0,21290825.0,-
GCF_036320965.1,Chr 43,NC_092296.1,41522at6656,609470.0,583325.0,-
GCF_036320965.1,Chr 10,NC_092291.1,42577at6656,10335139.0,10353916.0,+
GCF_036320965.1,Chr 2,NC_092230.1,42622at6656,46631932.0,46650219.0,+
GCF_036320965.1,Chr 57,NC_092295.1,42819at6656,2262310.0,2247802.0,-
GCF_036320965.1,Chr 3,NC_092240.1,42842at6656,2190783.0,2174907.0,-
GCF_036320965.1,Chr 8,NC_092255.1,42943at6656,26135296.0,26154864.0,+
GCF_036320965.1,Chr 38,NC_092229.1,42992at6656,2124091.0,2185501.0,+
GCF_036320965.1,Chr 36,NC_092274.1,43045at6656,4856.0,24536.0,+
GCF_036320965.1,Chr 34,NC_092250.1,43236at6656,19275078.0,19209975.0,-
GCF_036320965.1,Chr 32,NC_092279.1,43245at6656,2055442.0,2022233.0,-
GCF_036320965.1,Chr 58,NC_092251.1,43540at6656,6521889.0,6539444.0,+
GCF_036320965.1,Chr 31,NC_092288.1,43728at6656,13091260.0,13182688.0,+
GCF_036320965.1,Chr 6,NC_092271.1,43774at6656,26545207.0,26550727.0,+
GCF_036320965.1,Chr 30,NC_092263.1,44001at6656,12832437.0,12829516.0,-
GCF_036320965.1,Chr 21,NC_092261.1,44123at6656,11309149.0,11316977.0,+
GCF_036320965.1,Chr 2,NC_092230.1,44359at6656,50841517.0,51040220.0,+
GCF_036320965.1,Chr 46,NC_092289.1,44389at6656,17730929.0,17770818.0,+
GCF_036320965.1,Chr 16,NC_092266.1,44504at6656,28901166.0,28890744.0,-
GCF_036320965.1,Chr 18,NC_092273.1,44630at6656,8379354.0,8390996.0,+
GCF_036320965.1,Chr 28,NC_092233.1,44694at6656,55204852.0,55181196.0,-
GCF_036320965.1,Chr 6,NC_092271.1,44953at6656,23773038.0,23754120.0,-
GCF_036320965.1,Chr 8,NC_092255.1,45131at6656,4112631.0,4148310.0,+
GCF_036320965.1,Chr 12,NC_092270.1,45367at6656,5922623.0,5906325.0,-
GCF_036320965.1,Chr 10,NC_092291.1,45528at6656,10256929.0,10236467.0,-
GCF_036320965.1,Chr 25,NC_092269.1,45556at6656,3199344.0,3191078.0,-
GCF_036320965.1,Chr 3,NC_092240.1,45732at6656,52575500.0,52591115.0,+
GCF_036320965.1,Chr 59,NC_092268.1,45915at6656,5473907.0,5468511.0,-
GCF_036320965.1,Chr 58,NC_092251.1,46430at6656,6084788.0,6111393.0,+
GCF_036320965.1,Chr 26,NC_092226.1,46437at6656,1087493.0,946835.0,-
GCF_036320965.1,Chr 8,NC_092255.1,46671at6656,16688986.0,16672451.0,-
GCF_036320965.1,Chr 21,NC_092261.1,46679at6656,6555500.0,6493135.0,-
GCF_036320965.1,Chr 27,NC_092262.1,46692at6656,11872653.0,11844764.0,-
GCF_036320965.1,Chr 15,NC_092280.1,46750at6656,17590969.0,17503113.0,-
GCF_036320965.1,Chr 20,NC_092227.1,46960at6656,38923960.0,38834065.0,-
GCF_036320965.1,Chr 69,NC_092272.1,47270at6656,10150030.0,10221819.0,+
GCF_036320965.1,Chr 52,NC_092290.1,47443at6656,10596318.0,10624598.0,+
GCF_036320965.1,Chr 4,NC_092243.1,47495at6656,10978375.0,10941173.0,-
GCF_036320965.1,Chr 28,NC_092233.1,47967at6656,9000670.0,9064046.0,+
GCF_036320965.1,Chr 5,NC_092254.1,48195at6656,1153018.0,1137873.0,-
GCF_036320965.1,Chr 2,NC_092230.1,48466at6656,41143418.0,41074601.0,-
GCF_036320965.1,Chr 35,NC_092287.1,48519at6656,28272255.0,28164628.0,-
GCF_036320965.1,Chr 4,NC_092243.1,48657at6656,6652223.0,6622482.0,-
GCF_036320965.1,Chr 57,NC_092295.1,48836at6656,7591114.0,7576326.0,-
GCF_036320965.1,Chr 26,NC_092226.1,49070at6656,73652783.0,73669113.0,+
GCF_036320965.1,Chr 25,NC_092269.1,49936at6656,27351011.0,27428827.0,+
GCF_036320965.1,Chr 10,NC_092291.1,50493at6656,17895107.0,17897242.0,+
GCF_036320965.1,Chr 55,NC_092265.1,50740at6656,26132738.0,26211240.0,+
GCF_036320965.1,Chr 40,NC_092246.1,50792at6656,23625912.0,23657157.0,+
GCF_036320965.1,Chr 37,NC_092241.1,50947at6656,6811738.0,6805743.0,-
GCF_036320965.1,Chr 56,NC_092282.1,51037at6656,1746563.0,1758377.0,+
GCF_036320965.1,Chr 6,NC_092271.1,51280at6656,24587490.0,24585459.0,-
GCF_036320965.1,Chr 4,NC_092243.1,51364at6656,10389122.0,10363502.0,-
GCF_036320965.1,Chr 7,NC_092234.1,52210at6656,48658107.0,48645220.0,-
GCF_036320965.1,Chr 6,NC_092271.1,52224at6656,28972040.0,28950180.0,-
GCF_036320965.1,Chr 7,NC_092234.1,52320at6656,7330766.0,7322080.0,-
GCF_036320965.1,Chr 25,NC_092269.1,52422at6656,30707229.0,30740510.0,+
GCF_036320965.1,Chr 17,NC_092232.1,52643at6656,34541739.0,34708599.0,+
GCF_036320965.1,Chr 9,NC_092237.1,52828at6656,7957012.0,7963491.0,+
GCF_036320965.1,Chr 61,NC_092258.1,53201at6656,10705706.0,10666831.0,-
GCF_036320965.1,Chr 4,NC_092243.1,53243at6656,46973315.0,46922836.0,-
GCF_036320965.1,Chr 7,NC_092234.1,53298at6656,1429767.0,1535677.0,+
GCF_036320965.1,Chr 48,NC_092253.1,53318at6656,4417343.0,4424386.0,+
GCF_036320965.1,Chr 1,NC_092225.1,53993at6656,69144743.0,69145858.0,+
GCF_036320965.1,Chr 26,NC_092226.1,54236at6656,13131387.0,13152674.0,+
GCF_036320965.1,Chr 9,NC_092237.1,54527at6656,6611574.0,6602150.0,-
GCF_036320965.1,Chr 15,NC_092280.1,54679at6656,30925150.0,30986156.0,+
GCF_036320965.1,Chr 54,NC_092231.1,55036at6656,20713105.0,20838821.0,+
GCF_036320965.1,Chr 33,NC_092278.1,55108at6656,24980682.0,25008438.0,+
GCF_036320965.1,Chr 54,NC_092231.1,55260at6656,2965070.0,2939124.0,-
GCF_036320965.1,Chr 8,NC_092255.1,55417at6656,15945248.0,15866620.0,-
GCF_036320965.1,Chr 4,NC_092243.1,55450at6656,74399917.0,74414392.0,+
GCF_036320965.1,Chr 66,NC_092264.1,55599at6656,21704991.0,21788081.0,+
GCF_036320965.1,Chr 23,NC_092260.1,55847at6656,25740153.0,25763967.0,+
GCF_036320965.1,Chr 3,NC_092240.1,55932at6656,7190463.0,7166341.0,-
GCF_036320965.1,Chr 4,NC_092243.1,56010at6656,10317259.0,10344944.0,+
GCF_036320965.1,Chr 7,NC_092234.1,56449at6656,7119876.0,7056309.0,-
GCF_036320965.1,Chr 33,NC_092278.1,56523at6656,39934837.0,39824006.0,-
GCF_036320965.1,Chr 57,NC_092295.1,56687at6656,8119152.0,8095509.0,-
GCF_036320965.1,Chr 39,NC_092236.1,56836at6656,52365493.0,52383626.0,+
GCF_036320965.1,Chr 15,NC_092280.1,57262at6656,26221328.0,26217194.0,-
GCF_036320965.1,Chr 19,NC_092242.1,57605at6656,50772562.0,50856321.0,+
GCF_036320965.1,Chr 68,NC_092275.1,57624at6656,15295196.0,15272340.0,-
GCF_036320965.1,Chr 4,NC_092243.1,57932at6656,59872722.0,59870995.0,-
GCF_036320965.1,Chr 43,NC_092296.1,58012at6656,10264198.0,10274593.0,+
GCF_036320965.1,Chr 14,NC_092238.1,58027at6656,3860678.0,3836154.0,-
GCF_036320965.1,Chr 8,NC_092255.1,58110at6656,14199440.0,14255603.0,+
GCF_036320965.1,Chr 28,NC_092233.1,58119at6656,106345.0,331564.0,+
GCF_036320965.1,Chr 40,NC_092246.1,58276at6656,2798011.0,2787754.0,-
GCF_036320965.1,Chr 28,NC_092233.1,59084at6656,63085343.0,63063199.0,-
GCF_036320965.1,Chr 19,NC_092242.1,59193at6656,54790611.0,54756154.0,-
GCF_036320965.1,Chr 48,NC_092253.1,59200at6656,21664130.0,21690474.0,+
GCF_036320965.1,Chr 2,NC_092230.1,59226at6656,4548654.0,4587605.0,+
GCF_036320965.1,Chr 7,NC_092234.1,59393at6656,6816199.0,6801751.0,-
GCF_036320965.1,Chr 4,NC_092243.1,59430at6656,66553843.0,66500243.0,-
GCF_036320965.1,Chr 10,NC_092291.1,59681at6656,9452392.0,9476697.0,+
GCF_036320965.1,Chr 25,NC_092269.1,59824at6656,909890.0,898095.0,-
GCF_036320965.1,Chr 30,NC_092263.1,59833at6656,3247487.0,3244532.0,-
GCF_036320965.1,Chr 38,NC_092229.1,60067at6656,16873480.0,16920284.0,+
GCF_036320965.1,Chr 21,NC_092261.1,60333at6656,2433665.0,2416341.0,-
GCF_036320965.1,Chr 49,NC_092259.1,60356at6656,9237372.0,9205767.0,-
GCF_036320965.1,Chr 37,NC_092241.1,60468at6656,58148806.0,58215873.0,+
GCF_036320965.1,Chr 22,NC_092228.1,60682at6656,11671902.0,11661098.0,-
GCF_036320965.1,Chr 47,NC_092286.1,60729at6656,4364665.0,4351617.0,-
GCF_036320965.1,Chr 13,NC_092235.1,60750at6656,68577757.0,68464460.0,-
GCF_036320965.1,Chr 19,NC_092242.1,60762at6656,308485.0,229272.0,-
GCF_036320965.1,Chr 10,NC_092291.1,61081at6656,14906602.0,14910791.0,+
GCF_036320965.1,Chr 56,NC_092282.1,61096at6656,4058019.0,4064729.0,+
GCF_036320965.1,Chr 17,NC_092232.1,61153at6656,12909744.0,12889256.0,-
GCF_036320965.1,Chr 35,NC_092287.1,61180at6656,22525309.0,22566901.0,+
GCF_036320965.1,Chr 11,NC_092224.1,61261at6656,23805145.0,23748867.0,-
GCF_036320965.1,Chr 3,NC_092240.1,61577at6656,49359298.0,49346036.0,-
GCF_036320965.1,Chr 3,NC_092240.1,61612at6656,47783038.0,47826611.0,+
GCF_036320965.1,Chr 3,NC_092240.1,62275at6656,6991970.0,7027630.0,+
GCF_036320965.1,Chr 5,NC_092254.1,62580at6656,7816853.0,7832336.0,+
GCF_036320965.1,Chr 1,NC_092225.1,62678at6656,27845419.0,27849435.0,+
GCF_036320965.1,Chr 2,NC_092230.1,62914at6656,25207678.0,25345194.0,+
GCF_036320965.1,Chr 6,NC_092271.1,62979at6656,18522004.0,18501195.0,-
GCF_036320965.1,Chr 25,NC_092269.1,63193at6656,3615533.0,3616768.0,+
GCF_036320965.1,Chr 16,NC_092266.1,63228at6656,32185277.0,32173571.0,-
GCF_036320965.1,Chr 11,NC_092224.1,63461at6656,73590016.0,73651052.0,+
GCF_036320965.1,Chr 22,NC_092228.1,63923at6656,38609456.0,38624699.0,+
GCF_036320965.1,Chr 18,NC_092273.1,63924at6656,13978164.0,14019706.0,+
GCF_036320965.1,Chr 6,NC_092271.1,64046at6656,25485274.0,25607599.0,+
GCF_036320965.1,Chr 9,NC_092237.1,64896at6656,2614995.0,2604750.0,-
GCF_036320965.1,Chr 13,NC_092235.1,65490at6656,25962729.0,25976676.0,+
GCF_036320965.1,Chr 14,NC_092238.1,65508at6656,24002132.0,24020852.0,+
GCF_036320965.1,Chr 19,NC_092242.1,65532at6656,62496569.0,62538542.0,+
GCF_036320965.1,Chr 23,NC_092260.1,65949at6656,15789595.0,15768713.0,-
GCF_036320965.1,Chr 13,NC_092235.1,66028at6656,24865641.0,24873619.0,+
GCF_036320965.1,Chr 5,NC_092254.1,66299at6656,6219855.0,6232117.0,+
GCF_036320965.1,Chr 3,NC_092240.1,66366at6656,7052243.0,7089378.0,+
GCF_036320965.1,Chr 16,NC_092266.1,66597at6656,26816327.0,26799977.0,-
GCF_036320965.1,Chr 18,NC_092273.1,66770at6656,4225687.0,4265114.0,+
GCF_036320965.1,Chr 60,NC_092276.1,67113at6656,1508243.0,1516520.0,+
GCF_036320965.1,Chr 33,NC_092278.1,67166at6656,29112488.0,29354619.0,+
GCF_036320965.1,Chr 57,NC_092295.1,67191at6656,3074376.0,3079328.0,+
GCF_036320965.1,Chr 63,NC_092248.1,67491at6656,3302969.0,3337415.0,+
GCF_036320965.1,Chr 6,NC_092271.1,67583at6656,18214158.0,18239063.0,+
GCF_036320965.1,Chr 5,NC_092254.1,68468at6656,1188894.0,1216426.0,+
GCF_036320965.1,Chr 34,NC_092250.1,68491at6656,20119351.0,20095057.0,-
GCF_036320965.1,Chr 4,NC_092243.1,68731at6656,3052590.0,3034647.0,-
GCF_036320965.1,Chr 2,NC_092230.1,68876at6656,35898786.0,35942991.0,+
GCF_036320965.1,Chr 5,NC_092254.1,68939at6656,3315177.0,3339253.0,+
GCF_036320965.1,Chr 67,NC_092249.1,68961at6656,11753569.0,11715927.0,-
GCF_036320965.1,Chr 24,NC_092244.1,68981at6656,30143686.0,30074340.0,-
GCF_036320965.1,Chr 32,NC_092279.1,68987at6656,26838492.0,26783076.0,-
GCF_036320965.1,Chr 10,NC_092291.1,69201at6656,11732722.0,11720526.0,-
GCF_036320965.1,Chr 32,NC_092279.1,69238at6656,26408459.0,26435376.0,+
GCF_036320965.1,Chr 4,NC_092243.1,69284at6656,66630857.0,66614774.0,-
GCF_036320965.1,Chr 27,NC_092262.1,69394at6656,12416122.0,12397763.0,-
GCF_036320965.1,Chr 45,NC_092252.1,69403at6656,19337077.0,19508446.0,+
GCF_036320965.1,Chr 3,NC_092240.1,69742at6656,8906652.0,8892798.0,-
GCF_036320965.1,Chr 15,NC_092280.1,69897at6656,30290718.0,30331332.0,+
GCF_036320965.1,Chr 47,NC_092286.1,70078at6656,28906731.0,28829482.0,-
GCF_036320965.1,Chr 24,NC_092244.1,70201at6656,6944158.0,6952281.0,+
GCF_036320965.1,Chr 36,NC_092274.1,70550at6656,243133.0,226730.0,-
GCF_036320965.1,Chr 3,NC_092240.1,70663at6656,52050446.0,52028584.0,-
GCF_036320965.1,Chr 64,NC_092245.1,71018at6656,12112188.0,12106140.0,-
GCF_036320965.1,Chr 30,NC_092263.1,71110at6656,9593478.0,9584744.0,-
GCF_036320965.1,Chr 24,NC_092244.1,71129at6656,4802382.0,4732820.0,-
GCF_036320965.1,Chr 24,NC_092244.1,71199at6656,1889493.0,1815495.0,-
GCF_036320965.1,Chr 17,NC_092232.1,71230at6656,38780133.0,38692983.0,-
GCF_036320965.1,Chr 31,NC_092288.1,71251at6656,1046367.0,985711.0,-
GCF_036320965.1,Chr 5,NC_092254.1,71483at6656,7939567.0,7926278.0,-
GCF_036320965.1,Chr 17,NC_092232.1,71937at6656,39274984.0,39097410.0,-
GCF_036320965.1,Chr 63,NC_092248.1,72450at6656,3608069.0,3585359.0,-
GCF_036320965.1,Chr 2,NC_092230.1,72578at6656,46571441.0,46622722.0,+
GCF_036320965.1,Chr 10,NC_092291.1,72583at6656,25944482.0,25912575.0,-
GCF_036320965.1,Chr 5,NC_092254.1,72586at6656,6191099.0,6202434.0,+
GCF_036320965.1,Chr 7,NC_092234.1,72782at6656,3013382.0,3004696.0,-
GCF_036320965.1,Chr 5,NC_092254.1,72857at6656,1181908.0,1180472.0,-
GCF_036320965.1,Chr 49,NC_092259.1,73084at6656,8912223.0,8922891.0,+
GCF_036320965.1,Chr 51,NC_092257.1,73301at6656,21589268.0,21624733.0,+
GCF_036320965.1,Chr 32,NC_092279.1,73455at6656,5734963.0,5717928.0,-
GCF_036320965.1,Chr 37,NC_092241.1,73456at6656,48336070.0,48466704.0,+
GCF_036320965.1,Chr 26,NC_092226.1,73547at6656,6383137.0,6367597.0,-
GCF_036320965.1,Chr 30,NC_092263.1,74384at6656,9567510.0,9569276.0,+
GCF_036320965.1,Chr 43,NC_092296.1,74655at6656,10827915.0,10907019.0,+
GCF_036320965.1,Chr 2,NC_092230.1,74692at6656,7027498.0,6996758.0,-
GCF_036320965.1,Chr 16,NC_092266.1,74836at6656,34558039.0,34607868.0,+
GCF_036320965.1,Chr 48,NC_092253.1,75692at6656,2141343.0,2149153.0,+
GCF_036320965.1,Chr 18,NC_092273.1,75704at6656,8560649.0,8607799.0,+
GCF_036320965.1,Chr 1,NC_092225.1,75764at6656,24385454.0,24354169.0,-
GCF_036320965.1,Chr 30,NC_092263.1,75982at6656,3260363.0,3315048.0,+
GCF_036320965.1,Chr 17,NC_092232.1,76308at6656,35914522.0,35830749.0,-
GCF_036320965.1,Chr 32,NC_092279.1,76342at6656,26956172.0,26887541.0,-
GCF_036320965.1,Chr 27,NC_092262.1,76573at6656,7958549.0,7973528.0,+
GCF_036320965.1,Chr 52,NC_092290.1,76745at6656,1478610.0,1472443.0,-
GCF_036320965.1,Chr 3,NC_092240.1,76812at6656,6571654.0,6591687.0,+
GCF_036320965.1,Chr 11,NC_092224.1,77197at6656,80823876.0,80895168.0,+
GCF_036320965.1,Chr 34,NC_092250.1,77688at6656,2850493.0,2858987.0,+
GCF_036320965.1,Chr 37,NC_092241.1,77770at6656,6829723.0,6839241.0,+
GCF_036320965.1,Chr 60,NC_092276.1,77883at6656,3042163.0,3034913.0,-
GCF_036320965.1,Chr 36,NC_092274.1,77976at6656,3531926.0,3522705.0,-
GCF_036320965.1,Chr 67,NC_092249.1,77987at6656,710505.0,730783.0,+
GCF_036320965.1,Chr 2,NC_092230.1,78110at6656,48518737.0,48558152.0,+
GCF_036320965.1,Chr 39,NC_092236.1,78202at6656,5924784.0,5941151.0,+
GCF_036320965.1,Chr 31,NC_092288.1,78254at6656,178549.0,114713.0,-
GCF_036320965.1,Chr 61,NC_092258.1,78695at6656,1476775.0,1465471.0,-
GCF_036320965.1,Chr 14,NC_092238.1,78758at6656,24652784.0,24640747.0,-
GCF_036320965.1,Chr 51,NC_092257.1,78777at6656,11596865.0,11587635.0,-
GCF_036320965.1,Chr 5,NC_092254.1,78844at6656,425285.0,449341.0,+
GCF_036320965.1,Chr 49,NC_092259.1,78854at6656,13737063.0,13745368.0,+
GCF_036320965.1,Chr 28,NC_092233.1,78919at6656,36961120.0,37092771.0,+
GCF_036320965.1,Chr 28,NC_092233.1,78921at6656,639245.0,443204.0,-
GCF_036320965.1,Chr 20,NC_092227.1,78947at6656,3327622.0,3318093.0,-
GCF_036320965.1,Chr 6,NC_092271.1,78968at6656,21752338.0,21753489.0,+
GCF_036320965.1,Chr 41,NC_092239.1,79241at6656,3344416.0,3351875.0,+
GCF_036320965.1,Chr 4,NC_092243.1,79377at6656,48808463.0,48856545.0,+
GCF_036320965.1,Chr 57,NC_092295.1,79915at6656,7288984.0,7295585.0,+
GCF_036320965.1,Chr 48,NC_092253.1,79993at6656,7720023.0,7710515.0,-
GCF_036320965.1,Chr 30,NC_092263.1,80067at6656,12960885.0,12958445.0,-
GCF_036320965.1,Chr 13,NC_092235.1,80294at6656,63852460.0,63844765.0,-
GCF_036320965.1,Chr 24,NC_092244.1,80317at6656,5101521.0,5093172.0,-
GCF_036320965.1,Chr 29,NC_092256.1,80348at6656,11028523.0,11053320.0,+
GCF_036320965.1,Chr 68,NC_092275.1,80693at6656,10892881.0,10708868.0,-
GCF_036320965.1,Chr 13,NC_092235.1,80948at6656,67837672.0,67854811.0,+
GCF_036320965.1,Chr 7,NC_092234.1,81292at6656,44219673.0,44204878.0,-
GCF_036320965.1,Chr 38,NC_092229.1,81307at6656,54298154.0,54323009.0,+
GCF_036320965.1,Chr 14,NC_092238.1,81406at6656,28500920.0,28493484.0,-
GCF_036320965.1,Chr 22,NC_092228.1,81413at6656,12040757.0,12051363.0,+
GCF_036320965.1,Chr 14,NC_092238.1,81423at6656,9048444.0,9218686.0,+
GCF_036320965.1,Chr 14,NC_092238.1,81650at6656,1655392.0,1670759.0,+
GCF_036320965.1,Chr 12,NC_092270.1,81703at6656,17989487.0,17954308.0,-
GCF_036320965.1,Chr 16,NC_092266.1,81708at6656,34311081.0,34265288.0,-
GCF_036320965.1,Chr 25,NC_092269.1,81919at6656,40534549.0,40526607.0,-
GCF_036320965.1,Chr 16,NC_092266.1,81950at6656,8643969.0,8662950.0,+
GCF_036320965.1,Chr 6,NC_092271.1,83102at6656,13858083.0,13905593.0,+
GCF_036320965.1,Chr 5,NC_092254.1,83164at6656,12733297.0,12719300.0,-
GCF_036320965.1,Chr 21,NC_092261.1,83303at6656,2005490.0,2029427.0,+
GCF_036320965.1,Chr 10,NC_092291.1,83372at6656,26802776.0,26925794.0,+
GCF_036320965.1,Chr 31,NC_092288.1,83376at6656,23607927.0,23629658.0,+
GCF_036320965.1,Chr 10,NC_092291.1,83613at6656,10464273.0,10463392.0,-
GCF_036320965.1,Chr 26,NC_092226.1,83673at6656,31803354.0,31734028.0,-
GCF_036320965.1,Chr 17,NC_092232.1,83755at6656,5542014.0,5549155.0,+
GCF_036320965.1,Chr 7,NC_092234.1,83765at6656,37310232.0,37293815.0,-
GCF_036320965.1,Chr 7,NC_092234.1,84028at6656,59257861.0,59193623.0,-
GCF_036320965.1,Chr 30,NC_092263.1,84097at6656,4177033.0,4190792.0,+
GCF_036320965.1,Chr 14,NC_092238.1,84149at6656,37572537.0,37643500.0,+
GCF_036320965.1,Chr 29,NC_092256.1,84169at6656,21834047.0,21843273.0,+
GCF_036320965.1,Chr 11,NC_092224.1,84422at6656,16035515.0,16081720.0,+
GCF_036320965.1,Chr 1,NC_092225.1,84819at6656,31074699.0,31050518.0,-
GCF_036320965.1,Chr 18,NC_092273.1,84925at6656,3702998.0,3704080.0,+
GCF_036320965.1,Chr 7,NC_092234.1,85103at6656,5169277.0,5185369.0,+
GCF_036320965.1,Chr 10,NC_092291.1,85574at6656,25462287.0,25460052.0,-
GCF_036320965.1,Chr 12,NC_092270.1,85680at6656,9274658.0,9259694.0,-
GCF_036320965.1,Chr 5,NC_092254.1,85810at6656,149888.0,178543.0,+
GCF_036320965.1,Chr 13,NC_092235.1,86262at6656,46540966.0,46630812.0,+
GCF_036320965.1,Chr 30,NC_092263.1,86318at6656,16017564.0,16001990.0,-
GCF_036320965.1,Chr 29,NC_092256.1,86488at6656,13309263.0,13405386.0,+
GCF_036320965.1,Chr 1,NC_092225.1,86654at6656,54828836.0,54830431.0,+
GCF_036320965.1,Chr 58,NC_092251.1,86889at6656,21620970.0,21707557.0,+
GCF_036320965.1,Chr 42,NC_092284.1,86930at6656,7649465.0,7662726.0,+
GCF_036320965.1,Chr 4,NC_092243.1,87014at6656,58268424.0,58324666.0,+
GCF_036320965.1,Chr 19,NC_092242.1,87089at6656,23443876.0,23553437.0,+
GCF_036320965.1,Chr 9,NC_092237.1,87103at6656,46213758.0,46270641.0,+
GCF_036320965.1,Chr 31,NC_092288.1,87114at6656,11547423.0,11545618.0,-
GCF_036320965.1,Chr 23,NC_092260.1,87139at6656,17645151.0,17606347.0,-
GCF_036320965.1,Chr 46,NC_092289.1,87142at6656,14545271.0,14535116.0,-
GCF_036320965.1,Chr 1,NC_092225.1,87527at6656,88752812.0,88793225.0,+
GCF_036320965.1,Chr 4,NC_092243.1,87575at6656,71409385.0,71374735.0,-
GCF_036320965.1,Chr 15,NC_092280.1,87728at6656,25738486.0,25744640.0,+
GCF_036320965.1,Chr 3,NC_092240.1,87910at6656,21629479.0,21606608.0,-
GCF_036320965.1,Chr 58,NC_092251.1,87928at6656,5851951.0,5842995.0,-
GCF_036320965.1,Chr 47,NC_092286.1,87933at6656,28003116.0,28044308.0,+
GCF_036320965.1,Chr 38,NC_092229.1,88051at6656,9024939.0,9086402.0,+
GCF_036320965.1,Chr 27,NC_092262.1,88711at6656,13257010.0,13221629.0,-
GCF_036320965.1,Chr 46,NC_092289.1,89064at6656,19766320.0,19773295.0,+
GCF_036320965.1,Chr 35,NC_092287.1,89153at6656,4063224.0,4092862.0,+
GCF_036320965.1,Chr 37,NC_092241.1,89677at6656,42491501.0,42572424.0,+
GCF_036320965.1,Chr 61,NC_092258.1,89713at6656,18448345.0,18588048.0,+
GCF_036320965.1,Chr 62,NC_092247.1,89810at6656,6919278.0,6883721.0,-
GCF_036320965.1,Chr 42,NC_092284.1,89840at6656,4554678.0,4572028.0,+
GCF_036320965.1,Chr 25,NC_092269.1,89864at6656,3251618.0,3266455.0,+
GCF_036320965.1,Chr 9,NC_092237.1,90126at6656,7089363.0,7096887.0,+
GCF_036320965.1,Chr 50,NC_092281.1,90322at6656,4346546.0,4345197.0,-
GCF_036320965.1,Chr 1,NC_092225.1,90580at6656,98426274.0,98474454.0,+
GCF_036320965.1,Chr 12,NC_092270.1,90600at6656,5699043.0,5702274.0,+
GCF_036320965.1,Chr 41,NC_092239.1,90822at6656,13858955.0,13851404.0,-
GCF_036320965.1,Chr 51,NC_092257.1,90931at6656,570539.0,633355.0,+
GCF_036320965.1,Chr 10,NC_092291.1,91002at6656,20350590.0,20365425.0,+
GCF_036320965.1,Chr 4,NC_092243.1,91005at6656,10897861.0,10919805.0,+
GCF_036320965.1,Chr 27,NC_092262.1,91313at6656,12426601.0,12421877.0,-
GCF_036320965.1,Chr 50,NC_092281.1,91418at6656,19617603.0,19571906.0,-
GCF_036320965.1,Chr 9,NC_092237.1,91468at6656,6614777.0,6626380.0,+
GCF_036320965.1,Chr 33,NC_092278.1,91933at6656,13826458.0,13603092.0,-
GCF_036320965.1,Chr 53,NC_092267.1,91946at6656,14390169.0,14276346.0,-
GCF_036320965.1,Chr 3,NC_092240.1,92167at6656,52573170.0,52564802.0,-
GCF_036320965.1,Chr 41,NC_092239.1,92184at6656,7231211.0,7217103.0,-
GCF_036320965.1,Chr 63,NC_092248.1,92420at6656,13939767.0,14018268.0,+
GCF_036320965.1,Chr 14,NC_092238.1,92576at6656,1395704.0,1383610.0,-
GCF_036320965.1,Chr 8,NC_092255.1,92777at6656,20596315.0,20604185.0,+
GCF_036320965.1,Chr 24,NC_092244.1,92854at6656,5520813.0,5493767.0,-
GCF_036320965.1,Chr 42,NC_092284.1,93061at6656,5715097.0,5730044.0,+
GCF_036320965.1,Chr 35,NC_092287.1,93085at6656,5206432.0,5198273.0,-
GCF_036320965.1,Chr 49,NC_092259.1,93152at6656,9551862.0,9535932.0,-
GCF_036320965.1,Chr 36,NC_092274.1,93408at6656,1527207.0,1681023.0,+
GCF_036320965.1,Chr 19,NC_092242.1,93432at6656,747892.0,641075.0,-
GCF_036320965.1,Chr 41,NC_092239.1,93483at6656,22542232.0,22310767.0,-
GCF_036320965.1,Chr 6,NC_092271.1,93507at6656,28694225.0,28666260.0,-
GCF_036320965.1,Chr 15,NC_092280.1,93797at6656,23754694.0,23748517.0,-
GCF_036320965.1,Chr 1,NC_092225.1,94054at6656,87509357.0,87460329.0,-
GCF_036320965.1,Chr 32,NC_092279.1,94238at6656,23048185.0,23037503.0,-
GCF_036320965.1,Chr 45,NC_092252.1,94304at6656,15650481.0,15637965.0,-
GCF_036320965.1,Chr 9,NC_092237.1,94473at6656,7736980.0,7723050.0,-
GCF_036320965.1,Chr 66,NC_092264.1,94476at6656,15022312.0,14999606.0,-
GCF_036320965.1,Chr 48,NC_092253.1,94842at6656,8079870.0,8088627.0,+
GCF_036320965.1,Chr 7,NC_092234.1,94878at6656,16619057.0,16635092.0,+
GCF_036320965.1,Chr 60,NC_092276.1,95028at6656,20428918.0,20342225.0,-
GCF_036320965.1,Chr 19,NC_092242.1,95089at6656,57282706.0,57307269.0,+
GCF_036320965.1,Chr 3,NC_092240.1,95294at6656,16215770.0,16235581.0,+
GCF_036320965.1,Chr 30,NC_092263.1,95524at6656,13070345.0,13046164.0,-
GCF_036320965.1,Chr 20,NC_092227.1,96251at6656,3476165.0,3496589.0,+
GCF_036320965.1,Chr 54,NC_092231.1,96444at6656,111182.0,162287.0,+
GCF_036320965.1,Chr 42,NC_092284.1,96592at6656,9510820.0,9424051.0,-
GCF_036320965.1,Chr 25,NC_092269.1,96601at6656,7495356.0,7505538.0,+
GCF_036320965.1,Chr 19,NC_092242.1,96956at6656,61435628.0,61427780.0,-
GCF_036320965.1,Chr 31,NC_092288.1,96971at6656,6690092.0,6711630.0,+
GCF_036320965.1,Chr 22,NC_092228.1,97492at6656,12332467.0,12342951.0,+
GCF_036320965.1,Chr 31,NC_092288.1,97763at6656,8104775.0,8094966.0,-
GCF_036320965.1,Chr 55,NC_092265.1,97865at6656,22757267.0,22745622.0,-
GCF_036320965.1,Chr 3,NC_092240.1,98066at6656,50872023.0,50854822.0,-
GCF_036320965.1,Chr 68,NC_092275.1,98251at6656,12736497.0,12758863.0,+
GCF_036320965.1,Chr 1,NC_092225.1,98755at6656,68855697.0,68822665.0,-
GCF_036320965.1,Chr 5,NC_092254.1,98821at6656,6251458.0,6234892.0,-
GCF_036320965.1,Chr 2,NC_092230.1,98845at6656,19539624.0,19577336.0,+
GCF_036320965.1,Chr 2,NC_092230.1,98927at6656,8411581.0,8412309.0,+
GCF_036320965.1,Chr 29,NC_092256.1,98948at6656,20678743.0,20682534.0,+
GCF_036320965.1,Chr 13,NC_092235.1,99204at6656,49621553.0,49601425.0,-
GCF_036320965.1,Chr 50,NC_092281.1,99270at6656,6562273.0,6540640.0,-
GCF_036320965.1,Chr 45,NC_092252.1,99307at6656,17599895.0,17627680.0,+
GCF_036320965.1,Chr 52,NC_092290.1,99377at6656,3131281.0,3132457.0,+
GCF_036320965.1,Chr 41,NC_092239.1,99519at6656,13582419.0,13613480.0,+
GCF_036320965.1,Chr 4,NC_092243.1,99625at6656,72204544.0,72257835.0,+
GCF_036320965.1,Chr 18,NC_092273.1,99998at6656,7060996.0,7057728.0,-
GCF_036320965.1,Chr 2,NC_092230.1,100070at6656,48594849.0,48582940.0,-
GCF_036320965.1,Chr 6,NC_092271.1,100136at6656,18405245.0,18418261.0,+
GCF_036320965.1,Chr 18,NC_092273.1,100227at6656,847228.0,835445.0,-
GCF_036320965.1,Chr 15,NC_092280.1,100296at6656,25464530.0,25455898.0,-
GCF_036320965.1,Chr 25,NC_092269.1,100612at6656,3453342.0,3459524.0,+
GCF_036320965.1,Chr 61,NC_092258.1,100664at6656,6385558.0,6408628.0,+
GCF_036320965.1,Chr 33,NC_092278.1,100673at6656,37387797.0,37377494.0,-
GCF_036320965.1,Chr 8,NC_092255.1,100760at6656,27628601.0,27632187.0,+
GCF_036320965.1,Chr 1,NC_092225.1,101349at6656,53558620.0,53425642.0,-
GCF_036320965.1,Chr 11,NC_092224.1,101359at6656,44417312.0,44731859.0,+
GCF_036320965.1,Chr 12,NC_092270.1,101491at6656,20016189.0,20000923.0,-
GCF_036320965.1,Chr 48,NC_092253.1,101531at6656,2111896.0,2101213.0,-
GCF_036320965.1,Chr 13,NC_092235.1,101621at6656,21480390.0,21557982.0,+
GCF_036320965.1,Chr 64,NC_092245.1,101727at6656,6439696.0,6531045.0,+
GCF_036320965.1,Chr 8,NC_092255.1,101761at6656,20104397.0,20072183.0,-
GCF_036320965.1,Chr 60,NC_092276.1,101767at6656,19034866.0,19046661.0,+
GCF_036320965.1,Chr 14,NC_092238.1,101829at6656,31824965.0,31967780.0,+
GCF_036320965.1,Chr 7,NC_092234.1,101886at6656,5288940.0,5285150.0,-
GCF_036320965.1,Chr 34,NC_092250.1,102321at6656,16066335.0,16065553.0,-
GCF_036320965.1,Chr 26,NC_092226.1,102714at6656,28392274.0,28361010.0,-
GCF_036320965.1,Chr 39,NC_092236.1,102770at6656,53647823.0,53633439.0,-
GCF_036320965.1,Chr 8,NC_092255.1,103125at6656,19165465.0,19154710.0,-
GCF_036320965.1,Chr 29,NC_092256.1,103207at6656,17184475.0,17181293.0,-
GCF_036320965.1,Chr 32,NC_092279.1,103590at6656,13842989.0,13831905.0,-
GCF_036320965.1,Chr 10,NC_092291.1,103749at6656,15370624.0,15378716.0,+
GCF_036320965.1,Chr 51,NC_092257.1,103752at6656,22496409.0,22534874.0,+
GCF_036320965.1,Chr 27,NC_092262.1,103908at6656,11546700.0,11571757.0,+
GCF_036320965.1,Chr 25,NC_092269.1,103914at6656,7444202.0,7453878.0,+
GCF_036320965.1,Chr 46,NC_092289.1,104063at6656,19784756.0,19790409.0,+
GCF_036320965.1,Chr 9,NC_092237.1,104122at6656,60471167.0,60483758.0,+
GCF_036320965.1,Chr 3,NC_092240.1,104198at6656,22335740.0,22318208.0,-
GCF_036320965.1,Chr 36,NC_092274.1,104410at6656,243750.0,261230.0,+
GCF_036320965.1,Chr 5,NC_092254.1,104588at6656,6470453.0,6467236.0,-
GCF_036320965.1,Chr 45,NC_092252.1,104604at6656,426092.0,506308.0,+
GCF_036320965.1,Chr 18,NC_092273.1,105000at6656,13402500.0,13394836.0,-
GCF_036320965.1,Chr 43,NC_092296.1,105099at6656,1626848.0,1612707.0,-
GCF_036320965.1,Chr 40,NC_092246.1,105170at6656,22334660.0,22288869.0,-
GCF_036320965.1,Chr 43,NC_092296.1,105364at6656,12493866.0,12422403.0,-
GCF_036320965.1,Chr 17,NC_092232.1,105771at6656,30553878.0,30519595.0,-
GCF_036320965.1,Chr 29,NC_092256.1,106126at6656,18056246.0,18064000.0,+
GCF_036320965.1,Chr 52,NC_092290.1,106466at6656,20452616.0,20384361.0,-
GCF_036320965.1,Chr 40,NC_092246.1,106470at6656,3899911.0,4019178.0,+
GCF_036320965.1,Chr 22,NC_092228.1,106634at6656,39919883.0,39933120.0,+
GCF_036320965.1,Chr 39,NC_092236.1,106639at6656,46310390.0,46314103.0,+
GCF_036320965.1,Chr 24,NC_092244.1,106788at6656,31855174.0,31805230.0,-
GCF_036320965.1,Chr 11,NC_092224.1,106988at6656,71188780.0,71189925.0,+
GCF_036320965.1,Chr 44,NC_092285.1,107030at6656,12853844.0,12841350.0,-
GCF_036320965.1,Chr 68,NC_092275.1,107139at6656,13053734.0,13025364.0,-
GCF_036320965.1,Chr 44,NC_092285.1,107226at6656,15198071.0,15058037.0,-
GCF_036320965.1,Chr 15,NC_092280.1,107353at6656,28419158.0,28418145.0,-
GCF_036320965.1,Chr 40,NC_092246.1,107427at6656,7981728.0,7970078.0,-
GCF_036320965.1,Chr 32,NC_092279.1,107453at6656,22002465.0,22009248.0,+
GCF_036320965.1,Chr 22,NC_092228.1,107615at6656,40971452.0,40968829.0,-
GCF_036320965.1,Chr 9,NC_092237.1,107802at6656,10468635.0,10479203.0,+
GCF_036320965.1,Chr 49,NC_092259.1,107844at6656,1336293.0,1356979.0,+
GCF_036320965.1,Chr 34,NC_092250.1,108162at6656,20120060.0,20128353.0,+
GCF_036320965.1,Chr 16,NC_092266.1,108207at6656,19182785.0,19168563.0,-
GCF_036320965.1,Chr 31,NC_092288.1,108240at6656,27032284.0,27064530.0,+
GCF_036320965.1,Chr 65,NC_092292.1,108693at6656,17338283.0,17332578.0,-
GCF_036320965.1,Chr 35,NC_092287.1,108702at6656,24115011.0,24110740.0,-
GCF_036320965.1,Chr 3,NC_092240.1,108705at6656,55605751.0,55666430.0,+
GCF_036320965.1,Chr 8,NC_092255.1,108808at6656,19922417.0,19915715.0,-
GCF_036320965.1,Chr 64,NC_092245.1,109174at6656,12198235.0,12183977.0,-
GCF_036320965.1,Chr 12,NC_092270.1,109325at6656,6354370.0,6323229.0,-
GCF_036320965.1,Chr 23,NC_092260.1,109444at6656,26074797.0,26142417.0,+
GCF_036320965.1,Chr 44,NC_092285.1,109484at6656,15584987.0,15562355.0,-
GCF_036320965.1,Chr 3,NC_092240.1,109562at6656,15739107.0,15737935.0,-
GCF_036320965.1,Chr 44,NC_092285.1,109664at6656,990501.0,1189502.0,+
GCF_036320965.1,Chr 50,NC_092281.1,109724at6656,12309541.0,12287814.0,-
GCF_036320965.1,Chr 26,NC_092226.1,109793at6656,6900598.0,6906989.0,+
GCF_036320965.1,Chr 67,NC_092249.1,109923at6656,12088026.0,11823789.0,-
GCF_036320965.1,Chr 28,NC_092233.1,110129at6656,59159002.0,59164079.0,+
GCF_036320965.1,Chr 58,NC_092251.1,110787at6656,4079498.0,4083000.0,+
GCF_036320965.1,Chr 21,NC_092261.1,110982at6656,891346.0,818207.0,-
GCF_036320965.1,Chr 59,NC_092268.1,111082at6656,3705173.0,3712329.0,+
GCF_036320965.1,Chr 2,NC_092230.1,111153at6656,37263943.0,37327180.0,+
GCF_036320965.1,Chr 1,NC_092225.1,111236at6656,26970280.0,26975043.0,+
GCF_036320965.1,Chr 46,NC_092289.1,111239at6656,21614479.0,21626086.0,+
GCF_036320965.1,Chr 65,NC_092292.1,111545at6656,14048558.0,13997695.0,-
GCF_036320965.1,Chr 54,NC_092231.1,112281at6656,6424894.0,6428331.0,+
GCF_036320965.1,Chr 55,NC_092265.1,112360at6656,4310234.0,4304674.0,-
GCF_036320965.1,Chr 19,NC_092242.1,112556at6656,23337005.0,23327500.0,-
GCF_036320965.1,Chr 7,NC_092234.1,112634at6656,6682497.0,6680041.0,-
GCF_036320965.1,Chr 70,NC_092294.1,112645at6656,13699408.0,13691597.0,-
GCF_036320965.1,Chr 37,NC_092241.1,112759at6656,9576727.0,9565298.0,-
GCF_036320965.1,Chr 29,NC_092256.1,113015at6656,1721978.0,1926600.0,+
GCF_036320965.1,Chr 40,NC_092246.1,113300at6656,23044526.0,23050966.0,+
GCF_036320965.1,Chr 37,NC_092241.1,113604at6656,56207841.0,56196709.0,-
GCF_036320965.1,Chr 12,NC_092270.1,113622at6656,21526216.0,21534392.0,+
GCF_036320965.1,Chr 9,NC_092237.1,113641at6656,53707616.0,53718058.0,+
GCF_036320965.1,Chr 30,NC_092263.1,113668at6656,11723136.0,11728206.0,+
GCF_036320965.1,Chr 32,NC_092279.1,113713at6656,9453148.0,9423692.0,-
GCF_036320965.1,Chr 43,NC_092296.1,113817at6656,4165913.0,4151423.0,-
GCF_036320965.1,Chr 28,NC_092233.1,113818at6656,6519406.0,6503916.0,-
GCF_036320965.1,Chr 53,NC_092267.1,113865at6656,4503458.0,4493125.0,-
GCF_036320965.1,Chr 36,NC_092274.1,113960at6656,352309.0,339125.0,-
GCF_036320965.1,Chr 29,NC_092256.1,114019at6656,13519398.0,13525655.0,+
GCF_036320965.1,Chr 28,NC_092233.1,114360at6656,803049.0,901744.0,+
GCF_036320965.1,Chr 26,NC_092226.1,114463at6656,17390666.0,17376721.0,-
GCF_036320965.1,Chr 13,NC_092235.1,114609at6656,28617048.0,28590925.0,-
GCF_036320965.1,Chr 17,NC_092232.1,114738at6656,21641428.0,21624487.0,-
GCF_036320965.1,Chr 29,NC_092256.1,114765at6656,10608780.0,10576464.0,-
GCF_036320965.1,Chr 54,NC_092231.1,115001at6656,36248281.0,36232973.0,-
GCF_036320965.1,Chr 8,NC_092255.1,115208at6656,25729430.0,25736929.0,+
GCF_036320965.1,Chr 23,NC_092260.1,115229at6656,12902026.0,12927629.0,+
GCF_036320965.1,Chr 36,NC_092274.1,115252at6656,5236631.0,5204229.0,-
GCF_036320965.1,Chr 19,NC_092242.1,115256at6656,64049191.0,64054854.0,+
GCF_036320965.1,Chr 12,NC_092270.1,115462at6656,14006213.0,13914578.0,-
GCF_036320965.1,Chr 43,NC_092296.1,115537at6656,12581630.0,12762954.0,+
GCF_036320965.1,Chr 60,NC_092276.1,115841at6656,3085487.0,3081160.0,-
GCF_036320965.1,Chr 36,NC_092274.1,115917at6656,9361822.0,9289837.0,-
GCF_036320965.1,Chr 12,NC_092270.1,116117at6656,18013350.0,18008046.0,-
GCF_036320965.1,Chr 2,NC_092230.1,116401at6656,42276514.0,42254195.0,-
GCF_036320965.1,Chr 4,NC_092243.1,116608at6656,66644905.0,66654006.0,+
GCF_036320965.1,Chr 1,NC_092225.1,116688at6656,23569323.0,23560362.0,-
GCF_036320965.1,Chr 3,NC_092240.1,116804at6656,7039624.0,7036971.0,-
GCF_036320965.1,Chr 12,NC_092270.1,116982at6656,5926808.0,5930183.0,+
GCF_036320965.1,Chr 52,NC_092290.1,117173at6656,10735886.0,10755468.0,+
GCF_036320965.1,Chr 46,NC_092289.1,117335at6656,4892847.0,4934693.0,+
GCF_036320965.1,Chr 22,NC_092228.1,117399at6656,27886152.0,27867711.0,-
GCF_036320965.1,Chr 14,NC_092238.1,117413at6656,24160681.0,24173031.0,+
GCF_036320965.1,Chr 54,NC_092231.1,117586at6656,7563003.0,7507173.0,-
GCF_036320965.1,Chr 54,NC_092231.1,117742at6656,5675634.0,5699783.0,+
GCF_036320965.1,Chr 12,NC_092270.1,117811at6656,3856224.0,3853013.0,-
GCF_036320965.1,Chr 44,NC_092285.1,117843at6656,12026704.0,12023241.0,-
GCF_036320965.1,Chr 24,NC_092244.1,117947at6656,20702280.0,20851986.0,+
GCF_036320965.1,Chr 50,NC_092281.1,118014at6656,7430479.0,7428251.0,-
GCF_036320965.1,Chr 16,NC_092266.1,118037at6656,6588745.0,6500933.0,-
GCF_036320965.1,Chr 1,NC_092225.1,118496at6656,54855247.0,54876006.0,+
GCF_036320965.1,Chr 23,NC_092260.1,118527at6656,27068570.0,27072858.0,+
GCF_036320965.1,Chr 39,NC_092236.1,118761at6656,3267290.0,3257590.0,-
GCF_036320965.1,Chr 1,NC_092225.1,118780at6656,28229887.0,28232928.0,+
GCF_036320965.1,Chr 11,NC_092224.1,118807at6656,71407675.0,71460026.0,+
GCF_036320965.1,Chr 38,NC_092229.1,118831at6656,13920205.0,13984816.0,+
GCF_036320965.1,Chr 11,NC_092224.1,118904at6656,29914580.0,29814157.0,-
GCF_036320965.1,Chr 45,NC_092252.1,119012at6656,15884800.0,15872582.0,-
GCF_036320965.1,Chr 22,NC_092228.1,119144at6656,3461709.0,3450568.0,-
GCF_036320965.1,Chr 65,NC_092292.1,119194at6656,21906464.0,21880397.0,-
GCF_036320965.1,Chr 50,NC_092281.1,119438at6656,5708799.0,5725455.0,+
GCF_036320965.1,Chr 1,NC_092225.1,119541at6656,17133251.0,17106947.0,-
GCF_036320965.1,Chr 20,NC_092227.1,119951at6656,91468697.0,91423276.0,-
GCF_036320965.1,Chr 55,NC_092265.1,120047at6656,14405046.0,14381677.0,-
GCF_036320965.1,Chr 4,NC_092243.1,120383at6656,6489119.0,6479273.0,-
GCF_036320965.1,Chr 8,NC_092255.1,120445at6656,27289721.0,27310092.0,+
GCF_036320965.1,Chr 45,NC_092252.1,120958at6656,8649808.0,8668822.0,+
GCF_036320965.1,Chr 40,NC_092246.1,121002at6656,8122952.0,8152936.0,+
GCF_036320965.1,Chr 49,NC_092259.1,121220at6656,9884552.0,9885280.0,+
GCF_036320965.1,Chr 26,NC_092226.1,121530at6656,6389838.0,6394027.0,+
GCF_036320965.1,Chr 43,NC_092296.1,121558at6656,3251953.0,3244152.0,-
GCF_036320965.1,Chr 8,NC_092255.1,121894at6656,27011604.0,27033561.0,+
GCF_036320965.1,Chr 36,NC_092274.1,122526at6656,871704.0,876668.0,+
GCF_036320965.1,Chr 8,NC_092255.1,122665at6656,4936821.0,4948051.0,+
GCF_036320965.1,Chr 35,NC_092287.1,122816at6656,25944722.0,25951845.0,+
GCF_036320965.1,Chr 15,NC_092280.1,123035at6656,30080205.0,30073381.0,-
GCF_036320965.1,Chr 30,NC_092263.1,123320at6656,11744444.0,11740364.0,-
GCF_036320965.1,Chr 12,NC_092270.1,123409at6656,8833573.0,8822728.0,-
GCF_036320965.1,Chr 35,NC_092287.1,123631at6656,19964072.0,19966863.0,+
GCF_036320965.1,Chr 51,NC_092257.1,123672at6656,11472709.0,11486131.0,+
GCF_036320965.1,Chr 1,NC_092225.1,123790at6656,98118522.0,98246382.0,+
GCF_036320965.1,Chr 21,NC_092261.1,123853at6656,3597038.0,3598879.0,+
GCF_036320965.1,Chr 17,NC_092232.1,124174at6656,13155107.0,13176238.0,+
GCF_036320965.1,Chr 42,NC_092284.1,124400at6656,2616278.0,2620071.0,+
GCF_036320965.1,Chr 50,NC_092281.1,124452at6656,7464503.0,7459614.0,-
GCF_036320965.1,Chr 15,NC_092280.1,124628at6656,25485132.0,25484296.0,-
GCF_036320965.1,Chr 20,NC_092227.1,124707at6656,10539163.0,10499720.0,-
GCF_036320965.1,Chr 19,NC_092242.1,124720at6656,64155557.0,64163505.0,+
GCF_036320965.1,Chr 64,NC_092245.1,124730at6656,19530979.0,19547928.0,+
GCF_036320965.1,Chr 51,NC_092257.1,124981at6656,14684913.0,14693632.0,+
GCF_036320965.1,Chr 56,NC_092282.1,125100at6656,4043198.0,4048514.0,+
GCF_036320965.1,Chr 2,NC_092230.1,125127at6656,50730872.0,50594016.0,-
GCF_036320965.1,Chr 55,NC_092265.1,125210at6656,5592791.0,5595909.0,+
GCF_036320965.1,Chr 2,NC_092230.1,125234at6656,48122474.0,48111435.0,-
GCF_036320965.1,Chr 43,NC_092296.1,125238at6656,3902366.0,3908103.0,+
GCF_036320965.1,Chr 65,NC_092292.1,125414at6656,16082025.0,16076943.0,-
GCF_036320965.1,Chr 31,NC_092288.1,125446at6656,2156770.0,2150276.0,-
GCF_036320965.1,Chr 39,NC_092236.1,125452at6656,11571923.0,11568464.0,-
GCF_036320965.1,Chr 35,NC_092287.1,125716at6656,21199804.0,21211970.0,+
GCF_036320965.1,Chr 9,NC_092237.1,126074at6656,7398870.0,7407492.0,+
GCF_036320965.1,Chr 6,NC_092271.1,126225at6656,13145227.0,13144766.0,-
GCF_036320965.1,Chr 60,NC_092276.1,126442at6656,17766957.0,17740100.0,-
GCF_036320965.1,Chr 35,NC_092287.1,126483at6656,25546208.0,25549074.0,+
GCF_036320965.1,Chr 2,NC_092230.1,126733at6656,29201120.0,29220484.0,+
GCF_036320965.1,Chr 20,NC_092227.1,127511at6656,91291440.0,91332377.0,+
GCF_036320965.1,Chr 3,NC_092240.1,127602at6656,16577875.0,16566830.0,-
GCF_036320965.1,Chr 50,NC_092281.1,127649at6656,15764137.0,15757428.0,-
GCF_036320965.1,Chr 21,NC_092261.1,127661at6656,4030488.0,4024941.0,-
GCF_036320965.1,Chr 5,NC_092254.1,127775at6656,5037411.0,5043853.0,+
GCF_036320965.1,Chr 30,NC_092263.1,127998at6656,15021656.0,15024283.0,+
GCF_036320965.1,Chr 27,NC_092262.1,128030at6656,13716514.0,13701708.0,-
GCF_036320965.1,Chr 13,NC_092235.1,128216at6656,56368214.0,56362438.0,-
GCF_036320965.1,Chr 47,NC_092286.1,128331at6656,13085373.0,13057673.0,-
GCF_036320965.1,Chr 65,NC_092292.1,128464at6656,1425936.0,1488671.0,+
GCF_036320965.1,Chr 42,NC_092284.1,128916at6656,6755754.0,6762918.0,+
GCF_036320965.1,Chr 14,NC_092238.1,129077at6656,3784126.0,3821593.0,+
GCF_036320965.1,Chr 49,NC_092259.1,129131at6656,9344631.0,9335144.0,-
GCF_036320965.1,Chr 27,NC_092262.1,129200at6656,5019520.0,5037058.0,+
GCF_036320965.1,Chr 40,NC_092246.1,129593at6656,6662578.0,6655493.0,-
GCF_036320965.1,Chr 24,NC_092244.1,129675at6656,712121.0,739327.0,+
GCF_036320965.1,Chr 65,NC_092292.1,129886at6656,11744797.0,11738626.0,-
GCF_036320965.1,Chr 12,NC_092270.1,129902at6656,3562385.0,3557766.0,-
GCF_036320965.1,Chr 14,NC_092238.1,129989at6656,32742385.0,32736383.0,-
GCF_036320965.1,Chr 34,NC_092250.1,130105at6656,20362589.0,20371051.0,+
GCF_036320965.1,Chr 42,NC_092284.1,130126at6656,3721497.0,3722195.0,+
GCF_036320965.1,Chr 60,NC_092276.1,130176at6656,20602402.0,20560077.0,-
GCF_036320965.1,Chr 23,NC_092260.1,130363at6656,12350435.0,12379673.0,+
GCF_036320965.1,Chr 21,NC_092261.1,130514at6656,7627078.0,7636497.0,+
GCF_036320965.1,Chr 1,NC_092225.1,130563at6656,28152562.0,28162734.0,+
GCF_036320965.1,Chr 28,NC_092233.1,130663at6656,44942080.0,44995691.0,+
GCF_036320965.1,Chr 53,NC_092267.1,130825at6656,4106859.0,4131925.0,+
GCF_036320965.1,Chr 3,NC_092240.1,130923at6656,23307991.0,23273281.0,-
GCF_036320965.1,Chr 66,NC_092264.1,131276at6656,6232990.0,6231815.0,-
GCF_036320965.1,Chr 8,NC_092255.1,131495at6656,19169337.0,19173715.0,+
GCF_036320965.1,Chr 18,NC_092273.1,131516at6656,3490068.0,3487609.0,-
GCF_036320965.1,Chr 37,NC_092241.1,131588at6656,58860421.0,58847968.0,-
GCF_036320965.1,Chr 39,NC_092236.1,131642at6656,5371595.0,5369366.0,-
GCF_036320965.1,Chr 41,NC_092239.1,131668at6656,12422081.0,12395313.0,-
GCF_036320965.1,Chr 17,NC_092232.1,131720at6656,12731440.0,12752191.0,+
GCF_036320965.1,Chr 49,NC_092259.1,131751at6656,9245075.0,9257690.0,+
GCF_036320965.1,Chr 20,NC_092227.1,132329at6656,3273884.0,3283444.0,+
GCF_036320965.1,Chr 51,NC_092257.1,132340at6656,11995240.0,12003538.0,+
GCF_036320965.1,Chr 62,NC_092247.1,132441at6656,8677820.0,8666029.0,-
GCF_036320965.1,Chr 5,NC_092254.1,132495at6656,3464131.0,3455106.0,-
GCF_036320965.1,Chr 23,NC_092260.1,132760at6656,27064933.0,27060085.0,-
GCF_036320965.1,Chr 1,NC_092225.1,133015at6656,101060402.0,101072640.0,+
GCF_036320965.1,Chr 17,NC_092232.1,133329at6656,32241133.0,32241579.0,+
GCF_036320965.1,Chr 21,NC_092261.1,133362at6656,8501795.0,8497311.0,-
GCF_036320965.1,Chr 1,NC_092225.1,133422at6656,73923995.0,73901273.0,-
GCF_036320965.1,Chr 27,NC_092262.1,133603at6656,5012524.0,5009982.0,-
GCF_036320965.1,Chr 42,NC_092284.1,133735at6656,6610360.0,6646015.0,+
GCF_036320965.1,Chr 46,NC_092289.1,133949at6656,21266605.0,21274397.0,+
GCF_036320965.1,Chr 10,NC_092291.1,134073at6656,20556079.0,20534316.0,-
GCF_036320965.1,Chr 8,NC_092255.1,134209at6656,20382449.0,20378159.0,-
GCF_036320965.1,Chr 56,NC_092282.1,134216at6656,2496011.0,2511780.0,+
GCF_036320965.1,Chr 43,NC_092296.1,134673at6656,2714960.0,2719644.0,+
GCF_036320965.1,Chr 52,NC_092290.1,134708at6656,6345046.0,6371770.0,+
GCF_036320965.1,Chr 11,NC_092224.1,134776at6656,34597367.0,34622024.0,+
GCF_036320965.1,Chr 16,NC_092266.1,134853at6656,29179139.0,29168968.0,-
GCF_036320965.1,Chr 59,NC_092268.1,134865at6656,5491392.0,5499862.0,+
GCF_036320965.1,Chr 26,NC_092226.1,134885at6656,71072000.0,71076020.0,+
GCF_036320965.1,Chr 36,NC_092274.1,135065at6656,3939442.0,3977582.0,+
GCF_036320965.1,Chr 22,NC_092228.1,135075at6656,12255806.0,12252542.0,-
GCF_036320965.1,Chr 1,NC_092225.1,135107at6656,53382569.0,53338515.0,-
GCF_036320965.1,Chr 16,NC_092266.1,135123at6656,10861756.0,10852133.0,-
GCF_036320965.1,Chr 32,NC_092279.1,135203at6656,11501077.0,11493199.0,-
GCF_036320965.1,Chr 23,NC_092260.1,135204at6656,28256197.0,28259166.0,+
GCF_036320965.1,Chr 6,NC_092271.1,135215at6656,27656434.0,27652645.0,-
GCF_036320965.1,Chr 31,NC_092288.1,135357at6656,7190490.0,7186163.0,-
GCF_036320965.1,Chr 49,NC_092259.1,135373at6656,10365822.0,10375512.0,+
GCF_036320965.1,Chr 21,NC_092261.1,135526at6656,13226821.0,13219428.0,-
GCF_036320965.1,Chr 33,NC_092278.1,135676at6656,18403736.0,18395798.0,-
GCF_036320965.1,Chr 33,NC_092278.1,135690at6656,25676106.0,25662592.0,-
GCF_036320965.1,Chr 14,NC_092238.1,135702at6656,23435872.0,23463650.0,+
GCF_036320965.1,Chr 17,NC_092232.1,135764at6656,5729082.0,5694208.0,-
GCF_036320965.1,Chr 3,NC_092240.1,135828at6656,15690367.0,15696995.0,+
GCF_036320965.1,Chr 14,NC_092238.1,135834at6656,2580288.0,2589832.0,+
GCF_036320965.1,Chr 34,NC_092250.1,135859at6656,2485288.0,2482121.0,-
GCF_036320965.1,Chr 40,NC_092246.1,135975at6656,20129212.0,20135437.0,+
GCF_036320965.1,Chr 27,NC_092262.1,135994at6656,11331200.0,11328980.0,-
GCF_036320965.1,Chr 24,NC_092244.1,136055at6656,20629172.0,20640432.0,+
GCF_036320965.1,Chr 5,NC_092254.1,136095at6656,6252755.0,6262049.0,+
GCF_036320965.1,Chr 64,NC_092245.1,136119at6656,8203650.0,8154625.0,-
GCF_036320965.1,Chr 4,NC_092243.1,136224at6656,49457935.0,49467034.0,+
GCF_036320965.1,Chr 12,NC_092270.1,136365at6656,22689480.0,22631527.0,-
GCF_036320965.1,Chr 11,NC_092224.1,136559at6656,29445716.0,29451657.0,+
GCF_036320965.1,Chr 51,NC_092257.1,136888at6656,14668917.0,14669734.0,+
GCF_036320965.1,Chr 41,NC_092239.1,137050at6656,5810329.0,5813600.0,+
GCF_036320965.1,Chr 15,NC_092280.1,137197at6656,19426049.0,19416286.0,-
GCF_036320965.1,Chr 53,NC_092267.1,137202at6656,14491497.0,14460104.0,-
GCF_036320965.1,Chr 48,NC_092253.1,137334at6656,9902735.0,9894598.0,-
GCF_036320965.1,Chr 54,NC_092231.1,137338at6656,8977562.0,8975322.0,-
GCF_036320965.1,Chr 9,NC_092237.1,137422at6656,52616050.0,52621360.0,+
GCF_036320965.1,Chr 21,NC_092261.1,137609at6656,2100135.0,2101103.0,+
GCF_036320965.1,Chr 22,NC_092228.1,137709at6656,4008139.0,4006970.0,-
GCF_036320965.1,Chr 64,NC_092245.1,137711at6656,18458318.0,18449622.0,-
GCF_036320965.1,Chr 16,NC_092266.1,138243at6656,19434984.0,19445330.0,+
GCF_036320965.1,Chr 15,NC_092280.1,138271at6656,5166232.0,5172277.0,+
GCF_036320965.1,Chr 48,NC_092253.1,138401at6656,6874599.0,6878909.0,+
GCF_036320965.1,Chr 19,NC_092242.1,138502at6656,6249739.0,6250527.0,+
GCF_036320965.1,Chr 8,NC_092255.1,138553at6656,20616914.0,20614613.0,-
GCF_036320965.1,Chr 21,NC_092261.1,138659at6656,3630882.0,3604633.0,-
GCF_036320965.1,Chr 25,NC_092269.1,138684at6656,7350644.0,7344152.0,-
GCF_036320965.1,Chr 47,NC_092286.1,138937at6656,17359732.0,17376785.0,+
GCF_036320965.1,Chr 14,NC_092238.1,139217at6656,26760497.0,26759856.0,-
GCF_036320965.1,Chr 34,NC_092250.1,139553at6656,19547736.0,19559467.0,+
GCF_036320965.1,Chr 27,NC_092262.1,139638at6656,12264466.0,12268131.0,+
GCF_036320965.1,Chr 18,NC_092273.1,139744at6656,13569234.0,13543649.0,-
GCF_036320965.1,Chr 23,NC_092260.1,139834at6656,16468419.0,16487544.0,+
GCF_036320965.1,Chr 2,NC_092230.1,140076at6656,451383.0,421477.0,-
GCF_036320965.1,Chr 1,NC_092225.1,140197at6656,20064699.0,20068550.0,+
GCF_036320965.1,Chr 38,NC_092229.1,140198at6656,9452365.0,9485807.0,+
GCF_036320965.1,Chr 62,NC_092247.1,140403at6656,696701.0,655334.0,-
GCF_036320965.1,Chr 47,NC_092286.1,140693at6656,14078884.0,14066569.0,-
GCF_036320965.1,Chr 44,NC_092285.1,140874at6656,12819138.0,12821503.0,+
GCF_036320965.1,Chr 45,NC_092252.1,140903at6656,21680629.0,21572813.0,-
GCF_036320965.1,Chr 7,NC_092234.1,141031at6656,5484022.0,5433295.0,-
GCF_036320965.1,Chr 38,NC_092229.1,141163at6656,9614189.0,9689586.0,+
GCF_036320965.1,Chr 53,NC_092267.1,141166at6656,16712394.0,16525773.0,-
GCF_036320965.1,Chr 67,NC_092249.1,141175at6656,4279599.0,4296121.0,+
GCF_036320965.1,Chr 8,NC_092255.1,141804at6656,1072963.0,1048960.0,-
GCF_036320965.1,Chr 42,NC_092284.1,141859at6656,801769.0,805874.0,+
GCF_036320965.1,Chr 9,NC_092237.1,141916at6656,5810378.0,5803551.0,-
GCF_036320965.1,Chr 6,NC_092271.1,142388at6656,29382233.0,29389174.0,+
GCF_036320965.1,Chr 29,NC_092256.1,142415at6656,9609296.0,9616392.0,+
GCF_036320965.1,Chr 52,NC_092290.1,142522at6656,2843824.0,2848638.0,+
GCF_036320965.1,Chr 12,NC_092270.1,142613at6656,23418907.0,23375814.0,-
GCF_036320965.1,Chr 58,NC_092251.1,142833at6656,6667144.0,6671757.0,+
GCF_036320965.1,Chr 22,NC_092228.1,143154at6656,21986590.0,21988826.0,+
GCF_036320965.1,Chr 9,NC_092237.1,143279at6656,4236016.0,4236688.0,+
GCF_036320965.1,Chr 15,NC_092280.1,143459at6656,18177833.0,18213137.0,+
GCF_036320965.1,Chr 23,NC_092260.1,143489at6656,22397104.0,22401203.0,+
GCF_036320965.1,Chr 1,NC_092225.1,143626at6656,29075815.0,29068405.0,-
GCF_036320965.1,Chr 57,NC_092295.1,143709at6656,3119544.0,3113521.0,-
GCF_036320965.1,Chr 32,NC_092279.1,143930at6656,16785207.0,16789178.0,+
GCF_036320965.1,Chr 16,NC_092266.1,144337at6656,29090406.0,29095981.0,+
GCF_036320965.1,Chr 44,NC_092285.1,144652at6656,15445241.0,15466273.0,+
GCF_036320965.1,Chr 28,NC_092233.1,144836at6656,1077418.0,1054223.0,-
GCF_036320965.1,Chr 3,NC_092240.1,144851at6656,3485554.0,3497730.0,+
GCF_036320965.1,Chr 20,NC_092227.1,145033at6656,84529703.0,84569853.0,+
GCF_036320965.1,Chr 30,NC_092263.1,145102at6656,4897286.0,4902930.0,+
GCF_036320965.1,Chr 9,NC_092237.1,145443at6656,47642322.0,47644750.0,+
GCF_036320965.1,Chr 28,NC_092233.1,145610at6656,4558702.0,4572374.0,+
GCF_036320965.1,Chr 1,NC_092225.1,145811at6656,65772410.0,65806789.0,+
GCF_036320965.1,Chr 45,NC_092252.1,145996at6656,5553405.0,5557144.0,+
GCF_036320965.1,Chr 68,NC_092275.1,146007at6656,15224935.0,15240497.0,+
GCF_036320965.1,Chr 40,NC_092246.1,146036at6656,19533378.0,19532722.0,-
GCF_036320965.1,Chr 12,NC_092270.1,146087at6656,9389478.0,9410180.0,+
GCF_036320965.1,Chr 4,NC_092243.1,146102at6656,78138147.0,78173113.0,+
GCF_036320965.1,Chr 3,NC_092240.1,146103at6656,52605444.0,52595937.0,-
GCF_036320965.1,Chr 22,NC_092228.1,146383at6656,40996766.0,40996133.0,-
GCF_036320965.1,Chr 6,NC_092271.1,146600at6656,24589303.0,24592301.0,+
GCF_036320965.1,Chr 28,NC_092233.1,146920at6656,37158193.0,37105174.0,-
GCF_036320965.1,Chr 2,NC_092230.1,147002at6656,30605727.0,30651528.0,+
GCF_036320965.1,Chr 11,NC_092224.1,147322at6656,95056216.0,95075401.0,+
GCF_036320965.1,Chr 1,NC_092225.1,147657at6656,100964569.0,100955223.0,-
GCF_036320965.1,Chr 43,NC_092296.1,147723at6656,536069.0,534949.0,-
GCF_036320965.1,Chr 71,NW_027264807.1,147852at6656,142405.0,134808.0,-
GCF_036320965.1,Chr 1,NC_092225.1,147891at6656,15423882.0,15440511.0,+
GCF_036320965.1,Chr 26,NC_092226.1,148134at6656,6069547.0,6025663.0,-
GCF_036320965.1,Chr 26,NC_092226.1,148619at6656,12381003.0,12388789.0,+
GCF_036320965.1,Chr 17,NC_092232.1,148713at6656,34802565.0,34803056.0,+
GCF_036320965.1,Chr 21,NC_092261.1,148851at6656,6299455.0,6307011.0,+
GCF_036320965.1,Chr 1,NC_092225.1,148890at6656,98405005.0,98414011.0,+
GCF_036320965.1,Chr 1,NC_092225.1,149101at6656,21639390.0,21647474.0,+
GCF_036320965.1,Chr 20,NC_092227.1,149126at6656,10617652.0,10595350.0,-
GCF_036320965.1,Chr 59,NC_092268.1,149251at6656,7683838.0,7687570.0,+
GCF_036320965.1,Chr 5,NC_092254.1,149680at6656,12201709.0,12192366.0,-
GCF_036320965.1,Chr 11,NC_092224.1,149753at6656,78649425.0,78690598.0,+
GCF_036320965.1,Chr 56,NC_092282.1,149796at6656,7651760.0,7638396.0,-
GCF_036320965.1,Chr 20,NC_092227.1,149819at6656,10674971.0,10666000.0,-
GCF_036320965.1,Chr 52,NC_092290.1,149973at6656,11109566.0,11106537.0,-
GCF_036320965.1,Chr 67,NC_092249.1,149977at6656,6283246.0,6286705.0,+
GCF_036320965.1,Chr 27,NC_092262.1,150005at6656,10931482.0,10934374.0,+
GCF_036320965.1,Chr 1,NC_092225.1,150049at6656,76697841.0,76757882.0,+
GCF_036320965.1,Chr 31,NC_092288.1,150137at6656,7779547.0,7762661.0,-
GCF_036320965.1,Chr 9,NC_092237.1,150182at6656,48666066.0,48652588.0,-
GCF_036320965.1,Chr 34,NC_092250.1,150327at6656,20144016.0,20146696.0,+
GCF_036320965.1,Chr 59,NC_092268.1,150479at6656,8334808.0,8337837.0,+
GCF_036320965.1,Chr 66,NC_092264.1,150585at6656,13759391.0,13775186.0,+
GCF_036320965.1,Chr 32,NC_092279.1,150667at6656,17970640.0,17975406.0,+
GCF_036320965.1,Chr 42,NC_092284.1,150765at6656,6742479.0,6739139.0,-
GCF_036320965.1,Chr 16,NC_092266.1,151102at6656,28875277.0,28888725.0,+
GCF_036320965.1,Chr 20,NC_092227.1,151114at6656,62215412.0,62187077.0,-
GCF_036320965.1,Chr 16,NC_092266.1,151393at6656,32761836.0,32759944.0,-
GCF_036320965.1,Chr 59,NC_092268.1,151642at6656,4697122.0,4699337.0,+
GCF_036320965.1,Chr 1,NC_092225.1,151658at6656,45429987.0,45430316.0,+
GCF_036320965.1,Chr 1,NC_092225.1,152109at6656,76485240.0,76503206.0,+
GCF_036320965.1,Chr 16,NC_092266.1,152402at6656,12805905.0,12824249.0,+
GCF_036320965.1,Chr 15,NC_092280.1,152534at6656,4264456.0,4260851.0,-
GCF_036320965.1,Chr 13,NC_092235.1,152871at6656,64107850.0,64101739.0,-
GCF_036320965.1,Chr 39,NC_092236.1,153155at6656,12743745.0,12740218.0,-
GCF_036320965.1,Chr 70,NC_092294.1,153232at6656,6437121.0,6386573.0,-
GCF_036320965.1,Chr 48,NC_092253.1,153312at6656,9801904.0,9792506.0,-
GCF_036320965.1,Chr 13,NC_092235.1,153534at6656,69316225.0,69321399.0,+
GCF_036320965.1,Chr 44,NC_092285.1,154133at6656,13125052.0,13116251.0,-
GCF_036320965.1,Chr 5,NC_092254.1,154415at6656,2611021.0,2620658.0,+
GCF_036320965.1,Chr 10,NC_092291.1,154507at6656,9114096.0,9127935.0,+
GCF_036320965.1,Chr 3,NC_092240.1,155285at6656,56342992.0,56350018.0,+
GCF_036320965.1,Chr 6,NC_092271.1,156057at6656,12507193.0,12503787.0,-
GCF_036320965.1,Chr 19,NC_092242.1,156081at6656,56750366.0,56752722.0,+
GCF_036320965.1,Chr 23,NC_092260.1,156111at6656,5839195.0,5795561.0,-
GCF_036320965.1,Chr 24,NC_092244.1,156305at6656,14171230.0,14164089.0,-
GCF_036320965.1,Chr 6,NC_092271.1,156395at6656,22946740.0,22950852.0,+
GCF_036320965.1,Chr 62,NC_092247.1,156728at6656,6240063.0,6233754.0,-
GCF_036320965.1,Chr 25,NC_092269.1,156824at6656,40110407.0,40113511.0,+
GCF_036320965.1,Chr 44,NC_092285.1,156975at6656,14512979.0,14515189.0,+
GCF_036320965.1,Chr 2,NC_092230.1,157486at6656,51625545.0,51646712.0,+
GCF_036320965.1,Chr 26,NC_092226.1,157851at6656,71064309.0,71063759.0,-
GCF_036320965.1,Chr 5,NC_092254.1,157879at6656,6208946.0,6206886.0,-
GCF_036320965.1,Chr 8,NC_092255.1,158194at6656,20658937.0,20664251.0,+
GCF_036320965.1,Chr 37,NC_092241.1,158760at6656,48888586.0,48771178.0,-
GCF_036320965.1,Chr 33,NC_092278.1,159231at6656,37599450.0,37494761.0,-
GCF_036320965.1,Chr 56,NC_092282.1,159420at6656,7654406.0,7658925.0,+
GCF_036320965.1,Chr 41,NC_092239.1,159542at6656,31134585.0,31131291.0,-
GCF_036320965.1,Chr 4,NC_092243.1,160675at6656,50452162.0,50441120.0,-
GCF_036320965.1,Chr 14,NC_092238.1,161435at6656,89090.0,94777.0,+
GCF_036320965.1,Chr 2,NC_092230.1,162059at6656,23193019.0,23183264.0,-
GCF_036320965.1,Chr 21,NC_092261.1,162594at6656,1643787.0,1641541.0,-
GCF_036320965.1,Chr 9,NC_092237.1,162628at6656,7628560.0,7622873.0,-
GCF_036320965.1,Chr 17,NC_092232.1,163670at6656,31430984.0,31414451.0,-
GCF_036320965.1,Chr 41,NC_092239.1,163896at6656,12093818.0,12110014.0,+
GCF_036320965.1,Chr 25,NC_092269.1,164354at6656,37767472.0,37766080.0,-
GCF_036320965.1,Chr 13,NC_092235.1,164512at6656,62067340.0,62061853.0,-
GCF_036320965.1,Chr 45,NC_092252.1,165207at6656,8774483.0,8771727.0,-
GCF_036320965.1,Chr 18,NC_092273.1,165493at6656,15433396.0,15459743.0,+
GCF_036320965.1,Chr 31,NC_092288.1,166476at6656,24679754.0,24689643.0,+
GCF_036320965.1,Chr 69,NC_092272.1,166479at6656,359409.0,357743.0,-
GCF_036320965.1,Chr 30,NC_092263.1,166485at6656,11546051.0,11547017.0,+
GCF_040412425.1,Chr 11,NC_089746.1,774at6656,58337750.0,58238232.0,-
GCF_040412425.1,Chr 18,NC_089759.1,980at6656,10564874.0,10451694.0,-
GCF_040412425.1,Chr 4,NC_089744.1,997at6656,20121979.0,20139585.0,+
GCF_040412425.1,Chr 49,NC_089773.1,1166at6656,3056288.0,3099746.0,+
GCF_040412425.1,Chr 17,NC_089747.1,1885at6656,833526.0,706779.0,-
GCF_040412425.1,Chr 49,NC_089773.1,1990at6656,5587348.0,5686733.0,+
GCF_040412425.1,Chr 34,NC_089767.1,2148at6656,21142785.0,21058768.0,-
GCF_040412425.1,Chr 8,NC_089752.1,2456at6656,27111427.0,27027925.0,-
GCF_040412425.1,Chr 39,NC_089789.1,2473at6656,8890315.0,8781335.0,-
GCF_040412425.1,Chr 8,NC_089752.1,3310at6656,96200731.0,96129470.0,-
GCF_040412425.1,Chr 11,NC_089746.1,3585at6656,11624369.0,11651062.0,+
GCF_040412425.1,Chr 26,NC_089780.1,3644at6656,14629998.0,14617380.0,-
GCF_040412425.1,Chr 17,NC_089747.1,4136at6656,8282413.0,8316597.0,+
GCF_040412425.1,Chr 13,NC_089748.1,4227at6656,44228829.0,44290788.0,+
GCF_040412425.1,Chr 3,NC_089795.1,4864at6656,26473394.0,26374184.0,-
GCF_040412425.1,Chr 42,NC_089786.1,5277at6656,46276125.0,46338048.0,+
GCF_040412425.1,Chr 2,NC_089750.1,5616at6656,74703002.0,74710968.0,+
GCF_040412425.1,Chr 7,NC_089763.1,6453at6656,22894260.0,22862319.0,-
GCF_040412425.1,Chr 3,NC_089795.1,6563at6656,85913101.0,85934681.0,+
GCF_040412425.1,Chr 32,NC_089794.1,6715at6656,44763404.0,44695863.0,-
GCF_040412425.1,Chr 32,NC_089794.1,6820at6656,19917672.0,19897917.0,-
GCF_040412425.1,Chr 37,NC_089762.1,7210at6656,22137526.0,21978077.0,-
GCF_040412425.1,Chr 5,NC_089754.1,8495at6656,24471335.0,24467532.0,-
GCF_040412425.1,Chr 4,NC_089744.1,8847at6656,65058505.0,65092565.0,+
GCF_040412425.1,Chr 53,NC_089769.1,8913at6656,13881151.0,13869569.0,-
GCF_040412425.1,Chr 10,NC_089749.1,9647at6656,8930946.0,8944192.0,+
GCF_040412425.1,Chr 53,NC_089769.1,9648at6656,16185606.0,16207375.0,+
GCF_040412425.1,Chr 23,NC_089761.1,10240at6656,46775270.0,46885372.0,+
GCF_040412425.1,Chr 46,NC_089776.1,10573at6656,6500315.0,6532588.0,+
GCF_040412425.1,Chr 5,NC_089754.1,11384at6656,30651826.0,30711911.0,+
GCF_040412425.1,Chr 1,NC_089743.1,12029at6656,62229353.0,62308251.0,+
GCF_040412425.1,Chr 27,NC_089768.1,12174at6656,32289578.0,32189869.0,-
GCF_040412425.1,Chr 5,NC_089754.1,12383at6656,33577136.0,33581224.0,+
GCF_040412425.1,Chr 10,NC_089749.1,12771at6656,26633754.0,26630854.0,-
GCF_040412425.1,Chr 25,NC_089766.1,12846at6656,8746400.0,8757326.0,+
GCF_040412425.1,Chr 30,NC_089783.1,13019at6656,43137755.0,43099229.0,-
GCF_040412425.1,Chr 46,NC_089776.1,13051at6656,19745467.0,19713110.0,-
GCF_040412425.1,Chr 8,NC_089752.1,13736at6656,57677326.0,57611666.0,-
GCF_040412425.1,Chr 14,NC_089784.1,13833at6656,29428988.0,29426577.0,-
GCF_040412425.1,Chr 2,NC_089750.1,13858at6656,22719285.0,22721957.0,+
GCF_040412425.1,Chr 4,NC_089744.1,13890at6656,56268832.0,56161030.0,-
GCF_040412425.1,Chr 9,NC_089788.1,13934at6656,35196882.0,35002407.0,-
GCF_040412425.1,Chr 9,NC_089788.1,14090at6656,4604917.0,4591938.0,-
GCF_040412425.1,Chr 27,NC_089768.1,14257at6656,21297983.0,21268979.0,-
GCF_040412425.1,Chr 33,NC_089782.1,14447at6656,24827017.0,24851413.0,+
GCF_040412425.1,Chr 25,NC_089766.1,14995at6656,8570249.0,8558593.0,-
GCF_040412425.1,Chr 55,NC_089797.1,15200at6656,5794872.0,5762078.0,-
GCF_040412425.1,Chr 23,NC_089761.1,15697at6656,21740070.0,21813198.0,+
GCF_040412425.1,Chr 3,NC_089795.1,15905at6656,55500979.0,55425077.0,-
GCF_040412425.1,Chr 31,NC_089741.1,16061at6656,37567435.0,37553664.0,-
GCF_040412425.1,Chr 11,NC_089746.1,16084at6656,47618239.0,47640938.0,+
GCF_040412425.1,Chr 1,NC_089743.1,16220at6656,62749711.0,62776796.0,+
GCF_040412425.1,Chr 19,NC_089790.1,16630at6656,13410487.0,13397141.0,-
GCF_040412425.1,Chr 11,NC_089746.1,16648at6656,39721045.0,39707476.0,-
GCF_040412425.1,Chr 28,NC_089755.1,17122at6656,53460371.0,53445899.0,-
GCF_040412425.1,Chr 28,NC_089755.1,17128at6656,53273486.0,53308983.0,+
GCF_040412425.1,Chr 6,NC_089753.1,17748at6656,10253507.0,10303738.0,+
GCF_040412425.1,Chr 17,NC_089747.1,18036at6656,20253389.0,20102089.0,-
GCF_040412425.1,Chr 36,NC_089758.1,18055at6656,24633332.0,24664936.0,+
GCF_040412425.1,Chr 33,NC_089782.1,18073at6656,20181374.0,20152669.0,-
GCF_040412425.1,Chr 4,NC_089744.1,18630at6656,73869030.0,73851219.0,-
GCF_040412425.1,Chr 31,NC_089741.1,18929at6656,39083341.0,39072938.0,-
GCF_040412425.1,Chr 26,NC_089780.1,19044at6656,27527090.0,27627542.0,+
GCF_040412425.1,Chr 14,NC_089784.1,19058at6656,29918969.0,29889208.0,-
GCF_040412425.1,Chr 28,NC_089755.1,19104at6656,29092025.0,29080540.0,-
GCF_040412425.1,Chr 25,NC_089766.1,19129at6656,48306949.0,48294346.0,-
GCF_040412425.1,Chr 11,NC_089746.1,19208at6656,14474153.0,14456361.0,-
GCF_040412425.1,Chr 3,NC_089795.1,19289at6656,18097280.0,18234813.0,+
GCF_040412425.1,Chr 12,NC_089785.1,19590at6656,23049662.0,23039207.0,-
GCF_040412425.1,Chr 35,NC_089751.1,19760at6656,48201589.0,48173217.0,-
GCF_040412425.1,Chr 4,NC_089744.1,20093at6656,32228073.0,32054536.0,-
GCF_040412425.1,Chr 53,NC_089769.1,20162at6656,5270946.0,5381228.0,+
GCF_040412425.1,Chr 12,NC_089785.1,20267at6656,32869608.0,32822960.0,-
GCF_040412425.1,Chr 10,NC_089749.1,20935at6656,8897692.0,8908685.0,+
GCF_040412425.1,Chr 22,NC_089742.1,20936at6656,70592661.0,70529233.0,-
GCF_040412425.1,Chr 2,NC_089750.1,21019at6656,52964723.0,52952167.0,-
GCF_040412425.1,Chr 12,NC_089785.1,21361at6656,20714790.0,20726172.0,+
GCF_040412425.1,Chr 22,NC_089742.1,21367at6656,37237614.0,37216477.0,-
GCF_040412425.1,Chr 16,NC_089777.1,22098at6656,17882953.0,17872681.0,-
GCF_040412425.1,Chr 13,NC_089748.1,22148at6656,55466173.0,55497187.0,+
GCF_040412425.1,Chr 1,NC_089743.1,22358at6656,88349236.0,88302240.0,-
GCF_040412425.1,Chr 14,NC_089784.1,22364at6656,38447292.0,38366958.0,-
GCF_040412425.1,Chr 35,NC_089751.1,22468at6656,17020777.0,17133614.0,+
GCF_040412425.1,Chr 15,NC_089745.1,22611at6656,61717247.0,61814707.0,+
GCF_040412425.1,Chr 7,NC_089763.1,22887at6656,61467094.0,61915953.0,+
GCF_040412425.1,Chr 17,NC_089747.1,23309at6656,31670677.0,31558510.0,-
GCF_040412425.1,Chr 43,NC_089779.1,23388at6656,12756447.0,12777810.0,+
GCF_040412425.1,Chr 2,NC_089750.1,23429at6656,66595791.0,66600936.0,+
GCF_040412425.1,Chr 7,NC_089763.1,23917at6656,20036425.0,19995553.0,-
GCF_040412425.1,Chr 30,NC_089783.1,24255at6656,32160355.0,32118745.0,-
GCF_040412425.1,Chr 56,NC_089764.1,24427at6656,30907822.0,30887400.0,-
GCF_040412425.1,Chr 26,NC_089780.1,24459at6656,18607786.0,18615728.0,+
GCF_040412425.1,Chr 1,NC_089743.1,24573at6656,54988019.0,54946132.0,-
GCF_040412425.1,Chr 11,NC_089746.1,25554at6656,43326118.0,43338032.0,+
GCF_040412425.1,Chr 29,NC_089760.1,25680at6656,15333871.0,15282695.0,-
GCF_040412425.1,Chr 6,NC_089753.1,26078at6656,21572366.0,21556741.0,-
GCF_040412425.1,Chr 36,NC_089758.1,26653at6656,2014285.0,2016111.0,+
GCF_040412425.1,Chr 30,NC_089783.1,26734at6656,53734461.0,53759214.0,+
GCF_040412425.1,Chr 38,NC_089781.1,27198at6656,38015812.0,38209859.0,+
GCF_040412425.1,Chr 15,NC_089745.1,27515at6656,10188652.0,10200048.0,+
GCF_040412425.1,Chr 26,NC_089780.1,27617at6656,32402972.0,32210685.0,-
GCF_040412425.1,Chr 16,NC_089777.1,27655at6656,12852858.0,12904496.0,+
GCF_040412425.1,Chr 3,NC_089795.1,28325at6656,35918649.0,35972295.0,+
GCF_040412425.1,Chr 3,NC_089795.1,28380at6656,80301706.0,80241345.0,-
GCF_040412425.1,Chr 32,NC_089794.1,28519at6656,36895097.0,36880010.0,-
GCF_040412425.1,Chr 23,NC_089761.1,28685at6656,13971112.0,13848641.0,-
GCF_040412425.1,Chr 9,NC_089788.1,28872at6656,69711545.0,69686087.0,-
GCF_040412425.1,Chr 33,NC_089782.1,29213at6656,32272872.0,32251133.0,-
GCF_040412425.1,Chr 48,NC_089787.1,29237at6656,25533841.0,25547941.0,+
GCF_040412425.1,Chr 7,NC_089763.1,29365at6656,52570270.0,52513989.0,-
GCF_040412425.1,Chr 49,NC_089773.1,29730at6656,8977334.0,8972556.0,-
GCF_040412425.1,Chr 5,NC_089754.1,29744at6656,13627961.0,13746530.0,+
GCF_040412425.1,Chr 47,NC_089799.1,30156at6656,7066274.0,7095966.0,+
GCF_040412425.1,Chr 32,NC_089794.1,30184at6656,29055487.0,29066242.0,+
GCF_040412425.1,Chr 17,NC_089747.1,30267at6656,39864035.0,39842654.0,-
GCF_040412425.1,Chr 42,NC_089786.1,30463at6656,2458760.0,2470155.0,+
GCF_040412425.1,Chr 10,NC_089749.1,30512at6656,22977724.0,23006339.0,+
GCF_040412425.1,Chr 8,NC_089752.1,30526at6656,65711922.0,65607882.0,-
GCF_040412425.1,Chr 31,NC_089741.1,30642at6656,18469820.0,18484976.0,+
GCF_040412425.1,Chr 27,NC_089768.1,30822at6656,29930688.0,29912584.0,-
GCF_040412425.1,Chr 25,NC_089766.1,30918at6656,49809295.0,49858378.0,+
GCF_040412425.1,Chr 38,NC_089781.1,31014at6656,24705608.0,24709267.0,+
GCF_040412425.1,Chr 5,NC_089754.1,31196at6656,54928101.0,55001603.0,+
GCF_040412425.1,Chr 14,NC_089784.1,31333at6656,526117.0,505616.0,-
GCF_040412425.1,Chr 43,NC_089779.1,31480at6656,18920596.0,18957383.0,+
GCF_040412425.1,Chr 39,NC_089789.1,31615at6656,8922010.0,8897168.0,-
GCF_040412425.1,Chr 1,NC_089743.1,31634at6656,5290895.0,5227114.0,-
GCF_040412425.1,Chr 45,NC_089770.1,31820at6656,2175800.0,2171991.0,-
GCF_040412425.1,Chr 51,NC_089792.1,31886at6656,2629018.0,2612504.0,-
GCF_040412425.1,Chr 11,NC_089746.1,31919at6656,62556192.0,62611700.0,+
GCF_040412425.1,Chr 22,NC_089742.1,32694at6656,38415571.0,38399438.0,-
GCF_040412425.1,Chr 33,NC_089782.1,32733at6656,33456641.0,33463552.0,+
GCF_040412425.1,Chr 45,NC_089770.1,32851at6656,14589326.0,14566448.0,-
GCF_040412425.1,Chr 34,NC_089767.1,33187at6656,40807564.0,40800527.0,-
GCF_040412425.1,Chr 26,NC_089780.1,33566at6656,4985438.0,4876595.0,-
GCF_040412425.1,Chr 41,NC_089775.1,33794at6656,3598291.0,3613517.0,+
GCF_040412425.1,Chr 33,NC_089782.1,34586at6656,55834235.0,55639972.0,-
GCF_040412425.1,Chr 7,NC_089763.1,34917at6656,14649286.0,14714882.0,+
GCF_040412425.1,Chr 35,NC_089751.1,35548at6656,5155252.0,5167077.0,+
GCF_040412425.1,Chr 9,NC_089788.1,35680at6656,8057206.0,8045336.0,-
GCF_040412425.1,Chr 30,NC_089783.1,35995at6656,33442125.0,33426657.0,-
GCF_040412425.1,Chr 13,NC_089748.1,36374at6656,57185965.0,57141047.0,-
GCF_040412425.1,Chr 30,NC_089783.1,36387at6656,50159342.0,50183123.0,+
GCF_040412425.1,Chr 7,NC_089763.1,36403at6656,43027189.0,42992488.0,-
GCF_040412425.1,Chr 16,NC_089777.1,36463at6656,23169433.0,23162912.0,-
GCF_040412425.1,Chr 40,NC_089765.1,37030at6656,19215392.0,19203803.0,-
GCF_040412425.1,Chr 14,NC_089784.1,37297at6656,40007153.0,40134949.0,+
GCF_040412425.1,Chr 13,NC_089748.1,37387at6656,52076775.0,52009155.0,-
GCF_040412425.1,Chr 4,NC_089744.1,37678at6656,35364837.0,35325901.0,-
GCF_040412425.1,Chr 51,NC_089792.1,38140at6656,27616473.0,27691741.0,+
GCF_040412425.1,Chr 46,NC_089776.1,38186at6656,17786911.0,17853729.0,+
GCF_040412425.1,Chr 3,NC_089795.1,38303at6656,36447463.0,36434205.0,-
GCF_040412425.1,Chr 17,NC_089747.1,38391at6656,29493828.0,29589061.0,+
GCF_040412425.1,Chr 19,NC_089790.1,38567at6656,31183070.0,31117421.0,-
GCF_040412425.1,Chr 11,NC_089746.1,38819at6656,32848897.0,32889604.0,+
GCF_040412425.1,Chr 8,NC_089752.1,38928at6656,29369025.0,29325138.0,-
GCF_040412425.1,Chr 45,NC_089770.1,39506at6656,9970013.0,9979102.0,+
GCF_040412425.1,Chr 33,NC_089782.1,39548at6656,44891283.0,44904061.0,+
GCF_040412425.1,Chr 37,NC_089762.1,39783at6656,42541426.0,42552473.0,+
GCF_040412425.1,Chr 27,NC_089768.1,39809at6656,25332197.0,25321720.0,-
GCF_040412425.1,Chr 34,NC_089767.1,39821at6656,30176472.0,30046585.0,-
GCF_040412425.1,Chr 17,NC_089747.1,40065at6656,25641696.0,25690205.0,+
GCF_040412425.1,Chr 1,NC_089743.1,40092at6656,29806263.0,29752284.0,-
GCF_040412425.1,Chr 43,NC_089779.1,40213at6656,17851790.0,17874162.0,+
GCF_040412425.1,Chr 9,NC_089788.1,40240at6656,59516972.0,59539113.0,+
GCF_040412425.1,Chr 43,NC_089779.1,40319at6656,9903400.0,9862808.0,-
GCF_040412425.1,Chr 2,NC_089750.1,40323at6656,76342317.0,76366738.0,+
GCF_040412425.1,Chr 56,NC_089764.1,40399at6656,32917650.0,32956343.0,+
GCF_040412425.1,Chr 17,NC_089747.1,40691at6656,39441681.0,39459495.0,+
GCF_040412425.1,Chr 15,NC_089745.1,40929at6656,38541959.0,38519216.0,-
GCF_040412425.1,Chr 9,NC_089788.1,41522at6656,62525227.0,62471745.0,-
GCF_040412425.1,Chr 12,NC_089785.1,42622at6656,20745356.0,20734969.0,-
GCF_040412425.1,Chr 1,NC_089743.1,42819at6656,61064560.0,61172972.0,+
GCF_040412425.1,Chr 4,NC_089744.1,42943at6656,9190230.0,9214613.0,+
GCF_040412425.1,Chr 45,NC_089770.1,42992at6656,14895141.0,14878321.0,-
GCF_040412425.1,Chr 1,NC_089743.1,43045at6656,69245852.0,69289177.0,+
GCF_040412425.1,Chr 46,NC_089776.1,43236at6656,14158519.0,14139025.0,-
GCF_040412425.1,Chr 4,NC_089744.1,43245at6656,30220376.0,30148435.0,-
GCF_040412425.1,Chr 20,NC_089796.1,43540at6656,24769664.0,24823182.0,+
GCF_040412425.1,Chr 34,NC_089767.1,43728at6656,40752025.0,40729453.0,-
GCF_040412425.1,Chr 18,NC_089759.1,43774at6656,17203794.0,17226113.0,+
GCF_040412425.1,Chr 41,NC_089775.1,44001at6656,2200843.0,2203767.0,+
GCF_040412425.1,Chr 11,NC_089746.1,44123at6656,25918516.0,25891643.0,-
GCF_040412425.1,Chr 12,NC_089785.1,44359at6656,20692299.0,20679998.0,-
GCF_040412425.1,Chr 4,NC_089744.1,44389at6656,64320914.0,64233318.0,-
GCF_040412425.1,Chr 12,NC_089785.1,44504at6656,32917582.0,32979789.0,+
GCF_040412425.1,Chr 3,NC_089795.1,44630at6656,36238766.0,36289086.0,+
GCF_040412425.1,Chr 12,NC_089785.1,44694at6656,32241431.0,32220727.0,-
GCF_040412425.1,Chr 18,NC_089759.1,44953at6656,6581501.0,6615344.0,+
GCF_040412425.1,Chr 59,NW_027100729.1,45367at6656,688828.0,708948.0,+
GCF_040412425.1,Chr 1,NC_089743.1,45528at6656,77035535.0,76962674.0,-
GCF_040412425.1,Chr 1,NC_089743.1,45556at6656,16812996.0,16833464.0,+
GCF_040412425.1,Chr 44,NC_089793.1,45732at6656,16250664.0,16260580.0,+
GCF_040412425.1,Chr 5,NC_089754.1,45915at6656,46780117.0,46792492.0,+
GCF_040412425.1,Chr 20,NC_089796.1,46430at6656,7267722.0,7248522.0,-
GCF_040412425.1,Chr 3,NC_089795.1,46437at6656,32980686.0,32943020.0,-
GCF_040412425.1,Chr 13,NC_089748.1,46671at6656,33289363.0,33274628.0,-
GCF_040412425.1,Chr 15,NC_089745.1,46679at6656,20660658.0,20580898.0,-
GCF_040412425.1,Chr 9,NC_089788.1,46692at6656,40628489.0,40919529.0,+
GCF_040412425.1,Chr 21,NC_089756.1,46750at6656,27719752.0,27690273.0,-
GCF_040412425.1,Chr 4,NC_089744.1,46960at6656,29732291.0,29780680.0,+
GCF_040412425.1,Chr 15,NC_089745.1,47270at6656,52875942.0,52894553.0,+
GCF_040412425.1,Chr 6,NC_089753.1,47443at6656,21733141.0,21722882.0,-
GCF_040412425.1,Chr 18,NC_089759.1,47495at6656,22563460.0,22548489.0,-
GCF_040412425.1,Chr 25,NC_089766.1,47967at6656,15113095.0,15092629.0,-
GCF_040412425.1,Chr 7,NC_089763.1,48195at6656,14541762.0,14527576.0,-
GCF_040412425.1,Chr 17,NC_089747.1,48466at6656,34233608.0,34328928.0,+
GCF_040412425.1,Chr 27,NC_089768.1,48519at6656,8048241.0,7963535.0,-
GCF_040412425.1,Chr 18,NC_089759.1,48657at6656,25755373.0,25728623.0,-
GCF_040412425.1,Chr 7,NC_089763.1,48836at6656,45470429.0,45454218.0,-
GCF_040412425.1,Chr 3,NC_089795.1,49070at6656,53060375.0,53119842.0,+
GCF_040412425.1,Chr 58,NW_027100732.1,49936at6656,269967.0,294480.0,+
GCF_040412425.1,Chr 30,NC_089783.1,50493at6656,43186342.0,43184198.0,-
GCF_040412425.1,Chr 44,NC_089793.1,50740at6656,16283946.0,16308342.0,+
GCF_040412425.1,Chr 15,NC_089745.1,50947at6656,40544335.0,40533362.0,-
GCF_040412425.1,Chr 3,NC_089795.1,51037at6656,78096126.0,78081362.0,-
GCF_040412425.1,Chr 1,NC_089743.1,51280at6656,92029565.0,92032942.0,+
GCF_040412425.1,Chr 18,NC_089759.1,51364at6656,22947897.0,22931986.0,-
GCF_040412425.1,Chr 29,NC_089760.1,52210at6656,4384696.0,4366874.0,-
GCF_040412425.1,Chr 1,NC_089743.1,52224at6656,62437499.0,62531477.0,+
GCF_040412425.1,Chr 26,NC_089780.1,52320at6656,5268213.0,5217797.0,-
GCF_040412425.1,Chr 14,NC_089784.1,52422at6656,24790481.0,24801632.0,+
GCF_040412425.1,Chr 14,NC_089784.1,52643at6656,36178416.0,36092632.0,-
GCF_040412425.1,Chr 13,NC_089748.1,52828at6656,33993937.0,33981833.0,-
GCF_040412425.1,Chr 20,NC_089796.1,53201at6656,4620337.0,4606175.0,-
GCF_040412425.1,Chr 6,NC_089753.1,53243at6656,11896380.0,11865499.0,-
GCF_040412425.1,Chr 36,NC_089758.1,53298at6656,304128.0,462770.0,+
GCF_040412425.1,Chr 42,NC_089786.1,53318at6656,9183081.0,9165522.0,-
GCF_040412425.1,Chr 21,NC_089756.1,53993at6656,13886367.0,13887482.0,+
GCF_040412425.1,Chr 57,NC_089774.1,54236at6656,6743827.0,6749763.0,+
GCF_040412425.1,Chr 23,NC_089761.1,54527at6656,60913421.0,61003411.0,+
GCF_040412425.1,Chr 21,NC_089756.1,54679at6656,9625638.0,9724028.0,+
GCF_040412425.1,Chr 5,NC_089754.1,55036at6656,45507071.0,45489703.0,-
GCF_040412425.1,Chr 29,NC_089760.1,55108at6656,21227243.0,21193328.0,-
GCF_040412425.1,Chr 38,NC_089781.1,55260at6656,91910206.0,91899368.0,-
GCF_040412425.1,Chr 1,NC_089743.1,55417at6656,60698416.0,60567268.0,-
GCF_040412425.1,Chr 41,NC_089775.1,55450at6656,4149029.0,4154851.0,+
GCF_040412425.1,Chr 53,NC_089769.1,55599at6656,5866042.0,5855263.0,-
GCF_040412425.1,Chr 14,NC_089784.1,55847at6656,12358054.0,12391854.0,+
GCF_040412425.1,Chr 9,NC_089788.1,55953at6656,73682180.0,73725481.0,+
GCF_040412425.1,Chr 18,NC_089759.1,56010at6656,22913222.0,22890078.0,-
GCF_040412425.1,Chr 26,NC_089780.1,56449at6656,6907387.0,6938870.0,+
GCF_040412425.1,Chr 35,NC_089751.1,56523at6656,25858817.0,25908128.0,+
GCF_040412425.1,Chr 1,NC_089743.1,56687at6656,9440416.0,9398231.0,-
GCF_040412425.1,Chr 52,NC_089772.1,56836at6656,11604529.0,11617019.0,+
GCF_040412425.1,Chr 21,NC_089756.1,57262at6656,39927005.0,39924183.0,-
GCF_040412425.1,Chr 22,NC_089742.1,57605at6656,34805802.0,34813537.0,+
GCF_040412425.1,Chr 32,NC_089794.1,57624at6656,22298334.0,22307037.0,+
GCF_040412425.1,Chr 33,NC_089782.1,57932at6656,28495949.0,28494225.0,-
GCF_040412425.1,Chr 9,NC_089788.1,58012at6656,4627274.0,4614127.0,-
GCF_040412425.1,Chr 29,NC_089760.1,58027at6656,37980586.0,37964355.0,-
GCF_040412425.1,Chr 1,NC_089743.1,58110at6656,70087362.0,70106991.0,+
GCF_040412425.1,Chr 58,NW_027100732.1,58119at6656,1161527.0,1138048.0,-
GCF_040412425.1,Chr 14,NC_089784.1,58276at6656,19553582.0,19531295.0,-
GCF_040412425.1,Chr 19,NC_089790.1,59084at6656,10047883.0,10036623.0,-
GCF_040412425.1,Chr 10,NC_089749.1,59197at6656,9761359.0,9793368.0,+
GCF_040412425.1,Chr 17,NC_089747.1,59226at6656,12361806.0,12381577.0,+
GCF_040412425.1,Chr 36,NC_089758.1,59393at6656,6492861.0,6469409.0,-
GCF_040412425.1,Chr 6,NC_089753.1,59430at6656,23752570.0,23760156.0,+
GCF_040412425.1,Chr 1,NC_089743.1,59681at6656,8933778.0,9101132.0,+
GCF_040412425.1,Chr 55,NC_089797.1,59833at6656,7242516.0,7247525.0,+
GCF_040412425.1,Chr 19,NC_089790.1,60067at6656,6849588.0,6860618.0,+
GCF_040412425.1,Chr 4,NC_089744.1,60299at6656,33685814.0,33634184.0,-
GCF_040412425.1,Chr 11,NC_089746.1,60333at6656,7502124.0,7542992.0,+
GCF_040412425.1,Chr 16,NC_089777.1,60356at6656,27872323.0,27839963.0,-
GCF_040412425.1,Chr 26,NC_089780.1,60468at6656,26233529.0,26298142.0,+
GCF_040412425.1,Chr 3,NC_089795.1,60682at6656,79386489.0,79379004.0,-
GCF_040412425.1,Chr 7,NC_089763.1,60729at6656,3541134.0,3425257.0,-
GCF_040412425.1,Chr 4,NC_089744.1,60762at6656,42480965.0,42467572.0,-
GCF_040412425.1,Chr 2,NC_089750.1,61081at6656,22304863.0,22358758.0,+
GCF_040412425.1,Chr 51,NC_089792.1,61096at6656,18286081.0,18270563.0,-
GCF_040412425.1,Chr 21,NC_089756.1,61153at6656,48861291.0,48829032.0,-
GCF_040412425.1,Chr 8,NC_089752.1,61261at6656,5651736.0,5632761.0,-
GCF_040412425.1,Chr 10,NC_089749.1,61577at6656,22342640.0,22335733.0,-
GCF_040412425.1,Chr 10,NC_089749.1,61612at6656,14952169.0,14966086.0,+
GCF_040412425.1,Chr 41,NC_089775.1,62275at6656,3061732.0,3070789.0,+
GCF_040412425.1,Chr 5,NC_089754.1,62580at6656,26959729.0,26912997.0,-
GCF_040412425.1,Chr 12,NC_089785.1,62678at6656,22805913.0,22810400.0,+
GCF_040412425.1,Chr 4,NC_089744.1,62914at6656,31181115.0,31324970.0,+
GCF_040412425.1,Chr 18,NC_089759.1,62979at6656,6425316.0,6375154.0,-
GCF_040412425.1,Chr 1,NC_089743.1,63193at6656,25216967.0,25215711.0,-
GCF_040412425.1,Chr 50,NC_089757.1,63228at6656,40140240.0,40009137.0,-
GCF_040412425.1,Chr 38,NC_089781.1,63461at6656,89350146.0,89346094.0,-
GCF_040412425.1,Chr 17,NC_089747.1,63923at6656,11600557.0,11616830.0,+
GCF_040412425.1,Chr 57,NC_089774.1,63924at6656,4800860.0,4816379.0,+
GCF_040412425.1,Chr 18,NC_089759.1,64046at6656,18807446.0,18827327.0,+
GCF_040412425.1,Chr 25,NC_089766.1,64896at6656,48261809.0,48245543.0,-
GCF_040412425.1,Chr 5,NC_089754.1,65490at6656,19477741.0,19506037.0,+
GCF_040412425.1,Chr 18,NC_089759.1,65508at6656,10412529.0,10431597.0,+
GCF_040412425.1,Chr 22,NC_089742.1,65532at6656,40439463.0,40476781.0,+
GCF_040412425.1,Chr 4,NC_089744.1,65949at6656,33784914.0,33835486.0,+
GCF_040412425.1,Chr 40,NC_089765.1,66028at6656,19456369.0,19462228.0,+
GCF_040412425.1,Chr 5,NC_089754.1,66366at6656,24027048.0,24073764.0,+
GCF_040412425.1,Chr 53,NC_089769.1,66597at6656,4267166.0,4251450.0,-
GCF_040412425.1,Chr 20,NC_089796.1,67113at6656,57801470.0,57738624.0,-
GCF_040412425.1,Chr 15,NC_089745.1,67166at6656,43166765.0,43134603.0,-
GCF_040412425.1,Chr 39,NC_089789.1,67191at6656,24365622.0,24337940.0,-
GCF_040412425.1,Chr 3,NC_089795.1,67491at6656,30584484.0,30508088.0,-
GCF_040412425.1,Chr 18,NC_089759.1,67583at6656,21391822.0,21397158.0,+
GCF_040412425.1,Chr 21,NC_089756.1,67710at6656,38947669.0,38935089.0,-
GCF_040412425.1,Chr 7,NC_089763.1,68468at6656,42053082.0,42061462.0,+
GCF_040412425.1,Chr 36,NC_089758.1,68491at6656,2542799.0,2638596.0,+
GCF_040412425.1,Chr 18,NC_089759.1,68731at6656,22866138.0,22887011.0,+
GCF_040412425.1,Chr 12,NC_089785.1,68876at6656,30731765.0,30737935.0,+
GCF_040412425.1,Chr 7,NC_089763.1,68939at6656,15119970.0,15129393.0,+
GCF_040412425.1,Chr 29,NC_089760.1,68961at6656,47296929.0,47299429.0,+
GCF_040412425.1,Chr 32,NC_089794.1,68981at6656,22405552.0,22412119.0,+
GCF_040412425.1,Chr 9,NC_089788.1,68987at6656,8394423.0,8376931.0,-
GCF_040412425.1,Chr 1,NC_089743.1,69201at6656,835450.0,1217878.0,+
GCF_040412425.1,Chr 15,NC_089745.1,69238at6656,14029001.0,14020921.0,-
GCF_040412425.1,Chr 6,NC_089753.1,69284at6656,6306727.0,6361554.0,+
GCF_040412425.1,Chr 9,NC_089788.1,69394at6656,65584785.0,65572972.0,-
GCF_040412425.1,Chr 23,NC_089761.1,69403at6656,33962110.0,33973820.0,+
GCF_040412425.1,Chr 6,NC_089753.1,69742at6656,28581141.0,28589189.0,+
GCF_040412425.1,Chr 14,NC_089784.1,69897at6656,30652571.0,30642048.0,-
GCF_040412425.1,Chr 45,NC_089770.1,70078at6656,11144579.0,11138456.0,-
GCF_040412425.1,Chr 17,NC_089747.1,70201at6656,15451364.0,15444922.0,-
GCF_040412425.1,Chr 1,NC_089743.1,70550at6656,10531665.0,10486882.0,-
GCF_040412425.1,Chr 10,NC_089749.1,70663at6656,22718343.0,22695029.0,-
GCF_040412425.1,Chr 43,NC_089779.1,71018at6656,16054313.0,16051030.0,-
GCF_040412425.1,Chr 45,NC_089770.1,71110at6656,18431812.0,18420238.0,-
GCF_040412425.1,Chr 8,NC_089752.1,71129at6656,103125443.0,103027899.0,-
GCF_040412425.1,Chr 8,NC_089752.1,71199at6656,33889887.0,33954434.0,+
GCF_040412425.1,Chr 10,NC_089749.1,71230at6656,58365225.0,58354928.0,-
GCF_040412425.1,Chr 2,NC_089750.1,71251at6656,75097159.0,75093500.0,-
GCF_040412425.1,Chr 7,NC_089763.1,71483at6656,33745415.0,33751110.0,+
GCF_040412425.1,Chr 10,NC_089749.1,71937at6656,44627771.0,44595384.0,-
GCF_040412425.1,Chr 11,NC_089746.1,72450at6656,2716378.0,2276223.0,-
GCF_040412425.1,Chr 12,NC_089785.1,72578at6656,23741319.0,23735104.0,-
GCF_040412425.1,Chr 21,NC_089756.1,72583at6656,43027043.0,43036847.0,+
GCF_040412425.1,Chr 7,NC_089763.1,72586at6656,31639603.0,31644498.0,+
GCF_040412425.1,Chr 24,NC_089791.1,72782at6656,35965281.0,35941188.0,-
GCF_040412425.1,Chr 7,NC_089763.1,72857at6656,14791961.0,14794690.0,+
GCF_040412425.1,Chr 44,NC_089793.1,73084at6656,3588595.0,3595709.0,+
GCF_040412425.1,Chr 39,NC_089789.1,73301at6656,9106586.0,9143191.0,+
GCF_040412425.1,Chr 4,NC_089744.1,73455at6656,33067135.0,33117691.0,+
GCF_040412425.1,Chr 32,NC_089794.1,73456at6656,36637439.0,36606032.0,-
GCF_040412425.1,Chr 7,NC_089763.1,74384at6656,1780685.0,1781851.0,+
GCF_040412425.1,Chr 9,NC_089788.1,74655at6656,73767436.0,73780470.0,+
GCF_040412425.1,Chr 17,NC_089747.1,74692at6656,30699442.0,30652441.0,-
GCF_040412425.1,Chr 48,NC_089787.1,74836at6656,26325966.0,26317012.0,-
GCF_040412425.1,Chr 34,NC_089767.1,75692at6656,33732246.0,33738830.0,+
GCF_040412425.1,Chr 3,NC_089795.1,75704at6656,66096676.0,65973633.0,-
GCF_040412425.1,Chr 2,NC_089750.1,75764at6656,31571638.0,31379195.0,-
GCF_040412425.1,Chr 7,NC_089763.1,75982at6656,10623479.0,10644958.0,+
GCF_040412425.1,Chr 27,NC_089768.1,76308at6656,32903260.0,32895627.0,-
GCF_040412425.1,Chr 4,NC_089744.1,76342at6656,35296534.0,35325365.0,+
GCF_040412425.1,Chr 20,NC_089796.1,76573at6656,224694.0,215017.0,-
GCF_040412425.1,Chr 6,NC_089753.1,76745at6656,20359892.0,20355077.0,-
GCF_040412425.1,Chr 55,NC_089797.1,76812at6656,7979753.0,7956244.0,-
GCF_040412425.1,Chr 11,NC_089746.1,77197at6656,9538611.0,9477963.0,-
GCF_040412425.1,Chr 7,NC_089763.1,77688at6656,11158838.0,11100457.0,-
GCF_040412425.1,Chr 15,NC_089745.1,77770at6656,40560739.0,40574393.0,+
GCF_040412425.1,Chr 20,NC_089796.1,77883at6656,78308565.0,78298053.0,-
GCF_040412425.1,Chr 27,NC_089768.1,77976at6656,8264715.0,8252073.0,-
GCF_040412425.1,Chr 25,NC_089766.1,77987at6656,1461471.0,1456416.0,-
GCF_040412425.1,Chr 12,NC_089785.1,78110at6656,20501312.0,20493946.0,-
GCF_040412425.1,Chr 13,NC_089748.1,78202at6656,45287035.0,45275733.0,-
GCF_040412425.1,Chr 2,NC_089750.1,78254at6656,6049261.0,6041028.0,-
GCF_040412425.1,Chr 28,NC_089755.1,78695at6656,44840209.0,44846669.0,+
GCF_040412425.1,Chr 39,NC_089789.1,78777at6656,23858105.0,23881503.0,+
GCF_040412425.1,Chr 46,NC_089776.1,78844at6656,5470780.0,5455661.0,-
GCF_040412425.1,Chr 16,NC_089777.1,78854at6656,1297959.0,1117253.0,-
GCF_040412425.1,Chr 25,NC_089766.1,78919at6656,8735592.0,8738111.0,+
GCF_040412425.1,Chr 28,NC_089755.1,78921at6656,23646954.0,23551970.0,-
GCF_040412425.1,Chr 39,NC_089789.1,78947at6656,30722773.0,30736183.0,+
GCF_040412425.1,Chr 1,NC_089743.1,78968at6656,91750373.0,91751518.0,+
GCF_040412425.1,Chr 5,NC_089754.1,79241at6656,38605697.0,38612335.0,+
GCF_040412425.1,Chr 6,NC_089753.1,79377at6656,19984217.0,19948690.0,-
GCF_040412425.1,Chr 21,NC_089756.1,79915at6656,29746387.0,29754823.0,+
GCF_040412425.1,Chr 13,NC_089748.1,79993at6656,12374863.0,12400613.0,+
GCF_040412425.1,Chr 41,NC_089775.1,80067at6656,3828312.0,3820688.0,-
GCF_040412425.1,Chr 38,NC_089781.1,80294at6656,9467947.0,9433062.0,-
GCF_040412425.1,Chr 8,NC_089752.1,80317at6656,5219809.0,5230574.0,+
GCF_040412425.1,Chr 8,NC_089752.1,80348at6656,97962366.0,98148448.0,+
GCF_040412425.1,Chr 34,NC_089767.1,80689at6656,37165642.0,37159670.0,-
GCF_040412425.1,Chr 4,NC_089744.1,80693at6656,41595915.0,41732332.0,+
GCF_040412425.1,Chr 38,NC_089781.1,80948at6656,37950840.0,37752879.0,-
GCF_040412425.1,Chr 2,NC_089750.1,81292at6656,14360223.0,14369536.0,+
GCF_040412425.1,Chr 5,NC_089754.1,81307at6656,47896476.0,47878576.0,-
GCF_040412425.1,Chr 39,NC_089789.1,81406at6656,30881222.0,30864562.0,-
GCF_040412425.1,Chr 33,NC_089782.1,81413at6656,19536230.0,19545928.0,+
GCF_040412425.1,Chr 5,NC_089754.1,81423at6656,14735789.0,14800968.0,+
GCF_040412425.1,Chr 11,NC_089746.1,81650at6656,50923355.0,50915448.0,-
GCF_040412425.1,Chr 31,NC_089741.1,81703at6656,41762600.0,41753381.0,-
GCF_040412425.1,Chr 48,NC_089787.1,81708at6656,32076542.0,32062487.0,-
GCF_040412425.1,Chr 37,NC_089762.1,81919at6656,34316483.0,34300658.0,-
GCF_040412425.1,Chr 12,NC_089785.1,81950at6656,18182031.0,18160204.0,-
GCF_040412425.1,Chr 18,NC_089759.1,83102at6656,6882547.0,6938808.0,+
GCF_040412425.1,Chr 46,NC_089776.1,83164at6656,26907263.0,26928415.0,+
GCF_040412425.1,Chr 11,NC_089746.1,83303at6656,23423195.0,23387617.0,-
GCF_040412425.1,Chr 32,NC_089794.1,83350at6656,38873720.0,38844721.0,-
GCF_040412425.1,Chr 32,NC_089794.1,83372at6656,38793881.0,38818756.0,+
GCF_040412425.1,Chr 31,NC_089741.1,83376at6656,55361525.0,55321723.0,-
GCF_040412425.1,Chr 30,NC_089783.1,83613at6656,50129102.0,50128077.0,-
GCF_040412425.1,Chr 1,NC_089743.1,83673at6656,91729662.0,91719755.0,-
GCF_040412425.1,Chr 29,NC_089760.1,83765at6656,29594759.0,29610569.0,+
GCF_040412425.1,Chr 49,NC_089773.1,84028at6656,13516531.0,13524964.0,+
GCF_040412425.1,Chr 7,NC_089763.1,84097at6656,52286503.0,52364104.0,+
GCF_040412425.1,Chr 51,NC_089792.1,84149at6656,17130746.0,17118468.0,-
GCF_040412425.1,Chr 8,NC_089752.1,84169at6656,27228670.0,27285740.0,+
GCF_040412425.1,Chr 15,NC_089745.1,84422at6656,2692688.0,2683779.0,-
GCF_040412425.1,Chr 28,NC_089755.1,84576at6656,33403684.0,33398999.0,-
GCF_040412425.1,Chr 8,NC_089752.1,84819at6656,66548258.0,66665540.0,+
GCF_040412425.1,Chr 33,NC_089782.1,84925at6656,18444397.0,18443384.0,-
GCF_040412425.1,Chr 5,NC_089754.1,85103at6656,25060183.0,25030056.0,-
GCF_040412425.1,Chr 32,NC_089794.1,85574at6656,40624010.0,40625305.0,+
GCF_040412425.1,Chr 19,NC_089790.1,85680at6656,23739751.0,23817709.0,+
GCF_040412425.1,Chr 46,NC_089776.1,85810at6656,5194786.0,5424203.0,+
GCF_040412425.1,Chr 47,NC_089799.1,86318at6656,24267851.0,24245221.0,-
GCF_040412425.1,Chr 8,NC_089752.1,86488at6656,113196693.0,113189643.0,-
GCF_040412425.1,Chr 44,NC_089793.1,86654at6656,7321515.0,7319914.0,-
GCF_040412425.1,Chr 20,NC_089796.1,86889at6656,10119769.0,10141369.0,+
GCF_040412425.1,Chr 13,NC_089748.1,86930at6656,39415494.0,39403316.0,-
GCF_040412425.1,Chr 6,NC_089753.1,87014at6656,30847625.0,30858413.0,+
GCF_040412425.1,Chr 4,NC_089744.1,87089at6656,82875395.0,83013528.0,+
GCF_040412425.1,Chr 13,NC_089748.1,87103at6656,36809870.0,36824410.0,+
GCF_040412425.1,Chr 2,NC_089750.1,87114at6656,9154920.0,9153139.0,-
GCF_040412425.1,Chr 2,NC_089750.1,87139at6656,52291726.0,52257975.0,-
GCF_040412425.1,Chr 52,NC_089772.1,87142at6656,290035.0,350619.0,+
GCF_040412425.1,Chr 24,NC_089791.1,87527at6656,54760195.0,54778176.0,+
GCF_040412425.1,Chr 33,NC_089782.1,87575at6656,43207450.0,43213955.0,+
GCF_040412425.1,Chr 13,NC_089748.1,87728at6656,45519849.0,45523704.0,+
GCF_040412425.1,Chr 37,NC_089762.1,87910at6656,31581068.0,31598486.0,+
GCF_040412425.1,Chr 20,NC_089796.1,87928at6656,11779709.0,11758546.0,-
GCF_040412425.1,Chr 45,NC_089770.1,87933at6656,4877790.0,4883142.0,+
GCF_040412425.1,Chr 11,NC_089746.1,88051at6656,42914384.0,42961676.0,+
GCF_040412425.1,Chr 27,NC_089768.1,88711at6656,13091403.0,13117156.0,+
GCF_040412425.1,Chr 52,NC_089772.1,89064at6656,9570662.0,9560727.0,-
GCF_040412425.1,Chr 37,NC_089762.1,89153at6656,20410779.0,20533236.0,+
GCF_040412425.1,Chr 8,NC_089752.1,89677at6656,108136080.0,108130754.0,-
GCF_040412425.1,Chr 6,NC_089753.1,89713at6656,27334343.0,27342587.0,+
GCF_040412425.1,Chr 10,NC_089749.1,89810at6656,20706013.0,20744232.0,+
GCF_040412425.1,Chr 14,NC_089784.1,89864at6656,29368465.0,29393714.0,+
GCF_040412425.1,Chr 25,NC_089766.1,90126at6656,15024723.0,14995264.0,-
GCF_040412425.1,Chr 33,NC_089782.1,90322at6656,17311522.0,17310185.0,-
GCF_040412425.1,Chr 24,NC_089791.1,90580at6656,7344065.0,7598545.0,+
GCF_040412425.1,Chr 31,NC_089741.1,90600at6656,42438969.0,42435747.0,-
GCF_040412425.1,Chr 41,NC_089775.1,90822at6656,3285424.0,3281839.0,-
GCF_040412425.1,Chr 42,NC_089786.1,90931at6656,15631297.0,15640721.0,+
GCF_040412425.1,Chr 1,NC_089743.1,91002at6656,32301254.0,32315531.0,+
GCF_040412425.1,Chr 18,NC_089759.1,91005at6656,22440429.0,22469603.0,+
GCF_040412425.1,Chr 9,NC_089788.1,91313at6656,62192609.0,62140734.0,-
GCF_040412425.1,Chr 43,NC_089779.1,91418at6656,20407833.0,20304180.0,-
GCF_040412425.1,Chr 23,NC_089761.1,91468at6656,60808312.0,60654155.0,-
GCF_040412425.1,Chr 56,NC_089764.1,91933at6656,22212829.0,22155006.0,-
GCF_040412425.1,Chr 12,NC_089785.1,91946at6656,19128121.0,19192716.0,+
GCF_040412425.1,Chr 15,NC_089745.1,92167at6656,16825154.0,16846479.0,+
GCF_040412425.1,Chr 5,NC_089754.1,92184at6656,38371840.0,38367191.0,-
GCF_040412425.1,Chr 11,NC_089746.1,92420at6656,65163208.0,65173848.0,+
GCF_040412425.1,Chr 1,NC_089743.1,92576at6656,91073830.0,91108871.0,+
GCF_040412425.1,Chr 16,NC_089777.1,92777at6656,17741526.0,17746111.0,+
GCF_040412425.1,Chr 56,NC_089764.1,92854at6656,31811832.0,31821226.0,+
GCF_040412425.1,Chr 13,NC_089748.1,93061at6656,32081285.0,32084529.0,+
GCF_040412425.1,Chr 37,NC_089762.1,93085at6656,42185952.0,42179803.0,-
GCF_040412425.1,Chr 30,NC_089783.1,93152at6656,48716887.0,48700386.0,-
GCF_040412425.1,Chr 16,NC_089777.1,93408at6656,27744899.0,27730794.0,-
GCF_040412425.1,Chr 4,NC_089744.1,93432at6656,42875306.0,42959067.0,+
GCF_040412425.1,Chr 14,NC_089784.1,93483at6656,5061315.0,5041728.0,-
GCF_040412425.1,Chr 1,NC_089743.1,93507at6656,48752649.0,48702670.0,-
GCF_040412425.1,Chr 6,NC_089753.1,93535at6656,22749780.0,22752960.0,+
GCF_040412425.1,Chr 54,NC_089771.1,93797at6656,14604962.0,14576925.0,-
GCF_040412425.1,Chr 24,NC_089791.1,94054at6656,13820898.0,13905795.0,+
GCF_040412425.1,Chr 15,NC_089745.1,94238at6656,30397636.0,30457505.0,+
GCF_040412425.1,Chr 11,NC_089746.1,94263at6656,24452748.0,24474917.0,+
GCF_040412425.1,Chr 34,NC_089767.1,94304at6656,6645361.0,6628088.0,-
GCF_040412425.1,Chr 23,NC_089761.1,94473at6656,66891100.0,66837541.0,-
GCF_040412425.1,Chr 25,NC_089766.1,94476at6656,7974987.0,7986999.0,+
GCF_040412425.1,Chr 29,NC_089760.1,94842at6656,17043064.0,17066584.0,+
GCF_040412425.1,Chr 5,NC_089754.1,94878at6656,38169039.0,38156348.0,-
GCF_040412425.1,Chr 32,NC_089794.1,95028at6656,27599940.0,27604352.0,+
GCF_040412425.1,Chr 22,NC_089742.1,95089at6656,46599641.0,46603436.0,+
GCF_040412425.1,Chr 47,NC_089799.1,95294at6656,9118095.0,9124440.0,+
GCF_040412425.1,Chr 37,NC_089762.1,95524at6656,15984720.0,16034488.0,+
GCF_040412425.1,Chr 36,NC_089758.1,96251at6656,13629808.0,13635116.0,+
GCF_040412425.1,Chr 42,NC_089786.1,96444at6656,49759227.0,49748839.0,-
GCF_040412425.1,Chr 39,NC_089789.1,96569at6656,37312234.0,37321426.0,+
GCF_040412425.1,Chr 16,NC_089777.1,96601at6656,40124406.0,40312685.0,+
GCF_040412425.1,Chr 22,NC_089742.1,96956at6656,28809159.0,28805260.0,-
GCF_040412425.1,Chr 2,NC_089750.1,96971at6656,75081309.0,75074367.0,-
GCF_040412425.1,Chr 3,NC_089795.1,97492at6656,41690440.0,41678904.0,-
GCF_040412425.1,Chr 46,NC_089776.1,97749at6656,9084697.0,9043619.0,-
GCF_040412425.1,Chr 26,NC_089780.1,97763at6656,27213005.0,27159606.0,-
GCF_040412425.1,Chr 10,NC_089749.1,97865at6656,44881300.0,44703338.0,-
GCF_040412425.1,Chr 10,NC_089749.1,98066at6656,53809272.0,53825126.0,+
GCF_040412425.1,Chr 2,NC_089750.1,98251at6656,68000754.0,68023799.0,+
GCF_040412425.1,Chr 10,NC_089749.1,98620at6656,58121041.0,58146086.0,+
GCF_040412425.1,Chr 19,NC_089790.1,98755at6656,6686290.0,6679130.0,-
GCF_040412425.1,Chr 7,NC_089763.1,98821at6656,20620677.0,20644973.0,+
GCF_040412425.1,Chr 28,NC_089755.1,98927at6656,52399404.0,52398535.0,-
GCF_040412425.1,Chr 8,NC_089752.1,98948at6656,4117207.0,4104806.0,-
GCF_040412425.1,Chr 38,NC_089781.1,99204at6656,34514250.0,34529353.0,+
GCF_040412425.1,Chr 6,NC_089753.1,99270at6656,36851741.0,36870353.0,+
GCF_040412425.1,Chr 48,NC_089787.1,99307at6656,23428003.0,23420439.0,-
GCF_040412425.1,Chr 6,NC_089753.1,99377at6656,54499251.0,54522098.0,+
GCF_040412425.1,Chr 10,NC_089749.1,99519at6656,56868933.0,56870674.0,+
GCF_040412425.1,Chr 6,NC_089753.1,99625at6656,57960397.0,57912066.0,-
GCF_040412425.1,Chr 3,NC_089795.1,99998at6656,33008694.0,33002834.0,-
GCF_040412425.1,Chr 12,NC_089785.1,100070at6656,23490186.0,23493498.0,+
GCF_040412425.1,Chr 18,NC_089759.1,100136at6656,3964699.0,3961243.0,-
GCF_040412425.1,Chr 15,NC_089745.1,100216at6656,6100933.0,6095994.0,-
GCF_040412425.1,Chr 30,NC_089783.1,100296at6656,43659859.0,43636992.0,-
GCF_040412425.1,Chr 30,NC_089783.1,100612at6656,33368812.0,33398420.0,+
GCF_040412425.1,Chr 30,NC_089783.1,100664at6656,22641017.0,22606846.0,-
GCF_040412425.1,Chr 35,NC_089751.1,100673at6656,1534483.0,1587233.0,+
GCF_040412425.1,Chr 44,NC_089793.1,100760at6656,11945823.0,11954245.0,+
GCF_040412425.1,Chr 24,NC_089791.1,101349at6656,18384092.0,18394263.0,+
GCF_040412425.1,Chr 41,NC_089775.1,101359at6656,2272961.0,2265824.0,-
GCF_040412425.1,Chr 19,NC_089790.1,101491at6656,8910278.0,8923890.0,+
GCF_040412425.1,Chr 26,NC_089780.1,101531at6656,5845835.0,5810298.0,-
GCF_040412425.1,Chr 55,NC_089797.1,101621at6656,10537899.0,10511995.0,-
GCF_040412425.1,Chr 49,NC_089773.1,101727at6656,6317236.0,6305380.0,-
GCF_040412425.1,Chr 47,NC_089799.1,101761at6656,18911571.0,18914152.0,+
GCF_040412425.1,Chr 20,NC_089796.1,101767at6656,19708686.0,19663749.0,-
GCF_040412425.1,Chr 29,NC_089760.1,101829at6656,40763569.0,40710856.0,-
GCF_040412425.1,Chr 5,NC_089754.1,101886at6656,25250419.0,25253354.0,+
GCF_040412425.1,Chr 46,NC_089776.1,102321at6656,7683452.0,7684149.0,+
GCF_040412425.1,Chr 50,NC_089757.1,102714at6656,37185337.0,37176744.0,-
GCF_040412425.1,Chr 4,NC_089744.1,102770at6656,77953650.0,77964159.0,+
GCF_040412425.1,Chr 16,NC_089777.1,103125at6656,7359136.0,7343943.0,-
GCF_040412425.1,Chr 8,NC_089752.1,103207at6656,49857795.0,49900317.0,+
GCF_040412425.1,Chr 2,NC_089750.1,103479at6656,60504567.0,60482533.0,-
GCF_040412425.1,Chr 4,NC_089744.1,103590at6656,3873809.0,3831013.0,-
GCF_040412425.1,Chr 52,NC_089772.1,103747at6656,6545160.0,6502806.0,-
GCF_040412425.1,Chr 1,NC_089743.1,103749at6656,30178695.0,30105490.0,-
GCF_040412425.1,Chr 9,NC_089788.1,103908at6656,4577854.0,4585399.0,+
GCF_040412425.1,Chr 42,NC_089786.1,103914at6656,49624925.0,49609449.0,-
GCF_040412425.1,Chr 26,NC_089780.1,104063at6656,28748783.0,28741896.0,-
GCF_040412425.1,Chr 13,NC_089748.1,104122at6656,52541752.0,52668543.0,+
GCF_040412425.1,Chr 47,NC_089799.1,104198at6656,38784572.0,38779601.0,-
GCF_040412425.1,Chr 1,NC_089743.1,104410at6656,10565839.0,10606885.0,+
GCF_040412425.1,Chr 7,NC_089763.1,104588at6656,42068804.0,42065545.0,-
GCF_040412425.1,Chr 25,NC_089766.1,104604at6656,47711655.0,47704119.0,-
GCF_040412425.1,Chr 3,NC_089795.1,105000at6656,74134094.0,74137036.0,+
GCF_040412425.1,Chr 30,NC_089783.1,105099at6656,34721040.0,34745846.0,+
GCF_040412425.1,Chr 10,NC_089749.1,105170at6656,36831356.0,36683793.0,-
GCF_040412425.1,Chr 6,NC_089753.1,105364at6656,28597462.0,28590679.0,-
GCF_040412425.1,Chr 38,NC_089781.1,105771at6656,16156268.0,16149332.0,-
GCF_040412425.1,Chr 14,NC_089784.1,106126at6656,9101204.0,9070870.0,-
GCF_040412425.1,Chr 6,NC_089753.1,106466at6656,48090495.0,48076201.0,-
GCF_040412425.1,Chr 12,NC_089785.1,106634at6656,32712554.0,32698545.0,-
GCF_040412425.1,Chr 52,NC_089772.1,106639at6656,1291968.0,1275864.0,-
GCF_040412425.1,Chr 35,NC_089751.1,106788at6656,28864055.0,28894132.0,+
GCF_040412425.1,Chr 42,NC_089786.1,106988at6656,2479490.0,2478351.0,-
GCF_040412425.1,Chr 36,NC_089758.1,107030at6656,10349224.0,10391761.0,+
GCF_040412425.1,Chr 19,NC_089790.1,107139at6656,4820818.0,4813712.0,-
GCF_040412425.1,Chr 36,NC_089758.1,107226at6656,12646044.0,12586338.0,-
GCF_040412425.1,Chr 52,NC_089772.1,107353at6656,10948576.0,10949610.0,+
GCF_040412425.1,Chr 14,NC_089784.1,107427at6656,28365869.0,28370466.0,+
GCF_040412425.1,Chr 15,NC_089745.1,107453at6656,25608898.0,25640099.0,+
GCF_040412425.1,Chr 35,NC_089751.1,107615at6656,5177414.0,5189805.0,+
GCF_040412425.1,Chr 40,NC_089765.1,107802at6656,24429253.0,24445737.0,+
GCF_040412425.1,Chr 42,NC_089786.1,107806at6656,2919628.0,2925056.0,+
GCF_040412425.1,Chr 16,NC_089777.1,107844at6656,5739995.0,5717253.0,-
GCF_040412425.1,Chr 36,NC_089758.1,108162at6656,5795814.0,5816685.0,+
GCF_040412425.1,Chr 8,NC_089752.1,108207at6656,5677043.0,5666530.0,-
GCF_040412425.1,Chr 2,NC_089750.1,108240at6656,77062052.0,77056773.0,-
GCF_040412425.1,Chr 14,NC_089784.1,108693at6656,9767306.0,9777912.0,+
GCF_040412425.1,Chr 27,NC_089768.1,108702at6656,8931099.0,8929095.0,-
GCF_040412425.1,Chr 21,NC_089756.1,108705at6656,27870027.0,27907222.0,+
GCF_040412425.1,Chr 16,NC_089777.1,108808at6656,13881036.0,13893010.0,+
GCF_040412425.1,Chr 31,NC_089741.1,109325at6656,42389899.0,42394291.0,+
GCF_040412425.1,Chr 2,NC_089750.1,109444at6656,61178663.0,61279095.0,+
GCF_040412425.1,Chr 13,NC_089748.1,109484at6656,71146699.0,71142179.0,-
GCF_040412425.1,Chr 25,NC_089766.1,109562at6656,50879475.0,50878303.0,-
GCF_040412425.1,Chr 22,NC_089742.1,109664at6656,53063509.0,52885690.0,-
GCF_040412425.1,Chr 6,NC_089753.1,109724at6656,37855861.0,37845719.0,-
GCF_040412425.1,Chr 3,NC_089795.1,109793at6656,49665556.0,49663462.0,-
GCF_040412425.1,Chr 9,NC_089788.1,109923at6656,62910997.0,62943066.0,+
GCF_040412425.1,Chr 37,NC_089762.1,110129at6656,46151933.0,46160343.0,+
GCF_040412425.1,Chr 3,NC_089795.1,110504at6656,53132361.0,53207110.0,+
GCF_040412425.1,Chr 20,NC_089796.1,110787at6656,7037257.0,7044458.0,+
GCF_040412425.1,Chr 10,NC_089749.1,110982at6656,10005532.0,10013891.0,+
GCF_040412425.1,Chr 28,NC_089755.1,111082at6656,52102100.0,52111557.0,+
GCF_040412425.1,Chr 12,NC_089785.1,111153at6656,33066174.0,33018885.0,-
GCF_040412425.1,Chr 2,NC_089750.1,111236at6656,5996137.0,5987662.0,-
GCF_040412425.1,Chr 32,NC_089794.1,111239at6656,3200620.0,3154947.0,-
GCF_040412425.1,Chr 21,NC_089756.1,111545at6656,38356552.0,38362287.0,+
GCF_040412425.1,Chr 41,NC_089775.1,112281at6656,1497992.0,1494348.0,-
GCF_040412425.1,Chr 17,NC_089747.1,112328at6656,11553291.0,11544063.0,-
GCF_040412425.1,Chr 37,NC_089762.1,112360at6656,15142011.0,15277498.0,+
GCF_040412425.1,Chr 14,NC_089784.1,112556at6656,1142203.0,1158883.0,+
GCF_040412425.1,Chr 36,NC_089758.1,112634at6656,30581368.0,30574224.0,-
GCF_040412425.1,Chr 25,NC_089766.1,112645at6656,4906415.0,4892427.0,-
GCF_040412425.1,Chr 28,NC_089755.1,112759at6656,45606329.0,45602846.0,-
GCF_040412425.1,Chr 50,NC_089757.1,113015at6656,39008911.0,38908496.0,-
GCF_040412425.1,Chr 14,NC_089784.1,113300at6656,18635770.0,18627795.0,-
GCF_040412425.1,Chr 8,NC_089752.1,113604at6656,71512344.0,71611120.0,+
GCF_040412425.1,Chr 2,NC_089750.1,113622at6656,75397058.0,75384985.0,-
GCF_040412425.1,Chr 54,NC_089771.1,113641at6656,32831971.0,32826274.0,-
GCF_040412425.1,Chr 47,NC_089799.1,113668at6656,25862728.0,25901603.0,+
GCF_040412425.1,Chr 4,NC_089744.1,113713at6656,21391028.0,21385751.0,-
GCF_040412425.1,Chr 9,NC_089788.1,113817at6656,8568453.0,8555635.0,-
GCF_040412425.1,Chr 39,NC_089789.1,113818at6656,19252228.0,19255503.0,+
GCF_040412425.1,Chr 5,NC_089754.1,113865at6656,39929993.0,39925737.0,-
GCF_040412425.1,Chr 27,NC_089768.1,113960at6656,8347776.0,8359049.0,+
GCF_040412425.1,Chr 8,NC_089752.1,114019at6656,100509967.0,100622300.0,+
GCF_040412425.1,Chr 23,NC_089761.1,114360at6656,53785641.0,53824546.0,+
GCF_040412425.1,Chr 38,NC_089781.1,114463at6656,74890857.0,74900315.0,+
GCF_040412425.1,Chr 40,NC_089765.1,114609at6656,25015383.0,25094458.0,+
GCF_040412425.1,Chr 38,NC_089781.1,114738at6656,10398462.0,10347640.0,-
GCF_040412425.1,Chr 8,NC_089752.1,114765at6656,17315610.0,17400680.0,+
GCF_040412425.1,Chr 39,NC_089789.1,115001at6656,37288860.0,37297602.0,+
GCF_040412425.1,Chr 24,NC_089791.1,115208at6656,47840641.0,47857216.0,+
GCF_040412425.1,Chr 5,NC_089754.1,115229at6656,27628396.0,27605124.0,-
GCF_040412425.1,Chr 1,NC_089743.1,115252at6656,69297107.0,69382866.0,+
GCF_040412425.1,Chr 22,NC_089742.1,115256at6656,34824599.0,34840234.0,+
GCF_040412425.1,Chr 19,NC_089790.1,115462at6656,19248879.0,19241229.0,-
GCF_040412425.1,Chr 9,NC_089788.1,115537at6656,52609584.0,52458127.0,-
GCF_040412425.1,Chr 20,NC_089796.1,115841at6656,57242816.0,57126596.0,-
GCF_040412425.1,Chr 13,NC_089748.1,115917at6656,67169789.0,67206026.0,+
GCF_040412425.1,Chr 31,NC_089741.1,116117at6656,35081067.0,35092111.0,+
GCF_040412425.1,Chr 17,NC_089747.1,116401at6656,34856657.0,34801917.0,-
GCF_040412425.1,Chr 6,NC_089753.1,116608at6656,6226408.0,6185626.0,-
GCF_040412425.1,Chr 2,NC_089750.1,116688at6656,74715557.0,74719170.0,+
GCF_040412425.1,Chr 5,NC_089754.1,116804at6656,38516935.0,38526195.0,+
GCF_040412425.1,Chr 31,NC_089741.1,116982at6656,38942468.0,38938025.0,-
GCF_040412425.1,Chr 57,NC_089774.1,117173at6656,1756696.0,1785115.0,+
GCF_040412425.1,Chr 56,NC_089764.1,117335at6656,32264982.0,32286013.0,+
GCF_040412425.1,Chr 3,NC_089795.1,117399at6656,20350876.0,20407439.0,+
GCF_040412425.1,Chr 29,NC_089760.1,117413at6656,36608217.0,36583355.0,-
GCF_040412425.1,Chr 42,NC_089786.1,117586at6656,54637131.0,54648081.0,+
GCF_040412425.1,Chr 22,NC_089742.1,117742at6656,70709015.0,70744781.0,+
GCF_040412425.1,Chr 31,NC_089741.1,117811at6656,2227860.0,2285647.0,+
GCF_040412425.1,Chr 22,NC_089742.1,117843at6656,38655011.0,38657066.0,+
GCF_040412425.1,Chr 8,NC_089752.1,117947at6656,117352230.0,117341247.0,-
GCF_040412425.1,Chr 6,NC_089753.1,118014at6656,31516146.0,31518718.0,+
GCF_040412425.1,Chr 12,NC_089785.1,118037at6656,26042601.0,26040200.0,-
GCF_040412425.1,Chr 24,NC_089791.1,118496at6656,72304757.0,72391581.0,+
GCF_040412425.1,Chr 2,NC_089750.1,118527at6656,6263170.0,6259951.0,-
GCF_040412425.1,Chr 54,NC_089771.1,118761at6656,25489956.0,25494191.0,+
GCF_040412425.1,Chr 31,NC_089741.1,118780at6656,59285059.0,59283899.0,-
GCF_040412425.1,Chr 26,NC_089780.1,118807at6656,21026453.0,21032679.0,+
GCF_040412425.1,Chr 5,NC_089754.1,118831at6656,41315119.0,41305102.0,-
GCF_040412425.1,Chr 34,NC_089767.1,118904at6656,3931026.0,3957170.0,+
GCF_040412425.1,Chr 48,NC_089787.1,119012at6656,40473819.0,40446199.0,-
GCF_040412425.1,Chr 3,NC_089795.1,119144at6656,65696012.0,65745904.0,+
GCF_040412425.1,Chr 35,NC_089751.1,119194at6656,23103869.0,23126523.0,+
GCF_040412425.1,Chr 33,NC_089782.1,119438at6656,15939952.0,16019107.0,+
GCF_040412425.1,Chr 11,NC_089746.1,119541at6656,29283422.0,29295074.0,+
GCF_040412425.1,Chr 11,NC_089746.1,119951at6656,19478270.0,19502127.0,+
GCF_040412425.1,Chr 10,NC_089749.1,120047at6656,55086383.0,55079997.0,-
GCF_040412425.1,Chr 18,NC_089759.1,120383at6656,27956965.0,27958933.0,+
GCF_040412425.1,Chr 24,NC_089791.1,120445at6656,50311363.0,50368874.0,+
GCF_040412425.1,Chr 29,NC_089760.1,120875at6656,3638941.0,3678823.0,+
GCF_040412425.1,Chr 23,NC_089761.1,120958at6656,21841670.0,21825820.0,-
GCF_040412425.1,Chr 21,NC_089756.1,121002at6656,2360184.0,2605784.0,+
GCF_040412425.1,Chr 1,NC_089743.1,121220at6656,57021028.0,57020285.0,-
GCF_040412425.1,Chr 38,NC_089781.1,121530at6656,74921671.0,74920355.0,-
GCF_040412425.1,Chr 9,NC_089788.1,121558at6656,13972396.0,13946263.0,-
GCF_040412425.1,Chr 24,NC_089791.1,121894at6656,66436550.0,66709533.0,+
GCF_040412425.1,Chr 16,NC_089777.1,122526at6656,38654804.0,38631499.0,-
GCF_040412425.1,Chr 24,NC_089791.1,122665at6656,16027984.0,16059355.0,+
GCF_040412425.1,Chr 47,NC_089799.1,122816at6656,8145916.0,8152340.0,+
GCF_040412425.1,Chr 50,NC_089757.1,123035at6656,37387149.0,37386487.0,-
GCF_040412425.1,Chr 37,NC_089762.1,123320at6656,5018741.0,5047328.0,+
GCF_040412425.1,Chr 31,NC_089741.1,123409at6656,37643778.0,37638361.0,-
GCF_040412425.1,Chr 27,NC_089768.1,123631at6656,70246.0,129754.0,+
GCF_040412425.1,Chr 39,NC_089789.1,123672at6656,29012310.0,28994833.0,-
GCF_040412425.1,Chr 44,NC_089793.1,123790at6656,8458607.0,8554367.0,+
GCF_040412425.1,Chr 15,NC_089745.1,123853at6656,4179814.0,4194177.0,+
GCF_040412425.1,Chr 10,NC_089749.1,124174at6656,10939380.0,10945024.0,+
GCF_040412425.1,Chr 27,NC_089768.1,124282at6656,31211383.0,31214032.0,+
GCF_040412425.1,Chr 22,NC_089742.1,124400at6656,73920797.0,73880111.0,-
GCF_040412425.1,Chr 6,NC_089753.1,124452at6656,43421124.0,43415310.0,-
GCF_040412425.1,Chr 40,NC_089765.1,124707at6656,15025080.0,15030540.0,+
GCF_040412425.1,Chr 22,NC_089742.1,124720at6656,75153172.0,75084431.0,-
GCF_040412425.1,Chr 48,NC_089787.1,124730at6656,24319715.0,24317052.0,-
GCF_040412425.1,Chr 41,NC_089775.1,124981at6656,3507470.0,3514117.0,+
GCF_040412425.1,Chr 29,NC_089760.1,125100at6656,35644243.0,35650225.0,+
GCF_040412425.1,Chr 12,NC_089785.1,125127at6656,29467556.0,29477620.0,+
GCF_040412425.1,Chr 10,NC_089749.1,125210at6656,44887912.0,44914621.0,+
GCF_040412425.1,Chr 12,NC_089785.1,125234at6656,33240354.0,33231847.0,-
GCF_040412425.1,Chr 9,NC_089788.1,125238at6656,74618142.0,74623133.0,+
GCF_040412425.1,Chr 2,NC_089750.1,125414at6656,76191348.0,76186098.0,-
GCF_040412425.1,Chr 31,NC_089741.1,125446at6656,42769558.0,42761531.0,-
GCF_040412425.1,Chr 19,NC_089790.1,125452at6656,13392191.0,13390611.0,-
GCF_040412425.1,Chr 23,NC_089761.1,126074at6656,34116095.0,34107601.0,-
GCF_040412425.1,Chr 18,NC_089759.1,126225at6656,24186050.0,24186538.0,+
GCF_040412425.1,Chr 20,NC_089796.1,126442at6656,22525751.0,22543079.0,+
GCF_040412425.1,Chr 37,NC_089762.1,126483at6656,128967.0,141435.0,+
GCF_040412425.1,Chr 44,NC_089793.1,126733at6656,3784714.0,3790325.0,+
GCF_040412425.1,Chr 19,NC_089790.1,127511at6656,3099655.0,3103741.0,+
GCF_040412425.1,Chr 55,NC_089797.1,127602at6656,12557711.0,12562534.0,+
GCF_040412425.1,Chr 33,NC_089782.1,127649at6656,25363741.0,25357533.0,-
GCF_040412425.1,Chr 19,NC_089790.1,127661at6656,6894290.0,6885441.0,-
GCF_040412425.1,Chr 9,NC_089788.1,127775at6656,4627831.0,4630950.0,+
GCF_040412425.1,Chr 20,NC_089796.1,127998at6656,12435886.0,12433239.0,-
GCF_040412425.1,Chr 20,NC_089796.1,128030at6656,69050.0,72655.0,+
GCF_040412425.1,Chr 12,NC_089785.1,128188at6656,34280883.0,34244890.0,-
GCF_040412425.1,Chr 10,NC_089749.1,128216at6656,19044400.0,19033503.0,-
GCF_040412425.1,Chr 37,NC_089762.1,128331at6656,12597552.0,12719545.0,+
GCF_040412425.1,Chr 21,NC_089756.1,128464at6656,45012213.0,45017382.0,+
GCF_040412425.1,Chr 40,NC_089765.1,128916at6656,28147178.0,28162828.0,+
GCF_040412425.1,Chr 29,NC_089760.1,129077at6656,37934307.0,37942666.0,+
GCF_040412425.1,Chr 44,NC_089793.1,129131at6656,8418146.0,8413653.0,-
GCF_040412425.1,Chr 20,NC_089796.1,129200at6656,6060381.0,6072451.0,+
GCF_040412425.1,Chr 10,NC_089749.1,129593at6656,56058642.0,56077103.0,+
GCF_040412425.1,Chr 4,NC_089744.1,129618at6656,49051074.0,49009416.0,-
GCF_040412425.1,Chr 17,NC_089747.1,129675at6656,2295431.0,2288943.0,-
GCF_040412425.1,Chr 2,NC_089750.1,129886at6656,63932638.0,63946922.0,+
GCF_040412425.1,Chr 35,NC_089751.1,129902at6656,24460678.0,24482370.0,+
GCF_040412425.1,Chr 19,NC_089790.1,129989at6656,3135191.0,3129830.0,-
GCF_040412425.1,Chr 19,NC_089790.1,130105at6656,19220238.0,19219515.0,-
GCF_040412425.1,Chr 19,NC_089790.1,130126at6656,19174838.0,19174125.0,-
GCF_040412425.1,Chr 17,NC_089747.1,130176at6656,3198364.0,3194420.0,-
GCF_040412425.1,Chr 32,NC_089794.1,130363at6656,32660391.0,32635786.0,-
GCF_040412425.1,Chr 2,NC_089750.1,130514at6656,4992582.0,4983222.0,-
GCF_040412425.1,Chr 31,NC_089741.1,130563at6656,42401358.0,42407658.0,+
GCF_040412425.1,Chr 26,NC_089780.1,130663at6656,15463698.0,15461570.0,-
GCF_040412425.1,Chr 5,NC_089754.1,130825at6656,39818898.0,39825265.0,+
GCF_040412425.1,Chr 36,NC_089758.1,130923at6656,29840972.0,29835733.0,-
GCF_040412425.1,Chr 40,NC_089765.1,131276at6656,24496332.0,24495148.0,-
GCF_040412425.1,Chr 50,NC_089757.1,131495at6656,38265153.0,38336441.0,+
GCF_040412425.1,Chr 29,NC_089760.1,131516at6656,36563067.0,36539281.0,-
GCF_040412425.1,Chr 22,NC_089742.1,131588at6656,71124046.0,71145377.0,+
GCF_040412425.1,Chr 13,NC_089748.1,131642at6656,85291019.0,85343975.0,+
GCF_040412425.1,Chr 2,NC_089750.1,131668at6656,66251537.0,66244861.0,-
GCF_040412425.1,Chr 21,NC_089756.1,131720at6656,28694986.0,28687690.0,-
GCF_040412425.1,Chr 16,NC_089777.1,131751at6656,27892453.0,27910633.0,+
GCF_040412425.1,Chr 44,NC_089793.1,131921at6656,11585633.0,11582343.0,-
GCF_040412425.1,Chr 29,NC_089760.1,132329at6656,15535312.0,15512434.0,-
GCF_040412425.1,Chr 42,NC_089786.1,132340at6656,10825708.0,10836414.0,+
GCF_040412425.1,Chr 28,NC_089755.1,132441at6656,45899925.0,45874221.0,-
GCF_040412425.1,Chr 5,NC_089754.1,132495at6656,56393494.0,56403694.0,+
GCF_040412425.1,Chr 24,NC_089791.1,133015at6656,50793736.0,50791601.0,-
GCF_040412425.1,Chr 27,NC_089768.1,133329at6656,32307605.0,32307156.0,-
GCF_040412425.1,Chr 26,NC_089780.1,133362at6656,10222706.0,10219405.0,-
GCF_040412425.1,Chr 24,NC_089791.1,133422at6656,64787467.0,64848131.0,+
GCF_040412425.1,Chr 20,NC_089796.1,133603at6656,6050080.0,6044441.0,-
GCF_040412425.1,Chr 13,NC_089748.1,133735at6656,48396988.0,48389150.0,-
GCF_040412425.1,Chr 4,NC_089744.1,133949at6656,67094121.0,67079444.0,-
GCF_040412425.1,Chr 1,NC_089743.1,134073at6656,32578582.0,32536857.0,-
GCF_040412425.1,Chr 24,NC_089791.1,134209at6656,24151673.0,24179366.0,+
GCF_040412425.1,Chr 29,NC_089760.1,134216at6656,40572341.0,40579182.0,+
GCF_040412425.1,Chr 9,NC_089788.1,134673at6656,70304951.0,70313042.0,+
GCF_040412425.1,Chr 6,NC_089753.1,134708at6656,38461522.0,38452820.0,-
GCF_040412425.1,Chr 15,NC_089745.1,134776at6656,10001767.0,10064529.0,+
GCF_040412425.1,Chr 50,NC_089757.1,134853at6656,6775451.0,6759526.0,-
GCF_040412425.1,Chr 5,NC_089754.1,134865at6656,46812723.0,46819153.0,+
GCF_040412425.1,Chr 43,NC_089779.1,134885at6656,17515243.0,17519923.0,+
GCF_040412425.1,Chr 14,NC_089784.1,135065at6656,35694816.0,35755757.0,+
GCF_040412425.1,Chr 57,NC_089774.1,135075at6656,6663640.0,6655360.0,-
GCF_040412425.1,Chr 24,NC_089791.1,135107at6656,18509609.0,18476333.0,-
GCF_040412425.1,Chr 12,NC_089785.1,135123at6656,29717708.0,29710551.0,-
GCF_040412425.1,Chr 15,NC_089745.1,135203at6656,57635308.0,57630515.0,-
GCF_040412425.1,Chr 21,NC_089756.1,135204at6656,52160878.0,52178826.0,+
GCF_040412425.1,Chr 18,NC_089759.1,135215at6656,16154816.0,16159540.0,+
GCF_040412425.1,Chr 2,NC_089750.1,135357at6656,42289282.0,42441320.0,+
GCF_040412425.1,Chr 16,NC_089777.1,135373at6656,19381456.0,19386206.0,+
GCF_040412425.1,Chr 16,NC_089777.1,135391at6656,5911793.0,5912611.0,+
GCF_040412425.1,Chr 34,NC_089767.1,135526at6656,33929163.0,33924970.0,-
GCF_040412425.1,Chr 15,NC_089745.1,135676at6656,54188259.0,54182245.0,-
GCF_040412425.1,Chr 29,NC_089760.1,135690at6656,5360443.0,5377698.0,+
GCF_040412425.1,Chr 21,NC_089756.1,135764at6656,52103744.0,52119072.0,+
GCF_040412425.1,Chr 47,NC_089799.1,135828at6656,38211371.0,38195784.0,-
GCF_040412425.1,Chr 51,NC_089792.1,135834at6656,35223077.0,35138345.0,-
GCF_040412425.1,Chr 7,NC_089763.1,135859at6656,12418973.0,12384667.0,-
GCF_040412425.1,Chr 14,NC_089784.1,135975at6656,23198017.0,23190156.0,-
GCF_040412425.1,Chr 9,NC_089788.1,135994at6656,1584687.0,1586978.0,+
GCF_040412425.1,Chr 8,NC_089752.1,136055at6656,117331427.0,117333989.0,+
GCF_040412425.1,Chr 3,NC_089795.1,136119at6656,32427656.0,32492662.0,+
GCF_040412425.1,Chr 6,NC_089753.1,136224at6656,18601721.0,18725883.0,+
GCF_040412425.1,Chr 34,NC_089767.1,136559at6656,4295127.0,4302546.0,+
GCF_040412425.1,Chr 41,NC_089775.1,136888at6656,1552189.0,1550198.0,-
GCF_040412425.1,Chr 55,NC_089797.1,137050at6656,12389649.0,12390368.0,+
GCF_040412425.1,Chr 32,NC_089794.1,137197at6656,40996030.0,41022377.0,+
GCF_040412425.1,Chr 28,NC_089755.1,137202at6656,40114281.0,40101559.0,-
GCF_040412425.1,Chr 34,NC_089767.1,137334at6656,21346275.0,21317467.0,-
GCF_040412425.1,Chr 49,NC_089773.1,137338at6656,5062004.0,5056050.0,-
GCF_040412425.1,Chr 52,NC_089772.1,137422at6656,11578574.0,11569604.0,-
GCF_040412425.1,Chr 2,NC_089750.1,137609at6656,61029578.0,61028616.0,-
GCF_040412425.1,Chr 3,NC_089795.1,137709at6656,70788999.0,70790150.0,+
GCF_040412425.1,Chr 30,NC_089783.1,137711at6656,14933102.0,14923097.0,-
GCF_040412425.1,Chr 8,NC_089752.1,138243at6656,12183520.0,12171378.0,-
GCF_040412425.1,Chr 34,NC_089767.1,138271at6656,30411941.0,30409083.0,-
GCF_040412425.1,Chr 34,NC_089767.1,138401at6656,34145627.0,34143154.0,-
GCF_040412425.1,Chr 16,NC_089777.1,138502at6656,37248112.0,37248906.0,+
GCF_040412425.1,Chr 16,NC_089777.1,138553at6656,17756504.0,17754052.0,-
GCF_040412425.1,Chr 40,NC_089765.1,138659at6656,4829904.0,4763790.0,-
GCF_040412425.1,Chr 16,NC_089777.1,138684at6656,40357181.0,40315964.0,-
GCF_040412425.1,Chr 45,NC_089770.1,138937at6656,4255940.0,4254373.0,-
GCF_040412425.1,Chr 39,NC_089789.1,139217at6656,40952734.0,40952102.0,-
GCF_040412425.1,Chr 36,NC_089758.1,139553at6656,6072188.0,6084997.0,+
GCF_040412425.1,Chr 20,NC_089796.1,139638at6656,22290658.0,22290149.0,-
GCF_040412425.1,Chr 3,NC_089795.1,139744at6656,59726004.0,59703490.0,-
GCF_040412425.1,Chr 13,NC_089748.1,139834at6656,42476615.0,42485038.0,+
GCF_040412425.1,Chr 30,NC_089783.1,140076at6656,26705346.0,26715974.0,+
GCF_040412425.1,Chr 11,NC_089746.1,140197at6656,14442655.0,14451550.0,+
GCF_040412425.1,Chr 23,NC_089761.1,140198at6656,41506376.0,41495467.0,-
GCF_040412425.1,Chr 28,NC_089755.1,140403at6656,33136856.0,33159296.0,+
GCF_040412425.1,Chr 25,NC_089766.1,140461at6656,8776306.0,8770322.0,-
GCF_040412425.1,Chr 7,NC_089763.1,140693at6656,30052786.0,30045145.0,-
GCF_040412425.1,Chr 19,NC_089790.1,140874at6656,21434373.0,21431048.0,-
GCF_040412425.1,Chr 34,NC_089767.1,140903at6656,41769847.0,41774191.0,+
GCF_040412425.1,Chr 23,NC_089761.1,141163at6656,47774006.0,47763896.0,-
GCF_040412425.1,Chr 17,NC_089747.1,141166at6656,26510056.0,26410563.0,-
GCF_040412425.1,Chr 22,NC_089742.1,141175at6656,48898958.0,48913842.0,+
GCF_040412425.1,Chr 12,NC_089785.1,141298at6656,19518134.0,19524886.0,+
GCF_040412425.1,Chr 13,NC_089748.1,141859at6656,40121853.0,40117498.0,-
GCF_040412425.1,Chr 23,NC_089761.1,141916at6656,37637896.0,37634453.0,-
GCF_040412425.1,Chr 1,NC_089743.1,142388at6656,46770358.0,46862874.0,+
GCF_040412425.1,Chr 28,NC_089755.1,142415at6656,32511864.0,32501088.0,-
GCF_040412425.1,Chr 6,NC_089753.1,142522at6656,25141790.0,25138241.0,-
GCF_040412425.1,Chr 7,NC_089763.1,142613at6656,51996986.0,51993235.0,-
GCF_040412425.1,Chr 20,NC_089796.1,142833at6656,25274903.0,25299820.0,+
GCF_040412425.1,Chr 3,NC_089795.1,143154at6656,83123716.0,83123012.0,-
GCF_040412425.1,Chr 23,NC_089761.1,143279at6656,17284443.0,17283860.0,-
GCF_040412425.1,Chr 21,NC_089756.1,143489at6656,38591586.0,38588340.0,-
GCF_040412425.1,Chr 2,NC_089750.1,143626at6656,14414922.0,14406540.0,-
GCF_040412425.1,Chr 1,NC_089743.1,143709at6656,4192878.0,4154309.0,-
GCF_040412425.1,Chr 15,NC_089745.1,143930at6656,16383186.0,16378142.0,-
GCF_040412425.1,Chr 43,NC_089779.1,144337at6656,8114887.0,8106691.0,-
GCF_040412425.1,Chr 13,NC_089748.1,144652at6656,71770422.0,71739347.0,-
GCF_040412425.1,Chr 48,NC_089787.1,144836at6656,30472116.0,30474734.0,+
GCF_040412425.1,Chr 37,NC_089762.1,144851at6656,1532919.0,1549848.0,+
GCF_040412425.1,Chr 3,NC_089795.1,145033at6656,50590777.0,50606722.0,+
GCF_040412425.1,Chr 47,NC_089799.1,145102at6656,29433498.0,29454337.0,+
GCF_040412425.1,Chr 13,NC_089748.1,145443at6656,48663939.0,48657729.0,-
GCF_040412425.1,Chr 23,NC_089761.1,145610at6656,23508519.0,23484776.0,-
GCF_040412425.1,Chr 54,NC_089771.1,145811at6656,14313236.0,14345185.0,+
GCF_040412425.1,Chr 12,NC_089785.1,145996at6656,33570435.0,33579541.0,+
GCF_040412425.1,Chr 35,NC_089751.1,146007at6656,4760106.0,4721420.0,-
GCF_040412425.1,Chr 21,NC_089756.1,146036at6656,3045257.0,3045940.0,+
GCF_040412425.1,Chr 40,NC_089765.1,146087at6656,9698063.0,9712990.0,+
GCF_040412425.1,Chr 6,NC_089753.1,146102at6656,28543619.0,28548388.0,+
GCF_040412425.1,Chr 44,NC_089793.1,146103at6656,16268582.0,16272615.0,+
GCF_040412425.1,Chr 35,NC_089751.1,146383at6656,46439669.0,46433398.0,-
GCF_040412425.1,Chr 1,NC_089743.1,146600at6656,92021273.0,92007582.0,-
GCF_040412425.1,Chr 25,NC_089766.1,146920at6656,8742198.0,8740323.0,-
GCF_040412425.1,Chr 12,NC_089785.1,147002at6656,32202993.0,32214474.0,+
GCF_040412425.1,Chr 45,NC_089770.1,147322at6656,10910030.0,10907692.0,-
GCF_040412425.1,Chr 24,NC_089791.1,147657at6656,32520539.0,32524949.0,+
GCF_040412425.1,Chr 9,NC_089788.1,147723at6656,10254779.0,10252504.0,-
GCF_040412425.1,Chr 4,NC_089744.1,147852at6656,66540463.0,66576352.0,+
GCF_040412425.1,Chr 10,NC_089749.1,147980at6656,34613123.0,34547373.0,-
GCF_040412425.1,Chr 19,NC_089790.1,148134at6656,14856264.0,14849758.0,-
GCF_040412425.1,Chr 3,NC_089795.1,148619at6656,53422278.0,53423247.0,+
GCF_040412425.1,Chr 14,NC_089784.1,148713at6656,36027252.0,36026755.0,-
GCF_040412425.1,Chr 11,NC_089746.1,148851at6656,21079551.0,21087646.0,+
GCF_040412425.1,Chr 24,NC_089791.1,148890at6656,70867426.0,70877888.0,+
GCF_040412425.1,Chr 11,NC_089746.1,149101at6656,55281654.0,55294745.0,+
GCF_040412425.1,Chr 57,NC_089774.1,149126at6656,4181788.0,4194824.0,+
GCF_040412425.1,Chr 5,NC_089754.1,149251at6656,45622384.0,45627741.0,+
GCF_040412425.1,Chr 8,NC_089752.1,149405at6656,2623381.0,2616028.0,-
GCF_040412425.1,Chr 11,NC_089746.1,149753at6656,9107563.0,9129988.0,+
GCF_040412425.1,Chr 51,NC_089792.1,149796at6656,9711214.0,9698208.0,-
GCF_040412425.1,Chr 22,NC_089742.1,149819at6656,55335786.0,55339772.0,+
GCF_040412425.1,Chr 33,NC_089782.1,149973at6656,23570208.0,23571574.0,+
GCF_040412425.1,Chr 49,NC_089773.1,149977at6656,13770009.0,13772114.0,+
GCF_040412425.1,Chr 9,NC_089788.1,150005at6656,58810612.0,58831342.0,+
GCF_040412425.1,Chr 25,NC_089766.1,150049at6656,51775638.0,51769727.0,-
GCF_040412425.1,Chr 26,NC_089780.1,150137at6656,23868849.0,23860339.0,-
GCF_040412425.1,Chr 54,NC_089771.1,150182at6656,33264637.0,33268434.0,+
GCF_040412425.1,Chr 1,NC_089743.1,150327at6656,90911692.0,90907840.0,-
GCF_040412425.1,Chr 40,NC_089765.1,150479at6656,18308505.0,18302206.0,-
GCF_040412425.1,Chr 32,NC_089794.1,150583at6656,21272590.0,21274511.0,+
GCF_040412425.1,Chr 28,NC_089755.1,150585at6656,59069782.0,59066958.0,-
GCF_040412425.1,Chr 35,NC_089751.1,150667at6656,5202990.0,5198492.0,-
GCF_040412425.1,Chr 54,NC_089771.1,150765at6656,24774621.0,24777844.0,+
GCF_040412425.1,Chr 28,NC_089755.1,151102at6656,53437335.0,53434524.0,-
GCF_040412425.1,Chr 5,NC_089754.1,151111at6656,55579552.0,55579067.0,-
GCF_040412425.1,Chr 26,NC_089780.1,151114at6656,15800948.0,15805765.0,+
GCF_040412425.1,Chr 50,NC_089757.1,151393at6656,6127358.0,6125544.0,-
GCF_040412425.1,Chr 11,NC_089746.1,151642at6656,24716525.0,24705791.0,-
GCF_040412425.1,Chr 24,NC_089791.1,152109at6656,20291827.0,20308453.0,+
GCF_040412425.1,Chr 53,NC_089769.1,152402at6656,13753880.0,13739335.0,-
GCF_040412425.1,Chr 14,NC_089784.1,152871at6656,22936657.0,22936249.0,-
GCF_040412425.1,Chr 19,NC_089790.1,153155at6656,25267001.0,25238753.0,-
GCF_040412425.1,Chr 28,NC_089755.1,153232at6656,57058471.0,57056639.0,-
GCF_040412425.1,Chr 7,NC_089763.1,153312at6656,40190794.0,40165904.0,-
GCF_040412425.1,Chr 38,NC_089781.1,153534at6656,16673119.0,16664513.0,-
GCF_040412425.1,Chr 30,NC_089783.1,153693at6656,22664627.0,22672032.0,+
GCF_040412425.1,Chr 13,NC_089748.1,154133at6656,84898588.0,84806986.0,-
GCF_040412425.1,Chr 36,NC_089758.1,154415at6656,3460413.0,3472227.0,+
GCF_040412425.1,Chr 1,NC_089743.1,154507at6656,7923946.0,7974271.0,+
GCF_040412425.1,Chr 4,NC_089744.1,155285at6656,66703503.0,66699818.0,-
GCF_040412425.1,Chr 1,NC_089743.1,156057at6656,80905588.0,80913453.0,+
GCF_040412425.1,Chr 22,NC_089742.1,156081at6656,52595184.0,52596438.0,+
GCF_040412425.1,Chr 27,NC_089768.1,156111at6656,17054113.0,17044796.0,-
GCF_040412425.1,Chr 35,NC_089751.1,156305at6656,28068244.0,28074987.0,+
GCF_040412425.1,Chr 1,NC_089743.1,156395at6656,47074730.0,47053670.0,-
GCF_040412425.1,Chr 8,NC_089752.1,156728at6656,58332538.0,58337924.0,+
GCF_040412425.1,Chr 27,NC_089768.1,156824at6656,20136974.0,20142102.0,+
GCF_040412425.1,Chr 2,NC_089750.1,156882at6656,60386118.0,60398898.0,+
GCF_040412425.1,Chr 36,NC_089758.1,156975at6656,13168972.0,13167959.0,-
GCF_040412425.1,Chr 17,NC_089747.1,157486at6656,4301732.0,4303886.0,+
GCF_040412425.1,Chr 43,NC_089779.1,157851at6656,17510420.0,17509727.0,-
GCF_040412425.1,Chr 7,NC_089763.1,157879at6656,31649475.0,31646943.0,-
GCF_040412425.1,Chr 16,NC_089777.1,158194at6656,17798529.0,17802336.0,+
GCF_040412425.1,Chr 35,NC_089751.1,159231at6656,13192359.0,13194988.0,+
GCF_040412425.1,Chr 9,NC_089788.1,159420at6656,10264303.0,10276731.0,+
GCF_040412425.1,Chr 40,NC_089765.1,159542at6656,30524179.0,30526794.0,+
GCF_040412425.1,Chr 6,NC_089753.1,160675at6656,19001856.0,18991645.0,-
GCF_040412425.1,Chr 51,NC_089792.1,161435at6656,16767687.0,16789310.0,+
GCF_040412425.1,Chr 42,NC_089786.1,162147at6656,54357038.0,54357778.0,+
GCF_040412425.1,Chr 10,NC_089749.1,162594at6656,13005071.0,13005662.0,+
GCF_040412425.1,Chr 23,NC_089761.1,162628at6656,34614961.0,34609353.0,-
GCF_040412425.1,Chr 43,NC_089779.1,162841at6656,9592805.0,9568937.0,-
GCF_040412425.1,Chr 27,NC_089768.1,163670at6656,32292258.0,32299243.0,+
GCF_040412425.1,Chr 2,NC_089750.1,163896at6656,66277096.0,66265665.0,-
GCF_040412425.1,Chr 14,NC_089784.1,164354at6656,26556738.0,26560579.0,+
GCF_040412425.1,Chr 38,NC_089781.1,164512at6656,1764390.0,1753467.0,-
GCF_040412425.1,Chr 23,NC_089761.1,165207at6656,21730144.0,21736381.0,+
GCF_040412425.1,Chr 3,NC_089795.1,165493at6656,86150053.0,86153397.0,+
GCF_040412425.1,Chr 31,NC_089741.1,166476at6656,49237289.0,49231615.0,-
GCF_040412425.1,Chr 15,NC_089745.1,166479at6656,52669926.0,52680726.0,+
GCF_040412425.1,Chr 41,NC_089775.1,166485at6656,4247807.0,4246013.0,-
GCF_042767895.1,Chr 24,NC_091564.1,774at6656,30191422.0,30133817.0,-
GCF_042767895.1,Chr 11,NC_091574.1,980at6656,20678151.0,20653083.0,-
GCF_042767895.1,Chr 7,NC_091557.1,997at6656,31317483.0,31328564.0,+
GCF_042767895.1,Chr 34,NC_091571.1,1166at6656,27568042.0,27524151.0,-
GCF_042767895.1,Chr 1,NC_091567.1,1885at6656,15293281.0,15373585.0,+
GCF_042767895.1,Chr 34,NC_091571.1,1990at6656,28680126.0,28743018.0,+
GCF_042767895.1,Chr 25,NC_091587.1,2148at6656,9968032.0,9959113.0,-
GCF_042767895.1,Chr 29,NC_091570.1,2456at6656,22299224.0,22286742.0,-
GCF_042767895.1,Chr 36,NC_091591.1,2473at6656,9333665.0,9357035.0,+
GCF_042767895.1,Chr 29,NC_091570.1,3310at6656,25127316.0,25110647.0,-
GCF_042767895.1,Chr 10,NC_091555.1,3585at6656,47750495.0,47961484.0,+
GCF_042767895.1,Chr 19,NC_091563.1,3644at6656,29364526.0,29376306.0,+
GCF_042767895.1,Chr 19,NC_091563.1,4136at6656,3141246.0,3101182.0,-
GCF_042767895.1,Chr 5,NC_091565.1,4227at6656,20561589.0,20479058.0,-
GCF_042767895.1,Chr 13,NC_091568.1,4864at6656,14240634.0,14213429.0,-
GCF_042767895.1,Chr 16,NC_091569.1,5277at6656,21809488.0,21782686.0,-
GCF_042767895.1,Chr 8,NC_091558.1,5616at6656,36352118.0,36375637.0,+
GCF_042767895.1,Chr 30,NC_091576.1,6453at6656,11955365.0,11884553.0,-
GCF_042767895.1,Chr 13,NC_091568.1,6563at6656,18962262.0,18953157.0,-
GCF_042767895.1,Chr 10,NC_091555.1,6715at6656,18437313.0,18418086.0,-
GCF_042767895.1,Chr 47,NW_027213364.1,7210at6656,79094.0,105873.0,+
GCF_042767895.1,Chr 46,NW_027213282.1,8145at6656,5033.0,10230.0,+
GCF_042767895.1,Chr 16,NC_091569.1,8495at6656,15885835.0,15882050.0,-
GCF_042767895.1,Chr 27,NC_091573.1,8847at6656,28146288.0,28134500.0,-
GCF_042767895.1,Chr 29,NC_091570.1,8913at6656,20306626.0,20313725.0,+
GCF_042767895.1,Chr 33,NC_091589.1,9647at6656,15124242.0,15117252.0,-
GCF_042767895.1,Chr 40,NC_091588.1,9648at6656,5822724.0,5752529.0,-
GCF_042767895.1,Chr 37,NC_091586.1,10240at6656,25295834.0,25371570.0,+
GCF_042767895.1,Chr 2,NC_091559.1,10573at6656,4554896.0,4599783.0,+
GCF_042767895.1,Chr 35,NC_091585.1,11384at6656,1024158.0,955346.0,-
GCF_042767895.1,Chr 11,NC_091574.1,12029at6656,4277182.0,4297384.0,+
GCF_042767895.1,Chr 4,NC_091579.1,12174at6656,25138330.0,25197941.0,+
GCF_042767895.1,Chr 33,NC_091589.1,12771at6656,7497190.0,7494284.0,-
GCF_042767895.1,Chr 9,NC_091550.1,12846at6656,1164959.0,1170820.0,+
GCF_042767895.1,Chr 16,NC_091569.1,13019at6656,8157224.0,8136425.0,-
GCF_042767895.1,Chr 2,NC_091559.1,13051at6656,15472498.0,15483657.0,+
GCF_042767895.1,Chr 29,NC_091570.1,13736at6656,39220504.0,39242601.0,+
GCF_042767895.1,Chr 12,NC_091553.1,13833at6656,776706.0,779129.0,+
GCF_042767895.1,Chr 34,NC_091571.1,13858at6656,39070138.0,39067472.0,-
GCF_042767895.1,Chr 27,NC_091573.1,13934at6656,7423115.0,7429725.0,+
GCF_042767895.1,Chr 6,NC_091552.1,14090at6656,53008562.0,53014727.0,+
GCF_042767895.1,Chr 26,NC_091582.1,14257at6656,2251075.0,2238801.0,-
GCF_042767895.1,Chr 21,NC_091575.1,14447at6656,8295722.0,8274860.0,-
GCF_042767895.1,Chr 9,NC_091550.1,14995at6656,45307974.0,45298734.0,-
GCF_042767895.1,Chr 28,NC_091572.1,15200at6656,6087425.0,6111310.0,+
GCF_042767895.1,Chr 9,NC_091550.1,15697at6656,31548004.0,31580429.0,+
GCF_042767895.1,Chr 24,NC_091564.1,15905at6656,21485519.0,21476082.0,-
GCF_042767895.1,Chr 22,NC_091554.1,16061at6656,44625647.0,44636038.0,+
GCF_042767895.1,Chr 14,NC_091549.1,16084at6656,16662878.0,16679755.0,+
GCF_042767895.1,Chr 11,NC_091574.1,16220at6656,2669987.0,2664771.0,-
GCF_042767895.1,Chr 22,NC_091554.1,16630at6656,46395708.0,46402663.0,+
GCF_042767895.1,Chr 14,NC_091549.1,16648at6656,20940483.0,20925886.0,-
GCF_042767895.1,Chr 6,NC_091552.1,17096at6656,49226946.0,49219621.0,-
GCF_042767895.1,Chr 27,NC_091573.1,17122at6656,37481457.0,37497783.0,+
GCF_042767895.1,Chr 16,NC_091569.1,17128at6656,28794595.0,28803864.0,+
GCF_042767895.1,Chr 31,NC_091578.1,17748at6656,1782241.0,1767821.0,-
GCF_042767895.1,Chr 10,NC_091555.1,18036at6656,33131790.0,33238085.0,+
GCF_042767895.1,Chr 2,NC_091559.1,18055at6656,44223529.0,44248594.0,+
GCF_042767895.1,Chr 34,NC_091571.1,18630at6656,32846316.0,32836372.0,-
GCF_042767895.1,Chr 22,NC_091554.1,18929at6656,32699582.0,32694441.0,-
GCF_042767895.1,Chr 28,NC_091572.1,19044at6656,7110496.0,7134451.0,+
GCF_042767895.1,Chr 12,NC_091553.1,19058at6656,210781.0,215571.0,+
GCF_042767895.1,Chr 44,NW_027213206.1,19104at6656,17186.0,21189.0,+
GCF_042767895.1,Chr 9,NC_091550.1,19129at6656,19203030.0,19197273.0,-
GCF_042767895.1,Chr 10,NC_091555.1,19208at6656,9979270.0,9985352.0,+
GCF_042767895.1,Chr 3,NC_091551.1,19590at6656,17173336.0,17150286.0,-
GCF_042767895.1,Chr 38,NC_091562.1,19760at6656,13962271.0,13930392.0,-
GCF_042767895.1,Chr 2,NC_091559.1,20093at6656,32638762.0,32652913.0,+
GCF_042767895.1,Chr 1,NC_091567.1,20267at6656,10897104.0,10892025.0,-
GCF_042767895.1,Chr 49,NW_027213499.1,20935at6656,61476.0,69446.0,+
GCF_042767895.1,Chr 4,NC_091579.1,21019at6656,11672483.0,11665760.0,-
GCF_042767895.1,Chr 1,NC_091567.1,21361at6656,32412424.0,32421642.0,+
GCF_042767895.1,Chr 5,NC_091565.1,21367at6656,31264850.0,31253629.0,-
GCF_042767895.1,Chr 1,NC_091567.1,21385at6656,38382662.0,38387159.0,+
GCF_042767895.1,Chr 38,NC_091562.1,22098at6656,5045979.0,5051582.0,+
GCF_042767895.1,Chr 15,NC_091561.1,22148at6656,7545427.0,7536123.0,-
GCF_042767895.1,Chr 11,NC_091574.1,22358at6656,24078875.0,24091187.0,+
GCF_042767895.1,Chr 22,NC_091554.1,22468at6656,12287640.0,12300425.0,+
GCF_042767895.1,Chr 4,NC_091579.1,22611at6656,5783483.0,5803394.0,+
GCF_042767895.1,Chr 1,NC_091567.1,23309at6656,4481589.0,4488929.0,+
GCF_042767895.1,Chr 8,NC_091558.1,23429at6656,37283457.0,37282167.0,-
GCF_042767895.1,Chr 14,NC_091549.1,23917at6656,17359416.0,17370587.0,+
GCF_042767895.1,Chr 1,NC_091567.1,24427at6656,17009117.0,16970704.0,-
GCF_042767895.1,Chr 6,NC_091552.1,24459at6656,45466414.0,45477384.0,+
GCF_042767895.1,Chr 3,NC_091551.1,24573at6656,644682.0,648137.0,+
GCF_042767895.1,Chr 14,NC_091549.1,25554at6656,44039942.0,44025527.0,-
GCF_042767895.1,Chr 48,NW_027217641.1,25680at6656,10342.0,8735.0,-
GCF_042767895.1,Chr 2,NC_091559.1,26653at6656,42743670.0,42741847.0,-
GCF_042767895.1,Chr 7,NC_091557.1,26734at6656,47751642.0,47761456.0,+
GCF_042767895.1,Chr 28,NC_091572.1,27515at6656,12130172.0,12181996.0,+
GCF_042767895.1,Chr 6,NC_091552.1,27617at6656,47460765.0,47466365.0,+
GCF_042767895.1,Chr 12,NC_091553.1,27655at6656,2163324.0,2078713.0,-
GCF_042767895.1,Chr 13,NC_091568.1,28325at6656,32242791.0,32192916.0,-
GCF_042767895.1,Chr 13,NC_091568.1,28380at6656,36259732.0,36317125.0,+
GCF_042767895.1,Chr 4,NC_091579.1,28519at6656,28987909.0,28992733.0,+
GCF_042767895.1,Chr 37,NC_091586.1,28685at6656,24543304.0,24535759.0,-
GCF_042767895.1,Chr 27,NC_091573.1,28872at6656,12922438.0,12937759.0,+
GCF_042767895.1,Chr 21,NC_091575.1,29213at6656,2408991.0,2378606.0,-
GCF_042767895.1,Chr 23,NC_091583.1,29237at6656,22376776.0,22391853.0,+
GCF_042767895.1,Chr 30,NC_091576.1,29365at6656,23125937.0,23123532.0,-
GCF_042767895.1,Chr 8,NC_091558.1,29730at6656,11171040.0,11168994.0,-
GCF_042767895.1,Chr 19,NC_091563.1,29744at6656,4497104.0,4505903.0,+
GCF_042767895.1,Chr 26,NC_091582.1,30156at6656,7284198.0,7291527.0,+
GCF_042767895.1,Chr 4,NC_091579.1,30184at6656,15584128.0,15591046.0,+
GCF_042767895.1,Chr 10,NC_091555.1,30267at6656,11619072.0,11607609.0,-
GCF_042767895.1,Chr 36,NC_091591.1,30463at6656,5246805.0,5256452.0,+
GCF_042767895.1,Chr 20,NC_091584.1,30512at6656,26463157.0,26476518.0,+
GCF_042767895.1,Chr 40,NC_091588.1,30526at6656,4354793.0,4377482.0,+
GCF_042767895.1,Chr 11,NC_091574.1,30642at6656,25872209.0,25864005.0,-
GCF_042767895.1,Chr 4,NC_091579.1,30822at6656,28887239.0,28871217.0,-
GCF_042767895.1,Chr 9,NC_091550.1,30918at6656,19525041.0,19533988.0,+
GCF_042767895.1,Chr 2,NC_091559.1,30962at6656,13098127.0,13104832.0,+
GCF_042767895.1,Chr 42,NC_091590.1,31014at6656,7730935.0,7734306.0,+
GCF_042767895.1,Chr 13,NC_091568.1,31119at6656,36468642.0,36474893.0,+
GCF_042767895.1,Chr 12,NC_091553.1,31196at6656,11416133.0,11401369.0,-
GCF_042767895.1,Chr 41,NC_091577.1,31333at6656,949261.0,958215.0,+
GCF_042767895.1,Chr 3,NC_091551.1,31480at6656,36199243.0,36219649.0,+
GCF_042767895.1,Chr 21,NC_091575.1,31615at6656,21944616.0,21957111.0,+
GCF_042767895.1,Chr 20,NC_091584.1,31634at6656,7856299.0,7843636.0,-
GCF_042767895.1,Chr 14,NC_091549.1,31820at6656,56398586.0,56395039.0,-
GCF_042767895.1,Chr 13,NC_091568.1,31886at6656,26171505.0,26167841.0,-
GCF_042767895.1,Chr 14,NC_091549.1,31919at6656,20917943.0,20907472.0,-
GCF_042767895.1,Chr 5,NC_091565.1,32694at6656,5563087.0,5556680.0,-
GCF_042767895.1,Chr 21,NC_091575.1,32733at6656,12936870.0,12941907.0,+
GCF_042767895.1,Chr 14,NC_091549.1,32851at6656,35256054.0,35266477.0,+
GCF_042767895.1,Chr 28,NC_091572.1,33187at6656,21671889.0,21666803.0,-
GCF_042767895.1,Chr 19,NC_091563.1,33566at6656,27626489.0,27643512.0,+
GCF_042767895.1,Chr 36,NC_091591.1,33794at6656,9986321.0,9964811.0,-
GCF_042767895.1,Chr 2,NC_091559.1,34917at6656,30830532.0,30844172.0,+
GCF_042767895.1,Chr 27,NC_091573.1,35548at6656,5349818.0,5354931.0,+
GCF_042767895.1,Chr 29,NC_091570.1,35680at6656,12447398.0,12450292.0,+
GCF_042767895.1,Chr 33,NC_091589.1,35708at6656,2038084.0,2045483.0,+
GCF_042767895.1,Chr 7,NC_091557.1,35995at6656,45988261.0,45993567.0,+
GCF_042767895.1,Chr 5,NC_091565.1,36374at6656,24447536.0,24346067.0,-
GCF_042767895.1,Chr 20,NC_091584.1,36387at6656,2149328.0,2156889.0,+
GCF_042767895.1,Chr 31,NC_091578.1,36403at6656,3238796.0,3232147.0,-
GCF_042767895.1,Chr 38,NC_091562.1,36463at6656,43563016.0,43557250.0,-
GCF_042767895.1,Chr 35,NC_091585.1,37030at6656,23496242.0,23488565.0,-
GCF_042767895.1,Chr 15,NC_091561.1,37297at6656,40251094.0,40236740.0,-
GCF_042767895.1,Chr 38,NC_091562.1,37387at6656,11866008.0,11851785.0,-
GCF_042767895.1,Chr 17,NC_091566.1,37678at6656,2924996.0,2930621.0,+
GCF_042767895.1,Chr 19,NC_091563.1,38186at6656,13204627.0,13258874.0,+
GCF_042767895.1,Chr 24,NC_091564.1,38303at6656,9104311.0,9112735.0,+
GCF_042767895.1,Chr 1,NC_091567.1,38391at6656,34970661.0,34965294.0,-
GCF_042767895.1,Chr 10,NC_091555.1,38819at6656,48934073.0,48957462.0,+
GCF_042767895.1,Chr 20,NC_091584.1,38928at6656,4360957.0,4368131.0,+
GCF_042767895.1,Chr 31,NC_091578.1,39548at6656,3612276.0,3617632.0,+
GCF_042767895.1,Chr 41,NC_091577.1,39783at6656,343241.0,336346.0,-
GCF_042767895.1,Chr 7,NC_091557.1,39809at6656,8990711.0,8985606.0,-
GCF_042767895.1,Chr 43,NC_091581.1,39821at6656,4785696.0,4799055.0,+
GCF_042767895.1,Chr 1,NC_091567.1,40065at6656,1795519.0,1792332.0,-
GCF_042767895.1,Chr 16,NC_091569.1,40092at6656,12344865.0,12356535.0,+
GCF_042767895.1,Chr 3,NC_091551.1,40213at6656,36421864.0,36438236.0,+
GCF_042767895.1,Chr 24,NC_091564.1,40319at6656,12115514.0,12156717.0,+
GCF_042767895.1,Chr 34,NC_091571.1,40323at6656,24434512.0,24461467.0,+
GCF_042767895.1,Chr 10,NC_091555.1,40399at6656,39522852.0,39530168.0,+
GCF_042767895.1,Chr 1,NC_091567.1,40691at6656,33486882.0,33497711.0,+
GCF_042767895.1,Chr 17,NC_091566.1,40929at6656,35486054.0,35477918.0,-
GCF_042767895.1,Chr 25,NC_091587.1,41522at6656,13423873.0,13429514.0,+
GCF_042767895.1,Chr 20,NC_091584.1,42577at6656,27674022.0,27683504.0,+
GCF_042767895.1,Chr 1,NC_091567.1,42622at6656,35131351.0,35135838.0,+
GCF_042767895.1,Chr 20,NC_091584.1,42819at6656,26343873.0,26350342.0,+
GCF_042767895.1,Chr 41,NC_091577.1,42842at6656,22680453.0,22677460.0,-
GCF_042767895.1,Chr 3,NC_091551.1,42943at6656,2354544.0,2362193.0,+
GCF_042767895.1,Chr 14,NC_091549.1,42992at6656,56377330.0,56385503.0,+
GCF_042767895.1,Chr 3,NC_091551.1,43045at6656,51004105.0,51008758.0,+
GCF_042767895.1,Chr 2,NC_091559.1,43236at6656,5661335.0,5669349.0,+
GCF_042767895.1,Chr 17,NC_091566.1,43245at6656,3791348.0,3782036.0,-
GCF_042767895.1,Chr 8,NC_091558.1,43728at6656,17783012.0,17827240.0,+
GCF_042767895.1,Chr 35,NC_091585.1,43774at6656,8424840.0,8530025.0,+
GCF_042767895.1,Chr 14,NC_091549.1,44123at6656,51615618.0,51618868.0,+
GCF_042767895.1,Chr 1,NC_091567.1,44359at6656,29110140.0,29103798.0,-
GCF_042767895.1,Chr 6,NC_091552.1,44389at6656,17367704.0,17316703.0,-
GCF_042767895.1,Chr 23,NC_091583.1,44504at6656,23405865.0,23398773.0,-
GCF_042767895.1,Chr 13,NC_091568.1,44630at6656,7063985.0,7070387.0,+
GCF_042767895.1,Chr 9,NC_091550.1,44694at6656,34471362.0,34460704.0,-
GCF_042767895.1,Chr 11,NC_091574.1,44953at6656,23500060.0,23476678.0,-
GCF_042767895.1,Chr 18,NC_091556.1,45131at6656,42687373.0,42703822.0,+
GCF_042767895.1,Chr 22,NC_091554.1,45367at6656,32999125.0,33008670.0,+
GCF_042767895.1,Chr 3,NC_091551.1,45556at6656,27982743.0,27984563.0,+
GCF_042767895.1,Chr 33,NC_091589.1,45732at6656,7393551.0,7390519.0,-
GCF_042767895.1,Chr 35,NC_091585.1,45915at6656,18348156.0,18354591.0,+
GCF_042767895.1,Chr 32,NC_091560.1,46430at6656,11522868.0,11493642.0,-
GCF_042767895.1,Chr 24,NC_091564.1,46437at6656,16683800.0,16690735.0,+
GCF_042767895.1,Chr 12,NC_091553.1,46671at6656,8513765.0,8500394.0,-
GCF_042767895.1,Chr 6,NC_091552.1,46692at6656,49430616.0,49420559.0,-
GCF_042767895.1,Chr 7,NC_091557.1,46750at6656,33742358.0,33737955.0,-
GCF_042767895.1,Chr 27,NC_091573.1,46960at6656,30974366.0,30976415.0,+
GCF_042767895.1,Chr 50,NW_027213721.1,47270at6656,10586.0,6386.0,-
GCF_042767895.1,Chr 14,NC_091549.1,47443at6656,41875662.0,41874049.0,-
GCF_042767895.1,Chr 37,NC_091586.1,47967at6656,4544943.0,4560781.0,+
GCF_042767895.1,Chr 2,NC_091559.1,48195at6656,520925.0,518392.0,-
GCF_042767895.1,Chr 1,NC_091567.1,48466at6656,3744033.0,3750466.0,+
GCF_042767895.1,Chr 26,NC_091582.1,48519at6656,25255245.0,25237727.0,-
GCF_042767895.1,Chr 11,NC_091574.1,48657at6656,21349426.0,21368626.0,+
GCF_042767895.1,Chr 20,NC_091584.1,48836at6656,21588400.0,21591745.0,+
GCF_042767895.1,Chr 26,NC_091582.1,49936at6656,6751401.0,6743663.0,-
GCF_042767895.1,Chr 16,NC_091569.1,50493at6656,8123784.0,8125934.0,+
GCF_042767895.1,Chr 28,NC_091572.1,50740at6656,12360649.0,12342757.0,-
GCF_042767895.1,Chr 7,NC_091557.1,50792at6656,28555296.0,28540652.0,-
GCF_042767895.1,Chr 28,NC_091572.1,50947at6656,6627752.0,6624285.0,-
GCF_042767895.1,Chr 37,NC_091586.1,51037at6656,23907094.0,23925069.0,+
GCF_042767895.1,Chr 11,NC_091574.1,51280at6656,3659312.0,3654565.0,-
GCF_042767895.1,Chr 11,NC_091574.1,51364at6656,21197540.0,21190819.0,-
GCF_042767895.1,Chr 15,NC_091561.1,51757at6656,12564685.0,12559786.0,-
GCF_042767895.1,Chr 34,NC_091571.1,52210at6656,36682891.0,36678796.0,-
GCF_042767895.1,Chr 11,NC_091574.1,52224at6656,4317153.0,4324217.0,+
GCF_042767895.1,Chr 19,NC_091563.1,52320at6656,37597335.0,37594783.0,-
GCF_042767895.1,Chr 4,NC_091579.1,52643at6656,22932058.0,22998658.0,+
GCF_042767895.1,Chr 16,NC_091569.1,52828at6656,17056977.0,17066456.0,+
GCF_042767895.1,Chr 32,NC_091560.1,53201at6656,43461161.0,43466877.0,+
GCF_042767895.1,Chr 31,NC_091578.1,53243at6656,30325973.0,30330007.0,+
GCF_042767895.1,Chr 19,NC_091563.1,53298at6656,29440097.0,29446145.0,+
GCF_042767895.1,Chr 6,NC_091552.1,53318at6656,51553120.0,51555811.0,+
GCF_042767895.1,Chr 7,NC_091557.1,53993at6656,19174670.0,19017918.0,-
GCF_042767895.1,Chr 24,NC_091564.1,54236at6656,31092830.0,31098561.0,+
GCF_042767895.1,Chr 37,NC_091586.1,54527at6656,24451533.0,24460940.0,+
GCF_042767895.1,Chr 7,NC_091557.1,54679at6656,35649789.0,35656882.0,+
GCF_042767895.1,Chr 19,NC_091563.1,55036at6656,15612321.0,15634902.0,+
GCF_042767895.1,Chr 13,NC_091568.1,55094at6656,13872240.0,13876367.0,+
GCF_042767895.1,Chr 27,NC_091573.1,55108at6656,30871856.0,30885298.0,+
GCF_042767895.1,Chr 24,NC_091564.1,55260at6656,1261710.0,1279424.0,+
GCF_042767895.1,Chr 3,NC_091551.1,55417at6656,3921883.0,3936700.0,+
GCF_042767895.1,Chr 16,NC_091569.1,55599at6656,40380496.0,40384881.0,+
GCF_042767895.1,Chr 16,NC_091569.1,55932at6656,105694.0,116380.0,+
GCF_042767895.1,Chr 11,NC_091574.1,56010at6656,21341308.0,21336577.0,-
GCF_042767895.1,Chr 10,NC_091555.1,56322at6656,11655956.0,11662478.0,+
GCF_042767895.1,Chr 19,NC_091563.1,56449at6656,40837928.0,40872002.0,+
GCF_042767895.1,Chr 32,NC_091560.1,56523at6656,15458555.0,15452282.0,-
GCF_042767895.1,Chr 20,NC_091584.1,56687at6656,10433643.0,10311364.0,-
GCF_042767895.1,Chr 27,NC_091573.1,56836at6656,21590961.0,21587897.0,-
GCF_042767895.1,Chr 7,NC_091557.1,57262at6656,42512573.0,42510396.0,-
GCF_042767895.1,Chr 6,NC_091552.1,57624at6656,29201622.0,29205632.0,+
GCF_042767895.1,Chr 31,NC_091578.1,57932at6656,21593789.0,21595507.0,+
GCF_042767895.1,Chr 42,NC_091590.1,58012at6656,9449868.0,9455328.0,+
GCF_042767895.1,Chr 39,NC_091580.1,58027at6656,10098443.0,10092566.0,-
GCF_042767895.1,Chr 3,NC_091551.1,58110at6656,43205330.0,43201801.0,-
GCF_042767895.1,Chr 9,NC_091550.1,58119at6656,6542605.0,6546352.0,+
GCF_042767895.1,Chr 7,NC_091557.1,58276at6656,5872924.0,5879437.0,+
GCF_042767895.1,Chr 5,NC_091565.1,59193at6656,31974983.0,31977322.0,+
GCF_042767895.1,Chr 33,NC_091589.1,59197at6656,26128516.0,26100301.0,-
GCF_042767895.1,Chr 25,NC_091587.1,59200at6656,22397370.0,22413652.0,+
GCF_042767895.1,Chr 1,NC_091567.1,59226at6656,8259143.0,8246452.0,-
GCF_042767895.1,Chr 19,NC_091563.1,59393at6656,39757335.0,39753322.0,-
GCF_042767895.1,Chr 31,NC_091578.1,59430at6656,11686135.0,11699582.0,+
GCF_042767895.1,Chr 20,NC_091584.1,59681at6656,21607802.0,21622476.0,+
GCF_042767895.1,Chr 12,NC_091553.1,59824at6656,25302483.0,25285352.0,-
GCF_042767895.1,Chr 30,NC_091576.1,59833at6656,30868308.0,30873332.0,+
GCF_042767895.1,Chr 17,NC_091566.1,60299at6656,36077386.0,36055283.0,-
GCF_042767895.1,Chr 10,NC_091555.1,60333at6656,33580751.0,33594966.0,+
GCF_042767895.1,Chr 12,NC_091553.1,60356at6656,31118572.0,31103715.0,-
GCF_042767895.1,Chr 33,NC_091589.1,60468at6656,26331335.0,26338127.0,+
GCF_042767895.1,Chr 13,NC_091568.1,60682at6656,36462420.0,36459961.0,-
GCF_042767895.1,Chr 51,NW_027213132.1,60729at6656,36747.0,45991.0,+
GCF_042767895.1,Chr 4,NC_091579.1,60750at6656,6778737.0,6835576.0,+
GCF_042767895.1,Chr 38,NC_091562.1,60762at6656,40855357.0,40847714.0,-
GCF_042767895.1,Chr 34,NC_091571.1,61081at6656,39248338.0,39244175.0,-
GCF_042767895.1,Chr 39,NC_091580.1,61096at6656,8868091.0,8864699.0,-
GCF_042767895.1,Chr 42,NC_091590.1,61153at6656,12820148.0,12828995.0,+
GCF_042767895.1,Chr 29,NC_091570.1,61261at6656,12513879.0,12519281.0,+
GCF_042767895.1,Chr 28,NC_091572.1,61577at6656,33736810.0,33762542.0,+
GCF_042767895.1,Chr 52,NW_027213397.1,61612at6656,14610.0,10896.0,-
GCF_042767895.1,Chr 2,NC_091559.1,62580at6656,4276006.0,4280470.0,+
GCF_042767895.1,Chr 4,NC_091579.1,62678at6656,11657810.0,11661913.0,+
GCF_042767895.1,Chr 1,NC_091567.1,62914at6656,27711041.0,27721435.0,+
GCF_042767895.1,Chr 11,NC_091574.1,62979at6656,32242277.0,32223838.0,-
GCF_042767895.1,Chr 3,NC_091551.1,63193at6656,52701416.0,52702678.0,+
GCF_042767895.1,Chr 23,NC_091583.1,63228at6656,21565973.0,21554111.0,-
GCF_042767895.1,Chr 1,NC_091567.1,63923at6656,26602903.0,26609983.0,+
GCF_042767895.1,Chr 53,NW_027213033.1,63924at6656,3225.0,10980.0,+
GCF_042767895.1,Chr 11,NC_091574.1,64046at6656,29125458.0,29048357.0,-
GCF_042767895.1,Chr 35,NC_091585.1,65490at6656,13813901.0,13820162.0,+
GCF_042767895.1,Chr 5,NC_091565.1,65532at6656,13721890.0,13690703.0,-
GCF_042767895.1,Chr 15,NC_091561.1,65949at6656,20000696.0,19989771.0,-
GCF_042767895.1,Chr 8,NC_091558.1,66229at6656,18730957.0,18740250.0,+
GCF_042767895.1,Chr 2,NC_091559.1,66299at6656,40852993.0,40858276.0,+
GCF_042767895.1,Chr 16,NC_091569.1,66366at6656,140502.0,153472.0,+
GCF_042767895.1,Chr 29,NC_091570.1,66597at6656,50544.0,59814.0,+
GCF_042767895.1,Chr 32,NC_091560.1,67113at6656,12479955.0,12486056.0,+
GCF_042767895.1,Chr 17,NC_091566.1,67166at6656,6627176.0,6604022.0,-
GCF_042767895.1,Chr 20,NC_091584.1,67191at6656,10207599.0,10211541.0,+
GCF_042767895.1,Chr 14,NC_091549.1,67491at6656,41961423.0,41946073.0,-
GCF_042767895.1,Chr 11,NC_091574.1,67583at6656,32376680.0,32367274.0,-
GCF_042767895.1,Chr 3,NC_091551.1,67710at6656,27915606.0,27853218.0,-
GCF_042767895.1,Chr 2,NC_091559.1,68468at6656,589206.0,594578.0,+
GCF_042767895.1,Chr 45,NW_027213363.1,68491at6656,29859.0,25373.0,-
GCF_042767895.1,Chr 11,NC_091574.1,68731at6656,8654083.0,8663069.0,+
GCF_042767895.1,Chr 1,NC_091567.1,68876at6656,28813382.0,28799825.0,-
GCF_042767895.1,Chr 2,NC_091559.1,68939at6656,31876081.0,31898359.0,+
GCF_042767895.1,Chr 7,NC_091557.1,68981at6656,40768364.0,40773292.0,+
GCF_042767895.1,Chr 17,NC_091566.1,68987at6656,1423427.0,1439000.0,+
GCF_042767895.1,Chr 17,NC_091566.1,69238at6656,1501192.0,1497749.0,-
GCF_042767895.1,Chr 31,NC_091578.1,69284at6656,10909029.0,10907084.0,-
GCF_042767895.1,Chr 25,NC_091587.1,69394at6656,6446018.0,6453606.0,+
GCF_042767895.1,Chr 9,NC_091550.1,69403at6656,45981105.0,45975883.0,-
GCF_042767895.1,Chr 7,NC_091557.1,69897at6656,37547725.0,37552960.0,+
GCF_042767895.1,Chr 30,NC_091576.1,70078at6656,12208413.0,12243332.0,+
GCF_042767895.1,Chr 10,NC_091555.1,70201at6656,42686894.0,42683159.0,-
GCF_042767895.1,Chr 12,NC_091553.1,70550at6656,7393979.0,7375232.0,-
GCF_042767895.1,Chr 28,NC_091572.1,70663at6656,2175992.0,2185822.0,+
GCF_042767895.1,Chr 23,NC_091583.1,71018at6656,30358347.0,30352857.0,-
GCF_042767895.1,Chr 30,NC_091576.1,71110at6656,12610863.0,12615692.0,+
GCF_042767895.1,Chr 10,NC_091555.1,71129at6656,40384389.0,40343662.0,-
GCF_042767895.1,Chr 10,NC_091555.1,71199at6656,475750.0,470306.0,-
GCF_042767895.1,Chr 42,NC_091590.1,71230at6656,24529616.0,24534198.0,+
GCF_042767895.1,Chr 8,NC_091558.1,71251at6656,4844560.0,4850780.0,+
GCF_042767895.1,Chr 2,NC_091559.1,71483at6656,45929473.0,45933847.0,+
GCF_042767895.1,Chr 42,NC_091590.1,71937at6656,12416100.0,12420753.0,+
GCF_042767895.1,Chr 14,NC_091549.1,72450at6656,17341299.0,17355830.0,+
GCF_042767895.1,Chr 20,NC_091584.1,72583at6656,16153101.0,16147997.0,-
GCF_042767895.1,Chr 2,NC_091559.1,72586at6656,39763886.0,39766731.0,+
GCF_042767895.1,Chr 19,NC_091563.1,72782at6656,36979319.0,36982910.0,+
GCF_042767895.1,Chr 2,NC_091559.1,72857at6656,580561.0,577559.0,-
GCF_042767895.1,Chr 18,NC_091556.1,73084at6656,32142750.0,32132754.0,-
GCF_042767895.1,Chr 36,NC_091591.1,73301at6656,25320575.0,25333015.0,+
GCF_042767895.1,Chr 17,NC_091566.1,73455at6656,22422565.0,22415393.0,-
GCF_042767895.1,Chr 36,NC_091591.1,73456at6656,24274095.0,24231762.0,-
GCF_042767895.1,Chr 24,NC_091564.1,73547at6656,17173990.0,17176367.0,+
GCF_042767895.1,Chr 34,NC_091571.1,74030at6656,13621205.0,13625591.0,+
GCF_042767895.1,Chr 30,NC_091576.1,74384at6656,12632110.0,12630181.0,-
GCF_042767895.1,Chr 25,NC_091587.1,74655at6656,21044052.0,21052615.0,+
GCF_042767895.1,Chr 1,NC_091567.1,74692at6656,7921342.0,7931139.0,+
GCF_042767895.1,Chr 23,NC_091583.1,74836at6656,22793100.0,22785786.0,-
GCF_042767895.1,Chr 13,NC_091568.1,75704at6656,26127614.0,26095381.0,-
GCF_042767895.1,Chr 43,NC_091581.1,75764at6656,29847261.0,29843415.0,-
GCF_042767895.1,Chr 30,NC_091576.1,75982at6656,30865475.0,30860503.0,-
GCF_042767895.1,Chr 4,NC_091579.1,76308at6656,27862901.0,27859044.0,-
GCF_042767895.1,Chr 17,NC_091566.1,76342at6656,1417843.0,1413143.0,-
GCF_042767895.1,Chr 25,NC_091587.1,76573at6656,27668745.0,27649799.0,-
GCF_042767895.1,Chr 21,NC_091575.1,76745at6656,18847518.0,18839428.0,-
GCF_042767895.1,Chr 2,NC_091559.1,77688at6656,46617632.0,46607474.0,-
GCF_042767895.1,Chr 28,NC_091572.1,77770at6656,6642736.0,6664967.0,+
GCF_042767895.1,Chr 32,NC_091560.1,77883at6656,1424504.0,1418709.0,-
GCF_042767895.1,Chr 3,NC_091551.1,77976at6656,52402840.0,52407779.0,+
GCF_042767895.1,Chr 1,NC_091567.1,78110at6656,11796374.0,11786802.0,-
GCF_042767895.1,Chr 22,NC_091554.1,78202at6656,12286707.0,12274026.0,-
GCF_042767895.1,Chr 8,NC_091558.1,78254at6656,37607252.0,37588304.0,-
GCF_042767895.1,Chr 23,NC_091583.1,78695at6656,28635877.0,28639334.0,+
GCF_042767895.1,Chr 12,NC_091553.1,78758at6656,21033222.0,21028068.0,-
GCF_042767895.1,Chr 8,NC_091558.1,78777at6656,43698678.0,43707864.0,+
GCF_042767895.1,Chr 2,NC_091559.1,78844at6656,42663237.0,42640585.0,-
GCF_042767895.1,Chr 9,NC_091550.1,78919at6656,1205187.0,1207647.0,+
GCF_042767895.1,Chr 9,NC_091550.1,78921at6656,6565940.0,6559254.0,-
GCF_042767895.1,Chr 36,NC_091591.1,78947at6656,6475790.0,6472692.0,-
GCF_042767895.1,Chr 16,NC_091569.1,79241at6656,671473.0,665619.0,-
GCF_042767895.1,Chr 20,NC_091584.1,79915at6656,21563134.0,21557863.0,-
GCF_042767895.1,Chr 6,NC_091552.1,79993at6656,48033671.0,48060034.0,+
GCF_042767895.1,Chr 4,NC_091579.1,80294at6656,15626769.0,15635261.0,+
GCF_042767895.1,Chr 10,NC_091555.1,80317at6656,4925020.0,4931008.0,+
GCF_042767895.1,Chr 29,NC_091570.1,80348at6656,12474859.0,12461193.0,-
GCF_042767895.1,Chr 6,NC_091552.1,80693at6656,43840392.0,43828724.0,-
GCF_042767895.1,Chr 4,NC_091579.1,80948at6656,28961290.0,28954366.0,-
GCF_042767895.1,Chr 54,NW_027218357.1,81292at6656,25592.0,13912.0,-
GCF_042767895.1,Chr 14,NC_091549.1,81307at6656,40646232.0,40662638.0,+
GCF_042767895.1,Chr 39,NC_091580.1,81406at6656,29062709.0,29065506.0,+
GCF_042767895.1,Chr 13,NC_091568.1,81413at6656,6767838.0,6762466.0,-
GCF_042767895.1,Chr 39,NC_091580.1,81650at6656,6138863.0,6135092.0,-
GCF_042767895.1,Chr 22,NC_091554.1,81703at6656,43572138.0,43580263.0,+
GCF_042767895.1,Chr 23,NC_091583.1,81708at6656,19858908.0,19844520.0,-
GCF_042767895.1,Chr 39,NC_091580.1,81919at6656,14721609.0,14739631.0,+
GCF_042767895.1,Chr 3,NC_091551.1,81950at6656,36325190.0,36319884.0,-
GCF_042767895.1,Chr 11,NC_091574.1,83102at6656,31750141.0,31761876.0,+
GCF_042767895.1,Chr 14,NC_091549.1,83303at6656,22007001.0,22017053.0,+
GCF_042767895.1,Chr 55,NW_027213526.1,83350at6656,17168.0,9009.0,-
GCF_042767895.1,Chr 20,NC_091584.1,83372at6656,19953810.0,19959421.0,+
GCF_042767895.1,Chr 8,NC_091558.1,83376at6656,21448179.0,21458884.0,+
GCF_042767895.1,Chr 20,NC_091584.1,83613at6656,2144488.0,2143451.0,-
GCF_042767895.1,Chr 24,NC_091564.1,83673at6656,10869394.0,10864281.0,-
GCF_042767895.1,Chr 4,NC_091579.1,83755at6656,6467183.0,6475879.0,+
GCF_042767895.1,Chr 6,NC_091552.1,83765at6656,15593414.0,15597171.0,+
GCF_042767895.1,Chr 34,NC_091571.1,84028at6656,27642290.0,27649450.0,+
GCF_042767895.1,Chr 56,NW_027213753.1,84097at6656,33751.0,29428.0,-
GCF_042767895.1,Chr 12,NC_091553.1,84149at6656,24502972.0,24498935.0,-
GCF_042767895.1,Chr 29,NC_091570.1,84169at6656,22325531.0,22328289.0,+
GCF_042767895.1,Chr 28,NC_091572.1,84422at6656,20366722.0,20367497.0,+
GCF_042767895.1,Chr 38,NC_091562.1,84576at6656,6032327.0,6028654.0,-
GCF_042767895.1,Chr 10,NC_091555.1,84819at6656,48666895.0,48675825.0,+
GCF_042767895.1,Chr 13,NC_091568.1,84925at6656,41444105.0,41445175.0,+
GCF_042767895.1,Chr 19,NC_091563.1,85103at6656,5464338.0,5453583.0,-
GCF_042767895.1,Chr 15,NC_091561.1,85509at6656,3876126.0,3870849.0,-
GCF_042767895.1,Chr 20,NC_091584.1,85574at6656,812863.0,814683.0,+
GCF_042767895.1,Chr 2,NC_091559.1,85810at6656,42611621.0,42635210.0,+
GCF_042767895.1,Chr 29,NC_091570.1,86488at6656,39282805.0,39390158.0,+
GCF_042767895.1,Chr 32,NC_091560.1,86889at6656,5337565.0,5355050.0,+
GCF_042767895.1,Chr 5,NC_091565.1,86930at6656,344243.0,338944.0,-
GCF_042767895.1,Chr 21,NC_091575.1,87014at6656,24616049.0,24606100.0,-
GCF_042767895.1,Chr 26,NC_091582.1,87089at6656,11274517.0,11279204.0,+
GCF_042767895.1,Chr 38,NC_091562.1,87103at6656,35948806.0,35955839.0,+
GCF_042767895.1,Chr 4,NC_091579.1,87114at6656,8522472.0,8524244.0,+
GCF_042767895.1,Chr 15,NC_091561.1,87139at6656,13526222.0,13514286.0,-
GCF_042767895.1,Chr 34,NC_091571.1,87142at6656,37280450.0,37282391.0,+
GCF_042767895.1,Chr 18,NC_091556.1,87527at6656,36264704.0,36254672.0,-
GCF_042767895.1,Chr 31,NC_091578.1,87575at6656,2001896.0,2006896.0,+
GCF_042767895.1,Chr 7,NC_091557.1,87728at6656,24599812.0,24604266.0,+
GCF_042767895.1,Chr 32,NC_091560.1,87928at6656,36753422.0,36769943.0,+
GCF_042767895.1,Chr 30,NC_091576.1,87933at6656,32319163.0,32312880.0,-
GCF_042767895.1,Chr 14,NC_091549.1,88051at6656,11351109.0,11314008.0,-
GCF_042767895.1,Chr 25,NC_091587.1,88711at6656,13571250.0,13562684.0,-
GCF_042767895.1,Chr 6,NC_091552.1,89064at6656,37644416.0,37651988.0,+
GCF_042767895.1,Chr 26,NC_091582.1,89153at6656,809029.0,795881.0,-
GCF_042767895.1,Chr 21,NC_091575.1,89713at6656,28456089.0,28459264.0,+
GCF_042767895.1,Chr 3,NC_091551.1,89864at6656,2731735.0,2736957.0,+
GCF_042767895.1,Chr 9,NC_091550.1,90126at6656,31403484.0,31410202.0,+
GCF_042767895.1,Chr 21,NC_091575.1,90322at6656,8311632.0,8310346.0,-
GCF_042767895.1,Chr 18,NC_091556.1,90580at6656,37787980.0,37798804.0,+
GCF_042767895.1,Chr 22,NC_091554.1,90600at6656,29625855.0,29627459.0,+
GCF_042767895.1,Chr 16,NC_091569.1,90822at6656,26410729.0,26420207.0,+
GCF_042767895.1,Chr 1,NC_091567.1,90928at6656,10870852.0,10864608.0,-
GCF_042767895.1,Chr 8,NC_091558.1,90931at6656,11822866.0,11828708.0,+
GCF_042767895.1,Chr 20,NC_091584.1,91002at6656,26883936.0,26888638.0,+
GCF_042767895.1,Chr 11,NC_091574.1,91005at6656,35715020.0,35725116.0,+
GCF_042767895.1,Chr 57,NW_027213806.1,91313at6656,10973.0,15355.0,+
GCF_042767895.1,Chr 17,NC_091566.1,91468at6656,38604420.0,38598660.0,-
GCF_042767895.1,Chr 17,NC_091566.1,91933at6656,2701234.0,2681892.0,-
GCF_042767895.1,Chr 1,NC_091567.1,91946at6656,15919130.0,15912092.0,-
GCF_042767895.1,Chr 28,NC_091572.1,92167at6656,4178235.0,4182398.0,+
GCF_042767895.1,Chr 16,NC_091569.1,92184at6656,7030449.0,7022786.0,-
GCF_042767895.1,Chr 14,NC_091549.1,92420at6656,35919601.0,35922744.0,+
GCF_042767895.1,Chr 3,NC_091551.1,92777at6656,39174301.0,39167631.0,-
GCF_042767895.1,Chr 5,NC_091565.1,93061at6656,18517214.0,18515091.0,-
GCF_042767895.1,Chr 26,NC_091582.1,93085at6656,7201548.0,7197655.0,-
GCF_042767895.1,Chr 12,NC_091553.1,93152at6656,10309104.0,10301336.0,-
GCF_042767895.1,Chr 15,NC_091561.1,93168at6656,30564343.0,30569014.0,+
GCF_042767895.1,Chr 3,NC_091551.1,93408at6656,8467652.0,8284314.0,-
GCF_042767895.1,Chr 38,NC_091562.1,93432at6656,845884.0,840198.0,-
GCF_042767895.1,Chr 16,NC_091569.1,93483at6656,10421533.0,10412320.0,-
GCF_042767895.1,Chr 24,NC_091564.1,93507at6656,21826479.0,21829846.0,+
GCF_042767895.1,Chr 31,NC_091578.1,93535at6656,30251742.0,30244954.0,-
GCF_042767895.1,Chr 7,NC_091557.1,93797at6656,24815075.0,24821035.0,+
GCF_042767895.1,Chr 17,NC_091566.1,94238at6656,41320679.0,41317308.0,-
GCF_042767895.1,Chr 35,NC_091585.1,94263at6656,1864372.0,1872053.0,+
GCF_042767895.1,Chr 9,NC_091550.1,94304at6656,2831010.0,2835492.0,+
GCF_042767895.1,Chr 37,NC_091586.1,94473at6656,891154.0,895236.0,+
GCF_042767895.1,Chr 16,NC_091569.1,94476at6656,37372073.0,37366908.0,-
GCF_042767895.1,Chr 6,NC_091552.1,94842at6656,48079823.0,48084933.0,+
GCF_042767895.1,Chr 19,NC_091563.1,94878at6656,3957425.0,3962365.0,+
GCF_042767895.1,Chr 32,NC_091560.1,95028at6656,4883328.0,4880630.0,-
GCF_042767895.1,Chr 5,NC_091565.1,95089at6656,41406183.0,41410941.0,+
GCF_042767895.1,Chr 41,NC_091577.1,95294at6656,244028.0,248687.0,+
GCF_042767895.1,Chr 30,NC_091576.1,95524at6656,16066129.0,16082113.0,+
GCF_042767895.1,Chr 19,NC_091563.1,96251at6656,3051073.0,3048948.0,-
GCF_042767895.1,Chr 36,NC_091591.1,96444at6656,25824038.0,25821546.0,-
GCF_042767895.1,Chr 8,NC_091558.1,96569at6656,38076499.0,38065647.0,-
GCF_042767895.1,Chr 12,NC_091553.1,96601at6656,25757360.0,25760392.0,+
GCF_042767895.1,Chr 5,NC_091565.1,96956at6656,37680946.0,37685221.0,+
GCF_042767895.1,Chr 8,NC_091558.1,96971at6656,16835810.0,16826470.0,-
GCF_042767895.1,Chr 13,NC_091568.1,97492at6656,7145747.0,7149864.0,+
GCF_042767895.1,Chr 19,NC_091563.1,97749at6656,13244429.0,13189424.0,-
GCF_042767895.1,Chr 8,NC_091558.1,97763at6656,34090932.0,34083686.0,-
GCF_042767895.1,Chr 33,NC_091589.1,97865at6656,9408195.0,9404792.0,-
GCF_042767895.1,Chr 21,NC_091575.1,98066at6656,15964488.0,15950711.0,-
GCF_042767895.1,Chr 6,NC_091552.1,98251at6656,40689228.0,40713969.0,+
GCF_042767895.1,Chr 42,NC_091590.1,98620at6656,4669393.0,4674117.0,+
GCF_042767895.1,Chr 7,NC_091557.1,98755at6656,32315219.0,32319680.0,+
GCF_042767895.1,Chr 2,NC_091559.1,98821at6656,40868080.0,40861901.0,-
GCF_042767895.1,Chr 1,NC_091567.1,98845at6656,39514392.0,39512842.0,-
GCF_042767895.1,Chr 1,NC_091567.1,98927at6656,38995295.0,38996035.0,+
GCF_042767895.1,Chr 29,NC_091570.1,98948at6656,32650493.0,32675127.0,+
GCF_042767895.1,Chr 42,NC_091590.1,99204at6656,2594680.0,2597162.0,+
GCF_042767895.1,Chr 21,NC_091575.1,99270at6656,31389597.0,31386277.0,-
GCF_042767895.1,Chr 9,NC_091550.1,99307at6656,4868692.0,4874299.0,+
GCF_042767895.1,Chr 21,NC_091575.1,99377at6656,23939195.0,23938181.0,-
GCF_042767895.1,Chr 14,NC_091549.1,99519at6656,30722360.0,30726687.0,+
GCF_042767895.1,Chr 14,NC_091549.1,99625at6656,7147252.0,7151899.0,+
GCF_042767895.1,Chr 13,NC_091568.1,99998at6656,26192112.0,26190673.0,-
GCF_042767895.1,Chr 1,NC_091567.1,100070at6656,2014404.0,2017032.0,+
GCF_042767895.1,Chr 11,NC_091574.1,100136at6656,32321071.0,32318260.0,-
GCF_042767895.1,Chr 28,NC_091572.1,100216at6656,2701015.0,2707757.0,+
GCF_042767895.1,Chr 7,NC_091557.1,100296at6656,24278679.0,24262950.0,-
GCF_042767895.1,Chr 3,NC_091551.1,100612at6656,45496140.0,45484364.0,-
GCF_042767895.1,Chr 3,NC_091551.1,100664at6656,46939866.0,46932745.0,-
GCF_042767895.1,Chr 17,NC_091566.1,100673at6656,2705066.0,2707402.0,+
GCF_042767895.1,Chr 12,NC_091553.1,100760at6656,924488.0,927154.0,+
GCF_042767895.1,Chr 18,NC_091556.1,101349at6656,8710069.0,8724040.0,+
GCF_042767895.1,Chr 33,NC_091589.1,101359at6656,3616673.0,3619761.0,+
GCF_042767895.1,Chr 25,NC_091587.1,101531at6656,25494714.0,25504045.0,+
GCF_042767895.1,Chr 35,NC_091585.1,101621at6656,20482623.0,20494334.0,+
GCF_042767895.1,Chr 3,NC_091551.1,101727at6656,24751799.0,24767848.0,+
GCF_042767895.1,Chr 18,NC_091556.1,101761at6656,2650294.0,2656139.0,+
GCF_042767895.1,Chr 32,NC_091560.1,101767at6656,37760747.0,37756734.0,-
GCF_042767895.1,Chr 12,NC_091553.1,101829at6656,41224333.0,41248632.0,+
GCF_042767895.1,Chr 19,NC_091563.1,101886at6656,5340313.0,5343154.0,+
GCF_042767895.1,Chr 4,NC_091579.1,102321at6656,6644678.0,6646609.0,+
GCF_042767895.1,Chr 24,NC_091564.1,102714at6656,12230293.0,12225706.0,-
GCF_042767895.1,Chr 27,NC_091573.1,102770at6656,30410605.0,30415384.0,+
GCF_042767895.1,Chr 3,NC_091551.1,103125at6656,7247561.0,7243377.0,-
GCF_042767895.1,Chr 40,NC_091588.1,103207at6656,23717476.0,23714431.0,-
GCF_042767895.1,Chr 17,NC_091566.1,103590at6656,4257746.0,4264519.0,+
GCF_042767895.1,Chr 16,NC_091569.1,103749at6656,12212208.0,12217130.0,+
GCF_042767895.1,Chr 36,NC_091591.1,103752at6656,23741052.0,23736315.0,-
GCF_042767895.1,Chr 6,NC_091552.1,103908at6656,53027011.0,53023099.0,-
GCF_042767895.1,Chr 34,NC_091571.1,104063at6656,29109366.0,29104656.0,-
GCF_042767895.1,Chr 38,NC_091562.1,104122at6656,12209363.0,12240378.0,+
GCF_042767895.1,Chr 41,NC_091577.1,104198at6656,31544181.0,31548251.0,+
GCF_042767895.1,Chr 12,NC_091553.1,104410at6656,7394434.0,7401026.0,+
GCF_042767895.1,Chr 2,NC_091559.1,104588at6656,45847737.0,45839395.0,-
GCF_042767895.1,Chr 9,NC_091550.1,104604at6656,43829145.0,43840227.0,+
GCF_042767895.1,Chr 13,NC_091568.1,105000at6656,3037856.0,3033353.0,-
GCF_042767895.1,Chr 6,NC_091552.1,105099at6656,19972667.0,19965831.0,-
GCF_042767895.1,Chr 7,NC_091557.1,105170at6656,5157463.0,5180145.0,+
GCF_042767895.1,Chr 19,NC_091563.1,105364at6656,41706450.0,41703500.0,-
GCF_042767895.1,Chr 6,NC_091552.1,105457at6656,35088669.0,35073401.0,-
GCF_042767895.1,Chr 58,NW_027213569.1,105771at6656,5414.0,13945.0,+
GCF_042767895.1,Chr 32,NC_091560.1,106116at6656,36565254.0,36562182.0,-
GCF_042767895.1,Chr 40,NC_091588.1,106126at6656,13524847.0,13517662.0,-
GCF_042767895.1,Chr 21,NC_091575.1,106466at6656,32747728.0,32744023.0,-
GCF_042767895.1,Chr 7,NC_091557.1,106470at6656,24075672.0,23944950.0,-
GCF_042767895.1,Chr 1,NC_091567.1,106634at6656,12427846.0,12424386.0,-
GCF_042767895.1,Chr 27,NC_091573.1,106639at6656,15918312.0,15908975.0,-
GCF_042767895.1,Chr 36,NC_091591.1,106988at6656,5263735.0,5262578.0,-
GCF_042767895.1,Chr 5,NC_091565.1,107030at6656,1163229.0,1166604.0,+
GCF_042767895.1,Chr 34,NC_091571.1,107139at6656,36371190.0,36373323.0,+
GCF_042767895.1,Chr 7,NC_091557.1,107353at6656,8838888.0,8837875.0,-
GCF_042767895.1,Chr 17,NC_091566.1,107453at6656,16006938.0,16017034.0,+
GCF_042767895.1,Chr 1,NC_091567.1,107615at6656,19641001.0,19617927.0,-
GCF_042767895.1,Chr 16,NC_091569.1,107802at6656,3611537.0,3605551.0,-
GCF_042767895.1,Chr 12,NC_091553.1,107844at6656,2221365.0,2206251.0,-
GCF_042767895.1,Chr 45,NW_027213363.1,108162at6656,30582.0,36165.0,+
GCF_042767895.1,Chr 40,NC_091588.1,108207at6656,4398932.0,4395596.0,-
GCF_042767895.1,Chr 43,NC_091581.1,108240at6656,23639950.0,23643449.0,+
GCF_042767895.1,Chr 15,NC_091561.1,108693at6656,15773642.0,15780132.0,+
GCF_042767895.1,Chr 3,NC_091551.1,108808at6656,547711.0,537562.0,-
GCF_042767895.1,Chr 23,NC_091583.1,109174at6656,30296724.0,30289774.0,-
GCF_042767895.1,Chr 22,NC_091554.1,109325at6656,45400153.0,45403001.0,+
GCF_042767895.1,Chr 15,NC_091561.1,109444at6656,7451324.0,7443010.0,-
GCF_042767895.1,Chr 5,NC_091565.1,109484at6656,12429988.0,12427091.0,-
GCF_042767895.1,Chr 26,NC_091582.1,109562at6656,17705708.0,17704536.0,-
GCF_042767895.1,Chr 5,NC_091565.1,109664at6656,14480294.0,14341192.0,-
GCF_042767895.1,Chr 31,NC_091578.1,109724at6656,23999947.0,23995185.0,-
GCF_042767895.1,Chr 6,NC_091552.1,109923at6656,52069134.0,52063413.0,-
GCF_042767895.1,Chr 26,NC_091582.1,110129at6656,20141953.0,20144119.0,+
GCF_042767895.1,Chr 28,NC_091572.1,110982at6656,23641691.0,23648625.0,+
GCF_042767895.1,Chr 35,NC_091585.1,111082at6656,1415412.0,1403049.0,-
GCF_042767895.1,Chr 1,NC_091567.1,111153at6656,1463010.0,1455215.0,-
GCF_042767895.1,Chr 43,NC_091581.1,111236at6656,30320412.0,30316266.0,-
GCF_042767895.1,Chr 6,NC_091552.1,111239at6656,37557144.0,37555860.0,-
GCF_042767895.1,Chr 15,NC_091561.1,111545at6656,34833103.0,34843947.0,+
GCF_042767895.1,Chr 9,NC_091550.1,111851at6656,46004523.0,46007973.0,+
GCF_042767895.1,Chr 36,NC_091591.1,112281at6656,721258.0,716139.0,-
GCF_042767895.1,Chr 18,NC_091556.1,112328at6656,4842959.0,4836354.0,-
GCF_042767895.1,Chr 26,NC_091582.1,112360at6656,597392.0,606069.0,+
GCF_042767895.1,Chr 38,NC_091562.1,112556at6656,44434149.0,44439091.0,+
GCF_042767895.1,Chr 19,NC_091563.1,112634at6656,30948181.0,30955505.0,+
GCF_042767895.1,Chr 9,NC_091550.1,112645at6656,45201894.0,45175824.0,-
GCF_042767895.1,Chr 40,NC_091588.1,112759at6656,6611172.0,6616336.0,+
GCF_042767895.1,Chr 23,NC_091583.1,113015at6656,3193877.0,3190516.0,-
GCF_042767895.1,Chr 7,NC_091557.1,113300at6656,7610581.0,7606910.0,-
GCF_042767895.1,Chr 29,NC_091570.1,113604at6656,9340007.0,9336304.0,-
GCF_042767895.1,Chr 15,NC_091561.1,113622at6656,16709289.0,16717727.0,+
GCF_042767895.1,Chr 6,NC_091552.1,113641at6656,43857893.0,43859425.0,+
GCF_042767895.1,Chr 30,NC_091576.1,113668at6656,2396634.0,2393852.0,-
GCF_042767895.1,Chr 17,NC_091566.1,113713at6656,4686171.0,4691160.0,+
GCF_042767895.1,Chr 25,NC_091587.1,113817at6656,19731060.0,19743831.0,+
GCF_042767895.1,Chr 16,NC_091569.1,113818at6656,4281244.0,4276795.0,-
GCF_042767895.1,Chr 16,NC_091569.1,113865at6656,30675241.0,30662464.0,-
GCF_042767895.1,Chr 3,NC_091551.1,113960at6656,51227899.0,51225077.0,-
GCF_042767895.1,Chr 35,NC_091585.1,114609at6656,14369731.0,14355294.0,-
GCF_042767895.1,Chr 36,NC_091591.1,115001at6656,15929783.0,15943541.0,+
GCF_042767895.1,Chr 15,NC_091561.1,115229at6656,12276349.0,12270325.0,-
GCF_042767895.1,Chr 3,NC_091551.1,115252at6656,50843186.0,50839868.0,-
GCF_042767895.1,Chr 5,NC_091565.1,115256at6656,17613117.0,17610778.0,-
GCF_042767895.1,Chr 22,NC_091554.1,115462at6656,29345356.0,29325863.0,-
GCF_042767895.1,Chr 6,NC_091552.1,115537at6656,51603229.0,51621312.0,+
GCF_042767895.1,Chr 32,NC_091560.1,115841at6656,32605720.0,32612989.0,+
GCF_042767895.1,Chr 12,NC_091553.1,115917at6656,7618160.0,7612495.0,-
GCF_042767895.1,Chr 41,NC_091577.1,115986at6656,26225719.0,26223885.0,-
GCF_042767895.1,Chr 22,NC_091554.1,116117at6656,43565107.0,43566776.0,+
GCF_042767895.1,Chr 1,NC_091567.1,116401at6656,3760663.0,3765334.0,+
GCF_042767895.1,Chr 31,NC_091578.1,116608at6656,10919096.0,10922476.0,+
GCF_042767895.1,Chr 4,NC_091579.1,116688at6656,11284864.0,11288171.0,+
GCF_042767895.1,Chr 16,NC_091569.1,116804at6656,27037077.0,27059791.0,+
GCF_042767895.1,Chr 27,NC_091573.1,116982at6656,27478930.0,27481336.0,+
GCF_042767895.1,Chr 21,NC_091575.1,117173at6656,19427234.0,19434627.0,+
GCF_042767895.1,Chr 6,NC_091552.1,117335at6656,37157914.0,37068850.0,-
GCF_042767895.1,Chr 13,NC_091568.1,117399at6656,15174044.0,15180651.0,+
GCF_042767895.1,Chr 12,NC_091553.1,117413at6656,43572053.0,43560991.0,-
GCF_042767895.1,Chr 8,NC_091558.1,117586at6656,45924111.0,45910308.0,-
GCF_042767895.1,Chr 24,NC_091564.1,117742at6656,21669544.0,21648300.0,-
GCF_042767895.1,Chr 22,NC_091554.1,117811at6656,32898967.0,32900314.0,+
GCF_042767895.1,Chr 5,NC_091565.1,117843at6656,675684.0,677432.0,+
GCF_042767895.1,Chr 10,NC_091555.1,117947at6656,46654649.0,46648881.0,-
GCF_042767895.1,Chr 21,NC_091575.1,118014at6656,28445913.0,28446814.0,+
GCF_042767895.1,Chr 23,NC_091583.1,118037at6656,10394503.0,10329585.0,-
GCF_042767895.1,Chr 18,NC_091556.1,118496at6656,37272658.0,37266080.0,-
GCF_042767895.1,Chr 15,NC_091561.1,118527at6656,45318955.0,45327637.0,+
GCF_042767895.1,Chr 43,NC_091581.1,118780at6656,11167056.0,11169665.0,+
GCF_042767895.1,Chr 33,NC_091589.1,118807at6656,19819122.0,19827273.0,+
GCF_042767895.1,Chr 28,NC_091572.1,118904at6656,23937453.0,23943028.0,+
GCF_042767895.1,Chr 9,NC_091550.1,119012at6656,4110511.0,4119801.0,+
GCF_042767895.1,Chr 13,NC_091568.1,119144at6656,11067226.0,11077027.0,+
GCF_042767895.1,Chr 15,NC_091561.1,119194at6656,34820218.0,34811626.0,-
GCF_042767895.1,Chr 31,NC_091578.1,119438at6656,30166062.0,30160867.0,-
GCF_042767895.1,Chr 10,NC_091555.1,119541at6656,4716922.0,4718473.0,+
GCF_042767895.1,Chr 14,NC_091549.1,119951at6656,36696519.0,36692482.0,-
GCF_042767895.1,Chr 33,NC_091589.1,120047at6656,7774708.0,7782316.0,+
GCF_042767895.1,Chr 11,NC_091574.1,120383at6656,12710391.0,12683450.0,-
GCF_042767895.1,Chr 18,NC_091556.1,120445at6656,36765479.0,36762612.0,-
GCF_042767895.1,Chr 34,NC_091571.1,120875at6656,9062563.0,9108737.0,+
GCF_042767895.1,Chr 10,NC_091555.1,120907at6656,524563.0,524047.0,-
GCF_042767895.1,Chr 7,NC_091557.1,121002at6656,34771539.0,34764640.0,-
GCF_042767895.1,Chr 3,NC_091551.1,121220at6656,50499222.0,50499983.0,+
GCF_042767895.1,Chr 24,NC_091564.1,121530at6656,17167052.0,17165349.0,-
GCF_042767895.1,Chr 25,NC_091587.1,121558at6656,8300342.0,8296003.0,-
GCF_042767895.1,Chr 20,NC_091584.1,121847at6656,14173978.0,14164927.0,-
GCF_042767895.1,Chr 18,NC_091556.1,121894at6656,4604142.0,4600539.0,-
GCF_042767895.1,Chr 18,NC_091556.1,122665at6656,25174530.0,25169259.0,-
GCF_042767895.1,Chr 26,NC_091582.1,122816at6656,16467770.0,16472357.0,+
GCF_042767895.1,Chr 17,NC_091566.1,123035at6656,105690.0,99708.0,-
GCF_042767895.1,Chr 22,NC_091554.1,123409at6656,13559621.0,13554323.0,-
GCF_042767895.1,Chr 8,NC_091558.1,123672at6656,42352928.0,42367832.0,+
GCF_042767895.1,Chr 33,NC_091589.1,123853at6656,13933384.0,13940293.0,+
GCF_042767895.1,Chr 4,NC_091579.1,124174at6656,30094306.0,30097701.0,+
GCF_042767895.1,Chr 5,NC_091565.1,124400at6656,1578848.0,1574394.0,-
GCF_042767895.1,Chr 21,NC_091575.1,124452at6656,31714046.0,31710531.0,-
GCF_042767895.1,Chr 19,NC_091563.1,124707at6656,17883743.0,17845447.0,-
GCF_042767895.1,Chr 5,NC_091565.1,124720at6656,42597942.0,42593617.0,-
GCF_042767895.1,Chr 8,NC_091558.1,124981at6656,23236265.0,23272310.0,+
GCF_042767895.1,Chr 12,NC_091553.1,125100at6656,44048568.0,44053021.0,+
GCF_042767895.1,Chr 9,NC_091550.1,125127at6656,36587747.0,36593639.0,+
GCF_042767895.1,Chr 33,NC_091589.1,125210at6656,13787412.0,13782856.0,-
GCF_042767895.1,Chr 1,NC_091567.1,125234at6656,28005165.0,28003490.0,-
GCF_042767895.1,Chr 25,NC_091587.1,125238at6656,22180828.0,22189682.0,+
GCF_042767895.1,Chr 15,NC_091561.1,125414at6656,29159432.0,29157840.0,-
GCF_042767895.1,Chr 8,NC_091558.1,125446at6656,7911020.0,7924146.0,+
GCF_042767895.1,Chr 22,NC_091554.1,125452at6656,46391182.0,46389854.0,-
GCF_042767895.1,Chr 37,NC_091586.1,126074at6656,400816.0,402542.0,+
GCF_042767895.1,Chr 11,NC_091574.1,126225at6656,23649942.0,23650418.0,+
GCF_042767895.1,Chr 32,NC_091560.1,126442at6656,27453327.0,27454989.0,+
GCF_042767895.1,Chr 26,NC_091582.1,126483at6656,11960087.0,11963020.0,+
GCF_042767895.1,Chr 18,NC_091556.1,126733at6656,33583581.0,33581462.0,-
GCF_042767895.1,Chr 41,NC_091577.1,127602at6656,27042594.0,27040500.0,-
GCF_042767895.1,Chr 21,NC_091575.1,127649at6656,8330316.0,8320356.0,-
GCF_042767895.1,Chr 14,NC_091549.1,127661at6656,9531030.0,9534499.0,+
GCF_042767895.1,Chr 2,NC_091559.1,127775at6656,42755538.0,42753152.0,-
GCF_042767895.1,Chr 30,NC_091576.1,127998at6656,10277181.0,10254834.0,-
GCF_042767895.1,Chr 25,NC_091587.1,128030at6656,7135294.0,7130270.0,-
GCF_042767895.1,Chr 23,NC_091583.1,128188at6656,26235146.0,26229276.0,-
GCF_042767895.1,Chr 42,NC_091590.1,128216at6656,9459678.0,9462638.0,+
GCF_042767895.1,Chr 11,NC_091574.1,128331at6656,3844619.0,3836871.0,-
GCF_042767895.1,Chr 15,NC_091561.1,128464at6656,7912025.0,7909047.0,-
GCF_042767895.1,Chr 5,NC_091565.1,128916at6656,18454433.0,18474203.0,+
GCF_042767895.1,Chr 39,NC_091580.1,129077at6656,5169594.0,5170421.0,+
GCF_042767895.1,Chr 18,NC_091556.1,129131at6656,12584057.0,12594720.0,+
GCF_042767895.1,Chr 6,NC_091552.1,129200at6656,11059950.0,11033137.0,-
GCF_042767895.1,Chr 27,NC_091573.1,129618at6656,16858557.0,16886361.0,+
GCF_042767895.1,Chr 10,NC_091555.1,129675at6656,17165300.0,17176194.0,+
GCF_042767895.1,Chr 15,NC_091561.1,129886at6656,13471383.0,13468940.0,-
GCF_042767895.1,Chr 22,NC_091554.1,129902at6656,3074897.0,3076980.0,+
GCF_042767895.1,Chr 12,NC_091553.1,129989at6656,11339259.0,11332413.0,-
GCF_042767895.1,Chr 2,NC_091559.1,130105at6656,7064931.0,7073234.0,+
GCF_042767895.1,Chr 5,NC_091565.1,130126at6656,1945376.0,1946101.0,+
GCF_042767895.1,Chr 32,NC_091560.1,130176at6656,4905040.0,4901740.0,-
GCF_042767895.1,Chr 15,NC_091561.1,130363at6656,44487625.0,44492644.0,+
GCF_042767895.1,Chr 8,NC_091558.1,130514at6656,36434145.0,36438797.0,+
GCF_042767895.1,Chr 4,NC_091579.1,130563at6656,11761380.0,11767894.0,+
GCF_042767895.1,Chr 16,NC_091569.1,130825at6656,30583687.0,30586726.0,+
GCF_042767895.1,Chr 41,NC_091577.1,130923at6656,355789.0,348329.0,-
GCF_042767895.1,Chr 16,NC_091569.1,131276at6656,38428394.0,38427177.0,-
GCF_042767895.1,Chr 26,NC_091582.1,131307at6656,26558164.0,26613366.0,+
GCF_042767895.1,Chr 23,NC_091583.1,131495at6656,1017001.0,1014012.0,-
GCF_042767895.1,Chr 13,NC_091568.1,131516at6656,219229.0,215267.0,-
GCF_042767895.1,Chr 4,NC_091579.1,131668at6656,13098124.0,13088853.0,-
GCF_042767895.1,Chr 12,NC_091553.1,131751at6656,31157154.0,31178400.0,+
GCF_042767895.1,Chr 27,NC_091573.1,132329at6656,18930195.0,19022734.0,+
GCF_042767895.1,Chr 8,NC_091558.1,132340at6656,46658762.0,46664534.0,+
GCF_042767895.1,Chr 40,NC_091588.1,132441at6656,27010901.0,27003474.0,-
GCF_042767895.1,Chr 2,NC_091559.1,132495at6656,31279726.0,31275781.0,-
GCF_042767895.1,Chr 15,NC_091561.1,132760at6656,29487127.0,29483690.0,-
GCF_042767895.1,Chr 7,NC_091557.1,132857at6656,40746068.0,40741890.0,-
GCF_042767895.1,Chr 18,NC_091556.1,133015at6656,5296797.0,5300369.0,+
GCF_042767895.1,Chr 4,NC_091579.1,133329at6656,2422737.0,2423189.0,+
GCF_042767895.1,Chr 8,NC_091558.1,133362at6656,13200670.0,13197848.0,-
GCF_042767895.1,Chr 18,NC_091556.1,133422at6656,21471575.0,21455814.0,-
GCF_042767895.1,Chr 6,NC_091552.1,133603at6656,11070370.0,11074758.0,+
GCF_042767895.1,Chr 5,NC_091565.1,133735at6656,18448275.0,18440953.0,-
GCF_042767895.1,Chr 6,NC_091552.1,133949at6656,17593970.0,17599536.0,+
GCF_042767895.1,Chr 20,NC_091584.1,134073at6656,27409483.0,27401709.0,-
GCF_042767895.1,Chr 18,NC_091556.1,134209at6656,34591827.0,34594803.0,+
GCF_042767895.1,Chr 31,NC_091578.1,134708at6656,1639468.0,1645412.0,+
GCF_042767895.1,Chr 3,NC_091551.1,134853at6656,34959644.0,34963224.0,+
GCF_042767895.1,Chr 35,NC_091585.1,134865at6656,18310841.0,18316424.0,+
GCF_042767895.1,Chr 3,NC_091551.1,135065at6656,52233487.0,52263711.0,+
GCF_042767895.1,Chr 13,NC_091568.1,135075at6656,7105304.0,7100377.0,-
GCF_042767895.1,Chr 18,NC_091556.1,135107at6656,8793595.0,8779723.0,-
GCF_042767895.1,Chr 3,NC_091551.1,135123at6656,25839178.0,25837619.0,-
GCF_042767895.1,Chr 17,NC_091566.1,135203at6656,34068221.0,34071193.0,+
GCF_042767895.1,Chr 15,NC_091561.1,135204at6656,3633258.0,3640315.0,+
GCF_042767895.1,Chr 11,NC_091574.1,135215at6656,27460276.0,27458352.0,-
GCF_042767895.1,Chr 8,NC_091558.1,135357at6656,13140091.0,13136346.0,-
GCF_042767895.1,Chr 12,NC_091553.1,135373at6656,32934908.0,32931631.0,-
GCF_042767895.1,Chr 2,NC_091559.1,135391at6656,26887737.0,26894208.0,+
GCF_042767895.1,Chr 8,NC_091558.1,135526at6656,36148598.0,36157046.0,+
GCF_042767895.1,Chr 17,NC_091566.1,135676at6656,9793959.0,9790559.0,-
GCF_042767895.1,Chr 42,NC_091590.1,135702at6656,5255470.0,5254075.0,-
GCF_042767895.1,Chr 42,NC_091590.1,135764at6656,12887453.0,12847864.0,-
GCF_042767895.1,Chr 26,NC_091582.1,135828at6656,4964259.0,4969019.0,+
GCF_042767895.1,Chr 39,NC_091580.1,135834at6656,696448.0,703699.0,+
GCF_042767895.1,Chr 2,NC_091559.1,135859at6656,46528104.0,46530366.0,+
GCF_042767895.1,Chr 7,NC_091557.1,135975at6656,3032119.0,3028055.0,-
GCF_042767895.1,Chr 25,NC_091587.1,135994at6656,19660383.0,19661251.0,+
GCF_042767895.1,Chr 10,NC_091555.1,136055at6656,15277518.0,15275092.0,-
GCF_042767895.1,Chr 23,NC_091583.1,136119at6656,20758850.0,20747609.0,-
GCF_042767895.1,Chr 31,NC_091578.1,136224at6656,12327480.0,12310793.0,-
GCF_042767895.1,Chr 22,NC_091554.1,136365at6656,38791449.0,38793691.0,+
GCF_042767895.1,Chr 28,NC_091572.1,136559at6656,21235884.0,21233646.0,-
GCF_042767895.1,Chr 36,NC_091591.1,137338at6656,11682676.0,11684797.0,+
GCF_042767895.1,Chr 4,NC_091579.1,137609at6656,22785021.0,22784050.0,-
GCF_042767895.1,Chr 24,NC_091564.1,137688at6656,16786512.0,16775554.0,-
GCF_042767895.1,Chr 13,NC_091568.1,137709at6656,10211317.0,10210406.0,-
GCF_042767895.1,Chr 23,NC_091583.1,137711at6656,26002374.0,26001393.0,-
GCF_042767895.1,Chr 40,NC_091588.1,138243at6656,19850612.0,19844269.0,-
GCF_042767895.1,Chr 6,NC_091552.1,138271at6656,14155857.0,14148462.0,-
GCF_042767895.1,Chr 4,NC_091579.1,138379at6656,2134422.0,2129098.0,-
GCF_042767895.1,Chr 5,NC_091565.1,138502at6656,23577579.0,23578382.0,+
GCF_042767895.1,Chr 3,NC_091551.1,138553at6656,39160064.0,39162393.0,+
GCF_042767895.1,Chr 12,NC_091553.1,138684at6656,25764362.0,25761816.0,-
GCF_042767895.1,Chr 30,NC_091576.1,138937at6656,18247292.0,18247838.0,+
GCF_042767895.1,Chr 39,NC_091580.1,139217at6656,29059128.0,29058493.0,-
GCF_042767895.1,Chr 2,NC_091559.1,139553at6656,44178625.0,44175445.0,-
GCF_042767895.1,Chr 25,NC_091587.1,139638at6656,7098571.0,7094470.0,-
GCF_042767895.1,Chr 13,NC_091568.1,139744at6656,14422744.0,14456482.0,+
GCF_042767895.1,Chr 15,NC_091561.1,139834at6656,34586190.0,34576399.0,-
GCF_042767895.1,Chr 12,NC_091553.1,140076at6656,9759013.0,9760910.0,+
GCF_042767895.1,Chr 10,NC_091555.1,140197at6656,40313340.0,40311794.0,-
GCF_042767895.1,Chr 37,NC_091586.1,140198at6656,7098210.0,7096540.0,-
GCF_042767895.1,Chr 40,NC_091588.1,140403at6656,23279523.0,23291931.0,+
GCF_042767895.1,Chr 9,NC_091550.1,140461at6656,1181032.0,1179381.0,-
GCF_042767895.1,Chr 30,NC_091576.1,140693at6656,32954282.0,32949697.0,-
GCF_042767895.1,Chr 5,NC_091565.1,140874at6656,1172806.0,1168408.0,-
GCF_042767895.1,Chr 9,NC_091550.1,140903at6656,15877927.0,15872494.0,-
GCF_042767895.1,Chr 19,NC_091563.1,141031at6656,5248693.0,5274499.0,+
GCF_042767895.1,Chr 37,NC_091586.1,141163at6656,26090807.0,26188009.0,+
GCF_042767895.1,Chr 1,NC_091567.1,141166at6656,34990758.0,35030269.0,+
GCF_042767895.1,Chr 34,NC_091571.1,141175at6656,25726766.0,25742567.0,+
GCF_042767895.1,Chr 1,NC_091567.1,141298at6656,2452951.0,2456167.0,+
GCF_042767895.1,Chr 18,NC_091556.1,141804at6656,715695.0,712428.0,-
GCF_042767895.1,Chr 5,NC_091565.1,141859at6656,31233442.0,31244995.0,+
GCF_042767895.1,Chr 37,NC_091586.1,141916at6656,24068665.0,24075430.0,+
GCF_042767895.1,Chr 11,NC_091574.1,142388at6656,21620866.0,21624812.0,+
GCF_042767895.1,Chr 29,NC_091570.1,142415at6656,3899796.0,3902405.0,+
GCF_042767895.1,Chr 21,NC_091575.1,142522at6656,21827712.0,21826274.0,-
GCF_042767895.1,Chr 32,NC_091560.1,142833at6656,11280211.0,11279680.0,-
GCF_042767895.1,Chr 13,NC_091568.1,143154at6656,15239491.0,15238151.0,-
GCF_042767895.1,Chr 59,NW_027216975.1,143279at6656,11303.0,9955.0,-
GCF_042767895.1,Chr 7,NC_091557.1,143459at6656,47003850.0,47001390.0,-
GCF_042767895.1,Chr 15,NC_091561.1,143489at6656,3905505.0,3903959.0,-
GCF_042767895.1,Chr 43,NC_091581.1,143626at6656,13195145.0,13196085.0,+
GCF_042767895.1,Chr 20,NC_091584.1,143709at6656,12039927.0,12034245.0,-
GCF_042767895.1,Chr 33,NC_091589.1,143930at6656,17473667.0,17475404.0,+
GCF_042767895.1,Chr 23,NC_091583.1,144337at6656,30055855.0,30060296.0,+
GCF_042767895.1,Chr 5,NC_091565.1,144652at6656,12277308.0,12285031.0,+
GCF_042767895.1,Chr 9,NC_091550.1,144836at6656,31002012.0,31002541.0,+
GCF_042767895.1,Chr 41,NC_091577.1,144851at6656,16148254.0,16144142.0,-
GCF_042767895.1,Chr 14,NC_091549.1,145033at6656,16391972.0,16376393.0,-
GCF_042767895.1,Chr 30,NC_091576.1,145102at6656,33021177.0,33022232.0,+
GCF_042767895.1,Chr 38,NC_091562.1,145443at6656,2996566.0,3001368.0,+
GCF_042767895.1,Chr 9,NC_091550.1,145610at6656,16360128.0,16342830.0,-
GCF_042767895.1,Chr 7,NC_091557.1,145811at6656,34031343.0,34027009.0,-
GCF_042767895.1,Chr 9,NC_091550.1,145996at6656,2512120.0,2510967.0,-
GCF_042767895.1,Chr 7,NC_091557.1,146036at6656,7574799.0,7574047.0,-
GCF_042767895.1,Chr 22,NC_091554.1,146087at6656,8846775.0,8847953.0,+
GCF_042767895.1,Chr 31,NC_091578.1,146102at6656,11576238.0,11571872.0,-
GCF_042767895.1,Chr 33,NC_091589.1,146103at6656,7384010.0,7385209.0,+
GCF_042767895.1,Chr 1,NC_091567.1,146383at6656,19327761.0,19326973.0,-
GCF_042767895.1,Chr 9,NC_091550.1,146920at6656,1209415.0,1208956.0,-
GCF_042767895.1,Chr 1,NC_091567.1,147002at6656,30534665.0,30526825.0,-
GCF_042767895.1,Chr 8,NC_091558.1,147025at6656,2078681.0,2044616.0,-
GCF_042767895.1,Chr 14,NC_091549.1,147322at6656,37063926.0,37066052.0,+
GCF_042767895.1,Chr 18,NC_091556.1,147657at6656,34126666.0,34129719.0,+
GCF_042767895.1,Chr 25,NC_091587.1,147723at6656,9598991.0,9598462.0,-
GCF_042767895.1,Chr 27,NC_091573.1,147852at6656,37618208.0,37620957.0,+
GCF_042767895.1,Chr 10,NC_091555.1,147891at6656,4703087.0,4705545.0,+
GCF_042767895.1,Chr 7,NC_091557.1,147980at6656,35868150.0,35860187.0,-
GCF_042767895.1,Chr 24,NC_091564.1,148134at6656,16963217.0,16959979.0,-
GCF_042767895.1,Chr 24,NC_091564.1,148619at6656,35144802.0,35152469.0,+
GCF_042767895.1,Chr 4,NC_091579.1,148713at6656,221947.0,221360.0,-
GCF_042767895.1,Chr 10,NC_091555.1,148851at6656,11454280.0,11453153.0,-
GCF_042767895.1,Chr 18,NC_091556.1,148890at6656,35549892.0,35538146.0,-
GCF_042767895.1,Chr 27,NC_091573.1,149126at6656,10732903.0,10744083.0,+
GCF_042767895.1,Chr 35,NC_091585.1,149251at6656,18232249.0,18238075.0,+
GCF_042767895.1,Chr 40,NC_091588.1,149405at6656,17973588.0,17972515.0,-
GCF_042767895.1,Chr 2,NC_091559.1,149680at6656,36376300.0,36371824.0,-
GCF_042767895.1,Chr 10,NC_091555.1,149753at6656,8658510.0,8660493.0,+
GCF_042767895.1,Chr 39,NC_091580.1,149796at6656,31595082.0,31583999.0,-
GCF_042767895.1,Chr 24,NC_091564.1,149819at6656,18092288.0,18094991.0,+
GCF_042767895.1,Chr 21,NC_091575.1,149973at6656,30108577.0,30107714.0,-
GCF_042767895.1,Chr 25,NC_091587.1,150005at6656,13245275.0,13249416.0,+
GCF_042767895.1,Chr 18,NC_091556.1,150049at6656,34378876.0,34383999.0,+
GCF_042767895.1,Chr 2,NC_091559.1,150327at6656,44258859.0,44255568.0,-
GCF_042767895.1,Chr 35,NC_091585.1,150479at6656,26788066.0,26789829.0,+
GCF_042767895.1,Chr 10,NC_091555.1,150583at6656,19590051.0,19590661.0,+
GCF_042767895.1,Chr 16,NC_091569.1,150585at6656,34573395.0,34570305.0,-
GCF_042767895.1,Chr 17,NC_091566.1,150667at6656,35774061.0,35763095.0,-
GCF_042767895.1,Chr 5,NC_091565.1,150765at6656,18487746.0,18488458.0,+
GCF_042767895.1,Chr 23,NC_091583.1,151102at6656,1025992.0,1028738.0,+
GCF_042767895.1,Chr 14,NC_091549.1,151111at6656,56601865.0,56602356.0,+
GCF_042767895.1,Chr 19,NC_091563.1,151114at6656,3399807.0,3399176.0,-
GCF_042767895.1,Chr 60,NW_027213628.1,151393at6656,10486.0,12045.0,+
GCF_042767895.1,Chr 41,NC_091577.1,151436at6656,4003721.0,3986538.0,-
GCF_042767895.1,Chr 35,NC_091585.1,151642at6656,18609475.0,18605137.0,-
GCF_042767895.1,Chr 5,NC_091565.1,151658at6656,37674369.0,37671753.0,-
GCF_042767895.1,Chr 4,NC_091579.1,152032at6656,2402814.0,2398022.0,-
GCF_042767895.1,Chr 18,NC_091556.1,152109at6656,46276885.0,46270346.0,-
GCF_042767895.1,Chr 40,NC_091588.1,152402at6656,6119768.0,6112906.0,-
GCF_042767895.1,Chr 6,NC_091552.1,152534at6656,498741.0,500037.0,+
GCF_042767895.1,Chr 4,NC_091579.1,152871at6656,15688183.0,15687351.0,-
GCF_042767895.1,Chr 22,NC_091554.1,153155at6656,31694219.0,31700570.0,+
GCF_042767895.1,Chr 44,NW_027213206.1,153232at6656,11048.0,8911.0,-
GCF_042767895.1,Chr 25,NC_091587.1,153312at6656,9732285.0,9727591.0,-
GCF_042767895.1,Chr 4,NC_091579.1,153534at6656,4133354.0,4139230.0,+
GCF_042767895.1,Chr 23,NC_091583.1,153693at6656,3583.0,6501.0,+
GCF_042767895.1,Chr 5,NC_091565.1,154133at6656,1446134.0,1441294.0,-
GCF_042767895.1,Chr 2,NC_091559.1,154415at6656,30263198.0,30255137.0,-
GCF_042767895.1,Chr 20,NC_091584.1,154507at6656,22068237.0,22066932.0,-
GCF_042767895.1,Chr 27,NC_091573.1,155285at6656,15087461.0,15111500.0,+
GCF_042767895.1,Chr 15,NC_091561.1,156111at6656,7904082.0,7900447.0,-
GCF_042767895.1,Chr 11,NC_091574.1,156395at6656,23705525.0,23704273.0,-
GCF_042767895.1,Chr 29,NC_091570.1,156728at6656,34072353.0,34058717.0,-
GCF_042767895.1,Chr 29,NC_091570.1,156824at6656,33560460.0,33561514.0,+
GCF_042767895.1,Chr 5,NC_091565.1,156975at6656,32053540.0,32052727.0,-
GCF_042767895.1,Chr 1,NC_091567.1,157486at6656,4459982.0,4457739.0,-
GCF_042767895.1,Chr 41,NC_091577.1,157579at6656,24154652.0,24149827.0,-
GCF_042767895.1,Chr 3,NC_091551.1,157851at6656,28666716.0,28667492.0,+
GCF_042767895.1,Chr 2,NC_091559.1,157879at6656,39770098.0,39767801.0,-
GCF_042767895.1,Chr 3,NC_091551.1,158194at6656,39144342.0,39141444.0,-
GCF_042767895.1,Chr 32,NC_091560.1,159231at6656,38257142.0,38256485.0,-
GCF_042767895.1,Chr 39,NC_091580.1,159420at6656,3837059.0,3840762.0,+
GCF_042767895.1,Chr 8,NC_091558.1,159542at6656,9986243.0,9984958.0,-
GCF_042767895.1,Chr 26,NC_091582.1,160705at6656,11433544.0,11430114.0,-
GCF_042767895.1,Chr 39,NC_091580.1,161435at6656,13694888.0,13692382.0,-
GCF_042767895.1,Chr 1,NC_091567.1,162059at6656,27978834.0,27980538.0,+
GCF_042767895.1,Chr 61,NW_027214032.1,162147at6656,59.0,796.0,+
GCF_042767895.1,Chr 28,NC_091572.1,162594at6656,28590305.0,28589962.0,-
GCF_042767895.1,Chr 37,NC_091586.1,162628at6656,1010566.0,1015780.0,+
GCF_042767895.1,Chr 17,NC_091566.1,162841at6656,12122071.0,12161690.0,+
GCF_042767895.1,Chr 4,NC_091579.1,163670at6656,25131728.0,25107450.0,-
GCF_042767895.1,Chr 8,NC_091558.1,163896at6656,37424302.0,37425089.0,+
GCF_042767895.1,Chr 26,NC_091582.1,164354at6656,21653411.0,21657542.0,+
GCF_042767895.1,Chr 4,NC_091579.1,164512at6656,3214734.0,3213970.0,-
GCF_042767895.1,Chr 9,NC_091550.1,165207at6656,21050583.0,21043602.0,-
GCF_042767895.1,Chr 13,NC_091568.1,165493at6656,15257690.0,15259460.0,+
GCF_042767895.1,Chr 8,NC_091558.1,166476at6656,20760959.0,20762251.0,+
GCF_042767895.1,Chr 17,NC_091566.1,166479at6656,7269899.0,7271178.0,+
GCF_042767895.1,Chr 30,NC_091576.1,166485at6656,33660019.0,33659587.0,-
